STARTTID;SLUTTID;PRISOMRÅDE;FORBRUKSGRUPPE;VOLUM_KWH;ANTALL_MÅLEPUNKT
2026-01-01 00:00:00+01:00;2026-01-01T01:00:00+01:00;NO1;Husholdning;2497283,389;1119929
2026-01-01 00:00:00+01:00;2026-01-01T01:00:00+01:00;NO2;Husholdning;1638764,12;632563
2026-01-01 00:00:00+01:00;2026-01-01T01:00:00+01:00;NO3;Husholdning;894783,546;410028
2026-01-01 00:00:00+01:00;2026-01-01T01:00:00+01:00;NO4;Husholdning;824119,312;246455
2026-01-01 00:00:00+01:00;2026-01-01T01:00:00+01:00;NO5;Husholdning;537474,549;260296
2026-01-01 01:00:00+01:00;2026-01-01T02:00:00+01:00;NO1;Husholdning;2486603,05;1119929
2026-01-01 01:00:00+01:00;2026-01-01T02:00:00+01:00;NO2;Husholdning;1717157,537;632563
2026-01-01 01:00:00+01:00;2026-01-01T02:00:00+01:00;NO3;Husholdning;898378,255;410028
2026-01-01 01:00:00+01:00;2026-01-01T02:00:00+01:00;NO4;Husholdning;829303,673;246455
2026-01-01 01:00:00+01:00;2026-01-01T02:00:00+01:00;NO5;Husholdning;541817,523;260296
2026-01-01 02:00:00+01:00;2026-01-01T03:00:00+01:00;NO1;Husholdning;2433811,516;1119929
2026-01-01 02:00:00+01:00;2026-01-01T03:00:00+01:00;NO2;Husholdning;1694647,727;632563
2026-01-01 02:00:00+01:00;2026-01-01T03:00:00+01:00;NO3;Husholdning;885609,389;410028
2026-01-01 02:00:00+01:00;2026-01-01T03:00:00+01:00;NO4;Husholdning;821837,234;246455
2026-01-01 02:00:00+01:00;2026-01-01T03:00:00+01:00;NO5;Husholdning;535679,98;260296
2026-01-01 03:00:00+01:00;2026-01-01T04:00:00+01:00;NO1;Husholdning;2360987,142;1119929
2026-01-01 03:00:00+01:00;2026-01-01T04:00:00+01:00;NO2;Husholdning;1658283,23;632563
2026-01-01 03:00:00+01:00;2026-01-01T04:00:00+01:00;NO3;Husholdning;869997,694;410028
2026-01-01 03:00:00+01:00;2026-01-01T04:00:00+01:00;NO4;Husholdning;810520,748;246455
2026-01-01 03:00:00+01:00;2026-01-01T04:00:00+01:00;NO5;Husholdning;525549,315;260296
2026-01-01 04:00:00+01:00;2026-01-01T05:00:00+01:00;NO1;Husholdning;2309970,535;1119929
2026-01-01 04:00:00+01:00;2026-01-01T05:00:00+01:00;NO2;Husholdning;1632394,094;632563
2026-01-01 04:00:00+01:00;2026-01-01T05:00:00+01:00;NO3;Husholdning;858446,411;410028
2026-01-01 04:00:00+01:00;2026-01-01T05:00:00+01:00;NO4;Husholdning;802155,283;246455
2026-01-01 04:00:00+01:00;2026-01-01T05:00:00+01:00;NO5;Husholdning;514847,077;260296
2026-01-01 05:00:00+01:00;2026-01-01T06:00:00+01:00;NO1;Husholdning;2287507,387;1119929
2026-01-01 05:00:00+01:00;2026-01-01T06:00:00+01:00;NO2;Husholdning;1623039,822;632563
2026-01-01 05:00:00+01:00;2026-01-01T06:00:00+01:00;NO3;Husholdning;854222,473;410028
2026-01-01 05:00:00+01:00;2026-01-01T06:00:00+01:00;NO4;Husholdning;798794,827;246455
2026-01-01 05:00:00+01:00;2026-01-01T06:00:00+01:00;NO5;Husholdning;512200,354;260296
2026-01-01 06:00:00+01:00;2026-01-01T07:00:00+01:00;NO1;Husholdning;2292820,628;1119929
2026-01-01 06:00:00+01:00;2026-01-01T07:00:00+01:00;NO2;Husholdning;1627625,225;632563
2026-01-01 06:00:00+01:00;2026-01-01T07:00:00+01:00;NO3;Husholdning;856540,305;410028
2026-01-01 06:00:00+01:00;2026-01-01T07:00:00+01:00;NO4;Husholdning;801076,906;246455
2026-01-01 06:00:00+01:00;2026-01-01T07:00:00+01:00;NO5;Husholdning;514921,259;260296
2026-01-01 07:00:00+01:00;2026-01-01T08:00:00+01:00;NO1;Husholdning;2304763,834;1119929
2026-01-01 07:00:00+01:00;2026-01-01T08:00:00+01:00;NO2;Husholdning;1640284,835;632563
2026-01-01 07:00:00+01:00;2026-01-01T08:00:00+01:00;NO3;Husholdning;865224,478;410028
2026-01-01 07:00:00+01:00;2026-01-01T08:00:00+01:00;NO4;Husholdning;808022,463;246455
2026-01-01 07:00:00+01:00;2026-01-01T08:00:00+01:00;NO5;Husholdning;519800,967;260296
2026-01-01 08:00:00+01:00;2026-01-01T09:00:00+01:00;NO1;Husholdning;2339733,43;1119929
2026-01-01 08:00:00+01:00;2026-01-01T09:00:00+01:00;NO2;Husholdning;1669327,07;632563
2026-01-01 08:00:00+01:00;2026-01-01T09:00:00+01:00;NO3;Husholdning;884799,826;410028
2026-01-01 08:00:00+01:00;2026-01-01T09:00:00+01:00;NO4;Husholdning;817985,185;246455
2026-01-01 08:00:00+01:00;2026-01-01T09:00:00+01:00;NO5;Husholdning;529057,106;260296
2026-01-01 09:00:00+01:00;2026-01-01T10:00:00+01:00;NO1;Husholdning;2431358,565;1119929
2026-01-01 09:00:00+01:00;2026-01-01T10:00:00+01:00;NO2;Husholdning;1730745,038;632563
2026-01-01 09:00:00+01:00;2026-01-01T10:00:00+01:00;NO3;Husholdning;927523,44;410028
2026-01-01 09:00:00+01:00;2026-01-01T10:00:00+01:00;NO4;Husholdning;839289,489;246455
2026-01-01 09:00:00+01:00;2026-01-01T10:00:00+01:00;NO5;Husholdning;550983,255;260296
2026-01-01 10:00:00+01:00;2026-01-01T11:00:00+01:00;NO1;Husholdning;2549998,725;1119929
2026-01-01 10:00:00+01:00;2026-01-01T11:00:00+01:00;NO2;Husholdning;1800573,837;632563
2026-01-01 10:00:00+01:00;2026-01-01T11:00:00+01:00;NO3;Husholdning;977041,48;410028
2026-01-01 10:00:00+01:00;2026-01-01T11:00:00+01:00;NO4;Husholdning;866814,841;246455
2026-01-01 10:00:00+01:00;2026-01-01T11:00:00+01:00;NO5;Husholdning;581920,014;260296
2026-01-01 11:00:00+01:00;2026-01-01T12:00:00+01:00;NO1;Husholdning;2637998,721;1119929
2026-01-01 11:00:00+01:00;2026-01-01T12:00:00+01:00;NO2;Husholdning;1847089,651;632563
2026-01-01 11:00:00+01:00;2026-01-01T12:00:00+01:00;NO3;Husholdning;1012901,0;410028
2026-01-01 11:00:00+01:00;2026-01-01T12:00:00+01:00;NO4;Husholdning;885889,519;246455
2026-01-01 11:00:00+01:00;2026-01-01T12:00:00+01:00;NO5;Husholdning;601933,215;260296
2026-01-01 12:00:00+01:00;2026-01-01T13:00:00+01:00;NO1;Husholdning;2689294,996;1119929
2026-01-01 12:00:00+01:00;2026-01-01T13:00:00+01:00;NO2;Husholdning;1863448,236;632563
2026-01-01 12:00:00+01:00;2026-01-01T13:00:00+01:00;NO3;Husholdning;1036010,448;410028
2026-01-01 12:00:00+01:00;2026-01-01T13:00:00+01:00;NO4;Husholdning;902063,704;246455
2026-01-01 12:00:00+01:00;2026-01-01T13:00:00+01:00;NO5;Husholdning;615655,724;260296
2026-01-01 13:00:00+01:00;2026-01-01T14:00:00+01:00;NO1;Husholdning;2713715,226;1119929
2026-01-01 13:00:00+01:00;2026-01-01T14:00:00+01:00;NO2;Husholdning;1870950,141;632563
2026-01-01 13:00:00+01:00;2026-01-01T14:00:00+01:00;NO3;Husholdning;1047862,01;410028
2026-01-01 13:00:00+01:00;2026-01-01T14:00:00+01:00;NO4;Husholdning;913467,054;246455
2026-01-01 13:00:00+01:00;2026-01-01T14:00:00+01:00;NO5;Husholdning;617954,148;260296
2026-01-01 14:00:00+01:00;2026-01-01T15:00:00+01:00;NO1;Husholdning;2754099,535;1119929
2026-01-01 14:00:00+01:00;2026-01-01T15:00:00+01:00;NO2;Husholdning;1893656,484;632563
2026-01-01 14:00:00+01:00;2026-01-01T15:00:00+01:00;NO3;Husholdning;1071313,575;410028
2026-01-01 14:00:00+01:00;2026-01-01T15:00:00+01:00;NO4;Husholdning;931597,859;246455
2026-01-01 14:00:00+01:00;2026-01-01T15:00:00+01:00;NO5;Husholdning;621561,065;260296
2026-01-01 15:00:00+01:00;2026-01-01T16:00:00+01:00;NO1;Husholdning;2850664,453;1119929
2026-01-01 15:00:00+01:00;2026-01-01T16:00:00+01:00;NO2;Husholdning;1758968,365;632563
2026-01-01 15:00:00+01:00;2026-01-01T16:00:00+01:00;NO3;Husholdning;1108990,789;410028
2026-01-01 15:00:00+01:00;2026-01-01T16:00:00+01:00;NO4;Husholdning;947945,102;246455
2026-01-01 15:00:00+01:00;2026-01-01T16:00:00+01:00;NO5;Husholdning;641931,768;260296
2026-01-01 16:00:00+01:00;2026-01-01T17:00:00+01:00;NO1;Husholdning;2969791,086;1119929
2026-01-01 16:00:00+01:00;2026-01-01T17:00:00+01:00;NO2;Husholdning;1703141,543;632563
2026-01-01 16:00:00+01:00;2026-01-01T17:00:00+01:00;NO3;Husholdning;1137704,076;410028
2026-01-01 16:00:00+01:00;2026-01-01T17:00:00+01:00;NO4;Husholdning;954997,77;246455
2026-01-01 16:00:00+01:00;2026-01-01T17:00:00+01:00;NO5;Husholdning;669968,901;260296
2026-01-01 17:00:00+01:00;2026-01-01T18:00:00+01:00;NO1;Husholdning;3012169,901;1119929
2026-01-01 17:00:00+01:00;2026-01-01T18:00:00+01:00;NO2;Husholdning;1725377,05;632563
2026-01-01 17:00:00+01:00;2026-01-01T18:00:00+01:00;NO3;Husholdning;1140103,288;410028
2026-01-01 17:00:00+01:00;2026-01-01T18:00:00+01:00;NO4;Husholdning;953783,944;246455
2026-01-01 17:00:00+01:00;2026-01-01T18:00:00+01:00;NO5;Husholdning;677498,604;260296
2026-01-01 18:00:00+01:00;2026-01-01T19:00:00+01:00;NO1;Husholdning;3010328,232;1119929
2026-01-01 18:00:00+01:00;2026-01-01T19:00:00+01:00;NO2;Husholdning;1721705,128;632563
2026-01-01 18:00:00+01:00;2026-01-01T19:00:00+01:00;NO3;Husholdning;1135029,119;410028
2026-01-01 18:00:00+01:00;2026-01-01T19:00:00+01:00;NO4;Husholdning;948893,347;246455
2026-01-01 18:00:00+01:00;2026-01-01T19:00:00+01:00;NO5;Husholdning;675538,013;260296
2026-01-01 19:00:00+01:00;2026-01-01T20:00:00+01:00;NO1;Husholdning;2975871,863;1119929
2026-01-01 19:00:00+01:00;2026-01-01T20:00:00+01:00;NO2;Husholdning;1702485,988;632563
2026-01-01 19:00:00+01:00;2026-01-01T20:00:00+01:00;NO3;Husholdning;1125162,711;410028
2026-01-01 19:00:00+01:00;2026-01-01T20:00:00+01:00;NO4;Husholdning;944770,242;246455
2026-01-01 19:00:00+01:00;2026-01-01T20:00:00+01:00;NO5;Husholdning;670346,85;260296
2026-01-01 20:00:00+01:00;2026-01-01T21:00:00+01:00;NO1;Husholdning;2925472,561;1119929
2026-01-01 20:00:00+01:00;2026-01-01T21:00:00+01:00;NO2;Husholdning;1679161,551;632563
2026-01-01 20:00:00+01:00;2026-01-01T21:00:00+01:00;NO3;Husholdning;1114396,387;410028
2026-01-01 20:00:00+01:00;2026-01-01T21:00:00+01:00;NO4;Husholdning;939430,11;246455
2026-01-01 20:00:00+01:00;2026-01-01T21:00:00+01:00;NO5;Husholdning;664182,181;260296
2026-01-01 21:00:00+01:00;2026-01-01T22:00:00+01:00;NO1;Husholdning;2872166,071;1119929
2026-01-01 21:00:00+01:00;2026-01-01T22:00:00+01:00;NO2;Husholdning;1655319,996;632563
2026-01-01 21:00:00+01:00;2026-01-01T22:00:00+01:00;NO3;Husholdning;1103891,881;410028
2026-01-01 21:00:00+01:00;2026-01-01T22:00:00+01:00;NO4;Husholdning;932527,194;246455
2026-01-01 21:00:00+01:00;2026-01-01T22:00:00+01:00;NO5;Husholdning;656107,133;260296
2026-01-01 22:00:00+01:00;2026-01-01T23:00:00+01:00;NO1;Husholdning;2809323,87;1119929
2026-01-01 22:00:00+01:00;2026-01-01T23:00:00+01:00;NO2;Husholdning;1710032,1;632563
2026-01-01 22:00:00+01:00;2026-01-01T23:00:00+01:00;NO3;Husholdning;1093930,607;410028
2026-01-01 22:00:00+01:00;2026-01-01T23:00:00+01:00;NO4;Husholdning;923414,416;246455
2026-01-01 22:00:00+01:00;2026-01-01T23:00:00+01:00;NO5;Husholdning;643527,676;260296
2026-01-01 23:00:00+01:00;2026-01-02T00:00:00+01:00;NO1;Husholdning;2713114,534;1119929
2026-01-01 23:00:00+01:00;2026-01-02T00:00:00+01:00;NO2;Husholdning;1877936,617;632563
2026-01-01 23:00:00+01:00;2026-01-02T00:00:00+01:00;NO3;Husholdning;1067890,7;410028
2026-01-01 23:00:00+01:00;2026-01-02T00:00:00+01:00;NO4;Husholdning;905472,697;246455
2026-01-01 23:00:00+01:00;2026-01-02T00:00:00+01:00;NO5;Husholdning;621185,209;260296
2026-01-02 00:00:00+01:00;2026-01-02T01:00:00+01:00;NO1;Husholdning;2611052,644;1119939
2026-01-02 00:00:00+01:00;2026-01-02T01:00:00+01:00;NO2;Husholdning;1810531,774;632571
2026-01-02 00:00:00+01:00;2026-01-02T01:00:00+01:00;NO3;Husholdning;1023778,786;410039
2026-01-02 00:00:00+01:00;2026-01-02T01:00:00+01:00;NO4;Husholdning;880570,048;246456
2026-01-02 00:00:00+01:00;2026-01-02T01:00:00+01:00;NO5;Husholdning;592398,264;260300
2026-01-02 01:00:00+01:00;2026-01-02T02:00:00+01:00;NO1;Husholdning;2533785,631;1119939
2026-01-02 01:00:00+01:00;2026-01-02T02:00:00+01:00;NO2;Husholdning;1761823,977;632571
2026-01-02 01:00:00+01:00;2026-01-02T02:00:00+01:00;NO3;Husholdning;988546,763;410039
2026-01-02 01:00:00+01:00;2026-01-02T02:00:00+01:00;NO4;Husholdning;856610,881;246456
2026-01-02 01:00:00+01:00;2026-01-02T02:00:00+01:00;NO5;Husholdning;569393,66;260300
2026-01-02 02:00:00+01:00;2026-01-02T03:00:00+01:00;NO1;Husholdning;2497051,898;1119939
2026-01-02 02:00:00+01:00;2026-01-02T03:00:00+01:00;NO2;Husholdning;1735624,729;632571
2026-01-02 02:00:00+01:00;2026-01-02T03:00:00+01:00;NO3;Husholdning;968149,28;410039
2026-01-02 02:00:00+01:00;2026-01-02T03:00:00+01:00;NO4;Husholdning;840368,431;246456
2026-01-02 02:00:00+01:00;2026-01-02T03:00:00+01:00;NO5;Husholdning;559688,732;260300
2026-01-02 03:00:00+01:00;2026-01-02T04:00:00+01:00;NO1;Husholdning;2485060,979;1119939
2026-01-02 03:00:00+01:00;2026-01-02T04:00:00+01:00;NO2;Husholdning;1724140,623;632571
2026-01-02 03:00:00+01:00;2026-01-02T04:00:00+01:00;NO3;Husholdning;958636,602;410039
2026-01-02 03:00:00+01:00;2026-01-02T04:00:00+01:00;NO4;Husholdning;828778,99;246456
2026-01-02 03:00:00+01:00;2026-01-02T04:00:00+01:00;NO5;Husholdning;554586,067;260300
2026-01-02 04:00:00+01:00;2026-01-02T05:00:00+01:00;NO1;Husholdning;2488086,94;1119939
2026-01-02 04:00:00+01:00;2026-01-02T05:00:00+01:00;NO2;Husholdning;1719451,959;632571
2026-01-02 04:00:00+01:00;2026-01-02T05:00:00+01:00;NO3;Husholdning;953099,762;410039
2026-01-02 04:00:00+01:00;2026-01-02T05:00:00+01:00;NO4;Husholdning;822636,437;246456
2026-01-02 04:00:00+01:00;2026-01-02T05:00:00+01:00;NO5;Husholdning;554569,422;260300
2026-01-02 05:00:00+01:00;2026-01-02T06:00:00+01:00;NO1;Husholdning;2522819,211;1119939
2026-01-02 05:00:00+01:00;2026-01-02T06:00:00+01:00;NO2;Husholdning;1739787,81;632571
2026-01-02 05:00:00+01:00;2026-01-02T06:00:00+01:00;NO3;Husholdning;954792,066;410039
2026-01-02 05:00:00+01:00;2026-01-02T06:00:00+01:00;NO4;Husholdning;822716,142;246456
2026-01-02 05:00:00+01:00;2026-01-02T06:00:00+01:00;NO5;Husholdning;561117,779;260300
2026-01-02 06:00:00+01:00;2026-01-02T07:00:00+01:00;NO1;Husholdning;2610365,688;1119939
2026-01-02 06:00:00+01:00;2026-01-02T07:00:00+01:00;NO2;Husholdning;1791843,546;632571
2026-01-02 06:00:00+01:00;2026-01-02T07:00:00+01:00;NO3;Husholdning;977462,441;410039
2026-01-02 06:00:00+01:00;2026-01-02T07:00:00+01:00;NO4;Husholdning;833050,957;246456
2026-01-02 06:00:00+01:00;2026-01-02T07:00:00+01:00;NO5;Husholdning;576266,592;260300
2026-01-02 07:00:00+01:00;2026-01-02T08:00:00+01:00;NO1;Husholdning;2710298,873;1119939
2026-01-02 07:00:00+01:00;2026-01-02T08:00:00+01:00;NO2;Husholdning;1665726,444;632571
2026-01-02 07:00:00+01:00;2026-01-02T08:00:00+01:00;NO3;Husholdning;1009583,284;410039
2026-01-02 07:00:00+01:00;2026-01-02T08:00:00+01:00;NO4;Husholdning;852696,307;246456
2026-01-02 07:00:00+01:00;2026-01-02T08:00:00+01:00;NO5;Husholdning;595619,862;260300
2026-01-02 08:00:00+01:00;2026-01-02T09:00:00+01:00;NO1;Husholdning;2800794,147;1119939
2026-01-02 08:00:00+01:00;2026-01-02T09:00:00+01:00;NO2;Husholdning;1596097,822;632571
2026-01-02 08:00:00+01:00;2026-01-02T09:00:00+01:00;NO3;Husholdning;1036674,198;410039
2026-01-02 08:00:00+01:00;2026-01-02T09:00:00+01:00;NO4;Husholdning;862170,702;246456
2026-01-02 08:00:00+01:00;2026-01-02T09:00:00+01:00;NO5;Husholdning;616778,686;260300
2026-01-02 09:00:00+01:00;2026-01-02T10:00:00+01:00;NO1;Husholdning;2907234,971;1119939
2026-01-02 09:00:00+01:00;2026-01-02T10:00:00+01:00;NO2;Husholdning;1663333,4;632571
2026-01-02 09:00:00+01:00;2026-01-02T10:00:00+01:00;NO3;Husholdning;1073907,809;410039
2026-01-02 09:00:00+01:00;2026-01-02T10:00:00+01:00;NO4;Husholdning;876429,786;246456
2026-01-02 09:00:00+01:00;2026-01-02T10:00:00+01:00;NO5;Husholdning;642401,713;260300
2026-01-02 10:00:00+01:00;2026-01-02T11:00:00+01:00;NO1;Husholdning;3001987,629;1119939
2026-01-02 10:00:00+01:00;2026-01-02T11:00:00+01:00;NO2;Husholdning;1714019,643;632571
2026-01-02 10:00:00+01:00;2026-01-02T11:00:00+01:00;NO3;Husholdning;1101569,297;410039
2026-01-02 10:00:00+01:00;2026-01-02T11:00:00+01:00;NO4;Husholdning;889179,376;246456
2026-01-02 10:00:00+01:00;2026-01-02T11:00:00+01:00;NO5;Husholdning;664016,728;260300
2026-01-02 11:00:00+01:00;2026-01-02T12:00:00+01:00;NO1;Husholdning;3059589,256;1119939
2026-01-02 11:00:00+01:00;2026-01-02T12:00:00+01:00;NO2;Husholdning;1742112,914;632571
2026-01-02 11:00:00+01:00;2026-01-02T12:00:00+01:00;NO3;Husholdning;1121167,27;410039
2026-01-02 11:00:00+01:00;2026-01-02T12:00:00+01:00;NO4;Husholdning;900914,552;246456
2026-01-02 11:00:00+01:00;2026-01-02T12:00:00+01:00;NO5;Husholdning;672823,985;260300
2026-01-02 12:00:00+01:00;2026-01-02T13:00:00+01:00;NO1;Husholdning;3079391,747;1119939
2026-01-02 12:00:00+01:00;2026-01-02T13:00:00+01:00;NO2;Husholdning;1742146,537;632571
2026-01-02 12:00:00+01:00;2026-01-02T13:00:00+01:00;NO3;Husholdning;1120989,726;410039
2026-01-02 12:00:00+01:00;2026-01-02T13:00:00+01:00;NO4;Husholdning;898857,906;246456
2026-01-02 12:00:00+01:00;2026-01-02T13:00:00+01:00;NO5;Husholdning;666637,016;260300
2026-01-02 13:00:00+01:00;2026-01-02T14:00:00+01:00;NO1;Husholdning;3091169,055;1119939
2026-01-02 13:00:00+01:00;2026-01-02T14:00:00+01:00;NO2;Husholdning;1738235,921;632571
2026-01-02 13:00:00+01:00;2026-01-02T14:00:00+01:00;NO3;Husholdning;1132110,606;410039
2026-01-02 13:00:00+01:00;2026-01-02T14:00:00+01:00;NO4;Husholdning;907424,256;246456
2026-01-02 13:00:00+01:00;2026-01-02T14:00:00+01:00;NO5;Husholdning;659969,707;260300
2026-01-02 14:00:00+01:00;2026-01-02T15:00:00+01:00;NO1;Husholdning;3125725,624;1119939
2026-01-02 14:00:00+01:00;2026-01-02T15:00:00+01:00;NO2;Husholdning;1753124,585;632571
2026-01-02 14:00:00+01:00;2026-01-02T15:00:00+01:00;NO3;Husholdning;1151512,193;410039
2026-01-02 14:00:00+01:00;2026-01-02T15:00:00+01:00;NO4;Husholdning;919648,771;246456
2026-01-02 14:00:00+01:00;2026-01-02T15:00:00+01:00;NO5;Husholdning;668407,138;260300
2026-01-02 15:00:00+01:00;2026-01-02T16:00:00+01:00;NO1;Husholdning;3215845,408;1119939
2026-01-02 15:00:00+01:00;2026-01-02T16:00:00+01:00;NO2;Husholdning;1811074,967;632571
2026-01-02 15:00:00+01:00;2026-01-02T16:00:00+01:00;NO3;Husholdning;1199191,569;410039
2026-01-02 15:00:00+01:00;2026-01-02T16:00:00+01:00;NO4;Husholdning;937152,421;246456
2026-01-02 15:00:00+01:00;2026-01-02T16:00:00+01:00;NO5;Husholdning;698842,004;260300
2026-01-02 16:00:00+01:00;2026-01-02T17:00:00+01:00;NO1;Husholdning;3360551,574;1119939
2026-01-02 16:00:00+01:00;2026-01-02T17:00:00+01:00;NO2;Husholdning;1904097,732;632571
2026-01-02 16:00:00+01:00;2026-01-02T17:00:00+01:00;NO3;Husholdning;1249195,984;410039
2026-01-02 16:00:00+01:00;2026-01-02T17:00:00+01:00;NO4;Husholdning;950440,792;246456
2026-01-02 16:00:00+01:00;2026-01-02T17:00:00+01:00;NO5;Husholdning;740682,773;260300
2026-01-02 17:00:00+01:00;2026-01-02T18:00:00+01:00;NO1;Husholdning;3431881,737;1119939
2026-01-02 17:00:00+01:00;2026-01-02T18:00:00+01:00;NO2;Husholdning;1949831,955;632571
2026-01-02 17:00:00+01:00;2026-01-02T18:00:00+01:00;NO3;Husholdning;1264602,631;410039
2026-01-02 17:00:00+01:00;2026-01-02T18:00:00+01:00;NO4;Husholdning;948783,904;246456
2026-01-02 17:00:00+01:00;2026-01-02T18:00:00+01:00;NO5;Husholdning;760093,862;260300
2026-01-02 18:00:00+01:00;2026-01-02T19:00:00+01:00;NO1;Husholdning;3437717,716;1119939
2026-01-02 18:00:00+01:00;2026-01-02T19:00:00+01:00;NO2;Husholdning;1961030,876;632571
2026-01-02 18:00:00+01:00;2026-01-02T19:00:00+01:00;NO3;Husholdning;1265330,38;410039
2026-01-02 18:00:00+01:00;2026-01-02T19:00:00+01:00;NO4;Husholdning;944600,54;246456
2026-01-02 18:00:00+01:00;2026-01-02T19:00:00+01:00;NO5;Husholdning;766364,274;260300
2026-01-02 19:00:00+01:00;2026-01-02T20:00:00+01:00;NO1;Husholdning;3409064,704;1119939
2026-01-02 19:00:00+01:00;2026-01-02T20:00:00+01:00;NO2;Husholdning;1947595,2;632571
2026-01-02 19:00:00+01:00;2026-01-02T20:00:00+01:00;NO3;Husholdning;1259244,753;410039
2026-01-02 19:00:00+01:00;2026-01-02T20:00:00+01:00;NO4;Husholdning;938738,829;246456
2026-01-02 19:00:00+01:00;2026-01-02T20:00:00+01:00;NO5;Husholdning;766039,834;260300
2026-01-02 20:00:00+01:00;2026-01-02T21:00:00+01:00;NO1;Husholdning;3344935,512;1119939
2026-01-02 20:00:00+01:00;2026-01-02T21:00:00+01:00;NO2;Husholdning;1915940,3;632571
2026-01-02 20:00:00+01:00;2026-01-02T21:00:00+01:00;NO3;Husholdning;1243831,083;410039
2026-01-02 20:00:00+01:00;2026-01-02T21:00:00+01:00;NO4;Husholdning;931007,473;246456
2026-01-02 20:00:00+01:00;2026-01-02T21:00:00+01:00;NO5;Husholdning;758666,222;260300
2026-01-02 21:00:00+01:00;2026-01-02T22:00:00+01:00;NO1;Husholdning;3274296,077;1119939
2026-01-02 21:00:00+01:00;2026-01-02T22:00:00+01:00;NO2;Husholdning;1878826,847;632571
2026-01-02 21:00:00+01:00;2026-01-02T22:00:00+01:00;NO3;Husholdning;1223146,675;410039
2026-01-02 21:00:00+01:00;2026-01-02T22:00:00+01:00;NO4;Husholdning;918247,321;246456
2026-01-02 21:00:00+01:00;2026-01-02T22:00:00+01:00;NO5;Husholdning;748053,724;260300
2026-01-02 22:00:00+01:00;2026-01-02T23:00:00+01:00;NO1;Husholdning;3222216,502;1119939
2026-01-02 22:00:00+01:00;2026-01-02T23:00:00+01:00;NO2;Husholdning;1853541,953;632571
2026-01-02 22:00:00+01:00;2026-01-02T23:00:00+01:00;NO3;Husholdning;1201879,174;410039
2026-01-02 22:00:00+01:00;2026-01-02T23:00:00+01:00;NO4;Husholdning;908535,192;246456
2026-01-02 22:00:00+01:00;2026-01-02T23:00:00+01:00;NO5;Husholdning;737455,732;260300
2026-01-02 23:00:00+01:00;2026-01-03T00:00:00+01:00;NO1;Husholdning;3136924,177;1119939
2026-01-02 23:00:00+01:00;2026-01-03T00:00:00+01:00;NO2;Husholdning;1816694,711;632571
2026-01-02 23:00:00+01:00;2026-01-03T00:00:00+01:00;NO3;Husholdning;1170908,508;410039
2026-01-02 23:00:00+01:00;2026-01-03T00:00:00+01:00;NO4;Husholdning;892136,724;246456
2026-01-02 23:00:00+01:00;2026-01-03T00:00:00+01:00;NO5;Husholdning;720138,366;260300
2026-01-03 00:00:00+01:00;2026-01-03T01:00:00+01:00;NO1;Husholdning;3031842,149;1119939
2026-01-03 00:00:00+01:00;2026-01-03T01:00:00+01:00;NO2;Husholdning;1761759,79;632572
2026-01-03 00:00:00+01:00;2026-01-03T01:00:00+01:00;NO3;Husholdning;1133882,353;410040
2026-01-03 00:00:00+01:00;2026-01-03T01:00:00+01:00;NO4;Husholdning;868691,886;246456
2026-01-03 00:00:00+01:00;2026-01-03T01:00:00+01:00;NO5;Husholdning;696347,092;260300
2026-01-03 01:00:00+01:00;2026-01-03T02:00:00+01:00;NO1;Husholdning;2928685,26;1119939
2026-01-03 01:00:00+01:00;2026-01-03T02:00:00+01:00;NO2;Husholdning;1708204,152;632572
2026-01-03 01:00:00+01:00;2026-01-03T02:00:00+01:00;NO3;Husholdning;1098197,55;410040
2026-01-03 01:00:00+01:00;2026-01-03T02:00:00+01:00;NO4;Husholdning;841776,383;246456
2026-01-03 01:00:00+01:00;2026-01-03T02:00:00+01:00;NO5;Husholdning;670920,304;260300
2026-01-03 02:00:00+01:00;2026-01-03T03:00:00+01:00;NO1;Husholdning;2859556,199;1119939
2026-01-03 02:00:00+01:00;2026-01-03T03:00:00+01:00;NO2;Husholdning;1672719,806;632572
2026-01-03 02:00:00+01:00;2026-01-03T03:00:00+01:00;NO3;Husholdning;1069858,671;410040
2026-01-03 02:00:00+01:00;2026-01-03T03:00:00+01:00;NO4;Husholdning;822701,794;246456
2026-01-03 02:00:00+01:00;2026-01-03T03:00:00+01:00;NO5;Husholdning;652677,388;260300
2026-01-03 03:00:00+01:00;2026-01-03T04:00:00+01:00;NO1;Husholdning;2816401,975;1119939
2026-01-03 03:00:00+01:00;2026-01-03T04:00:00+01:00;NO2;Husholdning;1654631,377;632572
2026-01-03 03:00:00+01:00;2026-01-03T04:00:00+01:00;NO3;Husholdning;1060082,673;410040
2026-01-03 03:00:00+01:00;2026-01-03T04:00:00+01:00;NO4;Husholdning;809111,173;246456
2026-01-03 03:00:00+01:00;2026-01-03T04:00:00+01:00;NO5;Husholdning;643800,947;260300
2026-01-03 04:00:00+01:00;2026-01-03T05:00:00+01:00;NO1;Husholdning;2792575,002;1119939
2026-01-03 04:00:00+01:00;2026-01-03T05:00:00+01:00;NO2;Husholdning;1645303,527;632572
2026-01-03 04:00:00+01:00;2026-01-03T05:00:00+01:00;NO3;Husholdning;1055190,049;410040
2026-01-03 04:00:00+01:00;2026-01-03T05:00:00+01:00;NO4;Husholdning;802272,876;246456
2026-01-03 04:00:00+01:00;2026-01-03T05:00:00+01:00;NO5;Husholdning;635268,589;260300
2026-01-03 05:00:00+01:00;2026-01-03T06:00:00+01:00;NO1;Husholdning;2782954,815;1119939
2026-01-03 05:00:00+01:00;2026-01-03T06:00:00+01:00;NO2;Husholdning;1640373,837;632572
2026-01-03 05:00:00+01:00;2026-01-03T06:00:00+01:00;NO3;Husholdning;1055626,909;410040
2026-01-03 05:00:00+01:00;2026-01-03T06:00:00+01:00;NO4;Husholdning;800092,492;246456
2026-01-03 05:00:00+01:00;2026-01-03T06:00:00+01:00;NO5;Husholdning;640623,066;260300
2026-01-03 06:00:00+01:00;2026-01-03T07:00:00+01:00;NO1;Husholdning;2804356,385;1119939
2026-01-03 06:00:00+01:00;2026-01-03T07:00:00+01:00;NO2;Husholdning;1655848,2;632572
2026-01-03 06:00:00+01:00;2026-01-03T07:00:00+01:00;NO3;Husholdning;1065867,314;410040
2026-01-03 06:00:00+01:00;2026-01-03T07:00:00+01:00;NO4;Husholdning;803942,876;246456
2026-01-03 06:00:00+01:00;2026-01-03T07:00:00+01:00;NO5;Husholdning;644927,732;260300
2026-01-03 07:00:00+01:00;2026-01-03T08:00:00+01:00;NO1;Husholdning;2860375,148;1119939
2026-01-03 07:00:00+01:00;2026-01-03T08:00:00+01:00;NO2;Husholdning;1694748,729;632572
2026-01-03 07:00:00+01:00;2026-01-03T08:00:00+01:00;NO3;Husholdning;1086547,773;410040
2026-01-03 07:00:00+01:00;2026-01-03T08:00:00+01:00;NO4;Husholdning;815377,196;246456
2026-01-03 07:00:00+01:00;2026-01-03T08:00:00+01:00;NO5;Husholdning;656225,348;260300
2026-01-03 08:00:00+01:00;2026-01-03T09:00:00+01:00;NO1;Husholdning;2975156,048;1119939
2026-01-03 08:00:00+01:00;2026-01-03T09:00:00+01:00;NO2;Husholdning;1771658,017;632572
2026-01-03 08:00:00+01:00;2026-01-03T09:00:00+01:00;NO3;Husholdning;1129881,625;410040
2026-01-03 08:00:00+01:00;2026-01-03T09:00:00+01:00;NO4;Husholdning;837741,588;246456
2026-01-03 08:00:00+01:00;2026-01-03T09:00:00+01:00;NO5;Husholdning;682583,007;260300
2026-01-03 09:00:00+01:00;2026-01-03T10:00:00+01:00;NO1;Husholdning;3115373,605;1119939
2026-01-03 09:00:00+01:00;2026-01-03T10:00:00+01:00;NO2;Husholdning;1866615,642;632572
2026-01-03 09:00:00+01:00;2026-01-03T10:00:00+01:00;NO3;Husholdning;1186613,864;410040
2026-01-03 09:00:00+01:00;2026-01-03T10:00:00+01:00;NO4;Husholdning;866997,245;246456
2026-01-03 09:00:00+01:00;2026-01-03T10:00:00+01:00;NO5;Husholdning;718823,254;260300
2026-01-03 10:00:00+01:00;2026-01-03T11:00:00+01:00;NO1;Husholdning;3241192,143;1119939
2026-01-03 10:00:00+01:00;2026-01-03T11:00:00+01:00;NO2;Husholdning;1925990,191;632572
2026-01-03 10:00:00+01:00;2026-01-03T11:00:00+01:00;NO3;Husholdning;1231743,232;410040
2026-01-03 10:00:00+01:00;2026-01-03T11:00:00+01:00;NO4;Husholdning;891904,081;246456
2026-01-03 10:00:00+01:00;2026-01-03T11:00:00+01:00;NO5;Husholdning;747290,986;260300
2026-01-03 11:00:00+01:00;2026-01-03T12:00:00+01:00;NO1;Husholdning;3316653,852;1119939
2026-01-03 11:00:00+01:00;2026-01-03T12:00:00+01:00;NO2;Husholdning;1941524,222;632572
2026-01-03 11:00:00+01:00;2026-01-03T12:00:00+01:00;NO3;Husholdning;1253566,251;410040
2026-01-03 11:00:00+01:00;2026-01-03T12:00:00+01:00;NO4;Husholdning;906119,995;246456
2026-01-03 11:00:00+01:00;2026-01-03T12:00:00+01:00;NO5;Husholdning;758175,664;260300
2026-01-03 12:00:00+01:00;2026-01-03T13:00:00+01:00;NO1;Husholdning;3345540,849;1119939
2026-01-03 12:00:00+01:00;2026-01-03T13:00:00+01:00;NO2;Husholdning;1926127,355;632572
2026-01-03 12:00:00+01:00;2026-01-03T13:00:00+01:00;NO3;Husholdning;1255705,497;410040
2026-01-03 12:00:00+01:00;2026-01-03T13:00:00+01:00;NO4;Husholdning;910152,517;246456
2026-01-03 12:00:00+01:00;2026-01-03T13:00:00+01:00;NO5;Husholdning;751957,65;260300
2026-01-03 13:00:00+01:00;2026-01-03T14:00:00+01:00;NO1;Husholdning;3351624,251;1119939
2026-01-03 13:00:00+01:00;2026-01-03T14:00:00+01:00;NO2;Husholdning;1909840,005;632572
2026-01-03 13:00:00+01:00;2026-01-03T14:00:00+01:00;NO3;Husholdning;1256126,178;410040
2026-01-03 13:00:00+01:00;2026-01-03T14:00:00+01:00;NO4;Husholdning;914556,03;246456
2026-01-03 13:00:00+01:00;2026-01-03T14:00:00+01:00;NO5;Husholdning;745609,608;260300
2026-01-03 14:00:00+01:00;2026-01-03T15:00:00+01:00;NO1;Husholdning;3370350,452;1119939
2026-01-03 14:00:00+01:00;2026-01-03T15:00:00+01:00;NO2;Husholdning;1918619,172;632572
2026-01-03 14:00:00+01:00;2026-01-03T15:00:00+01:00;NO3;Husholdning;1272257,871;410040
2026-01-03 14:00:00+01:00;2026-01-03T15:00:00+01:00;NO4;Husholdning;924644,312;246456
2026-01-03 14:00:00+01:00;2026-01-03T15:00:00+01:00;NO5;Husholdning;747643,497;260300
2026-01-03 15:00:00+01:00;2026-01-03T16:00:00+01:00;NO1;Husholdning;3441584,548;1119939
2026-01-03 15:00:00+01:00;2026-01-03T16:00:00+01:00;NO2;Husholdning;1960956,053;632572
2026-01-03 15:00:00+01:00;2026-01-03T16:00:00+01:00;NO3;Husholdning;1308387,588;410040
2026-01-03 15:00:00+01:00;2026-01-03T16:00:00+01:00;NO4;Husholdning;936986,21;246456
2026-01-03 15:00:00+01:00;2026-01-03T16:00:00+01:00;NO5;Husholdning;769975,609;260300
2026-01-03 16:00:00+01:00;2026-01-03T17:00:00+01:00;NO1;Husholdning;3540006,537;1119939
2026-01-03 16:00:00+01:00;2026-01-03T17:00:00+01:00;NO2;Husholdning;2038594,188;632572
2026-01-03 16:00:00+01:00;2026-01-03T17:00:00+01:00;NO3;Husholdning;1349742,884;410040
2026-01-03 16:00:00+01:00;2026-01-03T17:00:00+01:00;NO4;Husholdning;945634,571;246456
2026-01-03 16:00:00+01:00;2026-01-03T17:00:00+01:00;NO5;Husholdning;804115,85;260300
2026-01-03 17:00:00+01:00;2026-01-03T18:00:00+01:00;NO1;Husholdning;3609014,653;1119939
2026-01-03 17:00:00+01:00;2026-01-03T18:00:00+01:00;NO2;Husholdning;2095543,921;632572
2026-01-03 17:00:00+01:00;2026-01-03T18:00:00+01:00;NO3;Husholdning;1373156,362;410040
2026-01-03 17:00:00+01:00;2026-01-03T18:00:00+01:00;NO4;Husholdning;948980,061;246456
2026-01-03 17:00:00+01:00;2026-01-03T18:00:00+01:00;NO5;Husholdning;826261,142;260300
2026-01-03 18:00:00+01:00;2026-01-03T19:00:00+01:00;NO1;Husholdning;3623545,164;1119939
2026-01-03 18:00:00+01:00;2026-01-03T19:00:00+01:00;NO2;Husholdning;2120540,303;632572
2026-01-03 18:00:00+01:00;2026-01-03T19:00:00+01:00;NO3;Husholdning;1386145,482;410040
2026-01-03 18:00:00+01:00;2026-01-03T19:00:00+01:00;NO4;Husholdning;949882,449;246456
2026-01-03 18:00:00+01:00;2026-01-03T19:00:00+01:00;NO5;Husholdning;836191,931;260300
2026-01-03 19:00:00+01:00;2026-01-03T20:00:00+01:00;NO1;Husholdning;3573059,569;1119939
2026-01-03 19:00:00+01:00;2026-01-03T20:00:00+01:00;NO2;Husholdning;2093788,007;632572
2026-01-03 19:00:00+01:00;2026-01-03T20:00:00+01:00;NO3;Husholdning;1376734,26;410040
2026-01-03 19:00:00+01:00;2026-01-03T20:00:00+01:00;NO4;Husholdning;945393,53;246456
2026-01-03 19:00:00+01:00;2026-01-03T20:00:00+01:00;NO5;Husholdning;833871,506;260300
2026-01-03 20:00:00+01:00;2026-01-03T21:00:00+01:00;NO1;Husholdning;3486029,01;1119939
2026-01-03 20:00:00+01:00;2026-01-03T21:00:00+01:00;NO2;Husholdning;2040318,495;632572
2026-01-03 20:00:00+01:00;2026-01-03T21:00:00+01:00;NO3;Husholdning;1355703,935;410040
2026-01-03 20:00:00+01:00;2026-01-03T21:00:00+01:00;NO4;Husholdning;933480,509;246456
2026-01-03 20:00:00+01:00;2026-01-03T21:00:00+01:00;NO5;Husholdning;820766,273;260300
2026-01-03 21:00:00+01:00;2026-01-03T22:00:00+01:00;NO1;Husholdning;3403575,171;1119939
2026-01-03 21:00:00+01:00;2026-01-03T22:00:00+01:00;NO2;Husholdning;1992599,855;632572
2026-01-03 21:00:00+01:00;2026-01-03T22:00:00+01:00;NO3;Husholdning;1336276,917;410040
2026-01-03 21:00:00+01:00;2026-01-03T22:00:00+01:00;NO4;Husholdning;917550,442;246456
2026-01-03 21:00:00+01:00;2026-01-03T22:00:00+01:00;NO5;Husholdning;804981,049;260300
2026-01-03 22:00:00+01:00;2026-01-03T23:00:00+01:00;NO1;Husholdning;3322251,174;1119939
2026-01-03 22:00:00+01:00;2026-01-03T23:00:00+01:00;NO2;Husholdning;1951350,865;632572
2026-01-03 22:00:00+01:00;2026-01-03T23:00:00+01:00;NO3;Husholdning;1319831,667;410040
2026-01-03 22:00:00+01:00;2026-01-03T23:00:00+01:00;NO4;Husholdning;901178,123;246456
2026-01-03 22:00:00+01:00;2026-01-03T23:00:00+01:00;NO5;Husholdning;788828,596;260300
2026-01-03 23:00:00+01:00;2026-01-04T00:00:00+01:00;NO1;Husholdning;3230853,04;1119939
2026-01-03 23:00:00+01:00;2026-01-04T00:00:00+01:00;NO2;Husholdning;1915578,949;632572
2026-01-03 23:00:00+01:00;2026-01-04T00:00:00+01:00;NO3;Husholdning;1300005,184;410040
2026-01-03 23:00:00+01:00;2026-01-04T00:00:00+01:00;NO4;Husholdning;883646,741;246456
2026-01-03 23:00:00+01:00;2026-01-04T00:00:00+01:00;NO5;Husholdning;769515,369;260300
2026-01-04 00:00:00+01:00;2026-01-04T01:00:00+01:00;NO1;Husholdning;3126402,908;1119942
2026-01-04 00:00:00+01:00;2026-01-04T01:00:00+01:00;NO2;Husholdning;1863281,04;632572
2026-01-04 00:00:00+01:00;2026-01-04T01:00:00+01:00;NO3;Husholdning;1272868,506;410040
2026-01-04 00:00:00+01:00;2026-01-04T01:00:00+01:00;NO4;Husholdning;864298,705;246458
2026-01-04 00:00:00+01:00;2026-01-04T01:00:00+01:00;NO5;Husholdning;748035,21;260301
2026-01-04 01:00:00+01:00;2026-01-04T02:00:00+01:00;NO1;Husholdning;3023729,496;1119942
2026-01-04 01:00:00+01:00;2026-01-04T02:00:00+01:00;NO2;Husholdning;1808277,683;632572
2026-01-04 01:00:00+01:00;2026-01-04T02:00:00+01:00;NO3;Husholdning;1241540,51;410040
2026-01-04 01:00:00+01:00;2026-01-04T02:00:00+01:00;NO4;Husholdning;842314,026;246458
2026-01-04 01:00:00+01:00;2026-01-04T02:00:00+01:00;NO5;Husholdning;726239,457;260301
2026-01-04 02:00:00+01:00;2026-01-04T03:00:00+01:00;NO1;Husholdning;2946352,199;1119942
2026-01-04 02:00:00+01:00;2026-01-04T03:00:00+01:00;NO2;Husholdning;1772236,188;632572
2026-01-04 02:00:00+01:00;2026-01-04T03:00:00+01:00;NO3;Husholdning;1215554,089;410040
2026-01-04 02:00:00+01:00;2026-01-04T03:00:00+01:00;NO4;Husholdning;824797,282;246458
2026-01-04 02:00:00+01:00;2026-01-04T03:00:00+01:00;NO5;Husholdning;707265,348;260301
2026-01-04 03:00:00+01:00;2026-01-04T04:00:00+01:00;NO1;Husholdning;2905521,625;1119942
2026-01-04 03:00:00+01:00;2026-01-04T04:00:00+01:00;NO2;Husholdning;1756608,81;632572
2026-01-04 03:00:00+01:00;2026-01-04T04:00:00+01:00;NO3;Husholdning;1200158,912;410040
2026-01-04 03:00:00+01:00;2026-01-04T04:00:00+01:00;NO4;Husholdning;813807,789;246458
2026-01-04 03:00:00+01:00;2026-01-04T04:00:00+01:00;NO5;Husholdning;699888,227;260301
2026-01-04 04:00:00+01:00;2026-01-04T05:00:00+01:00;NO1;Husholdning;2876756,648;1119942
2026-01-04 04:00:00+01:00;2026-01-04T05:00:00+01:00;NO2;Husholdning;1747174,214;632572
2026-01-04 04:00:00+01:00;2026-01-04T05:00:00+01:00;NO3;Husholdning;1188810,965;410040
2026-01-04 04:00:00+01:00;2026-01-04T05:00:00+01:00;NO4;Husholdning;808624,246;246458
2026-01-04 04:00:00+01:00;2026-01-04T05:00:00+01:00;NO5;Husholdning;695943,618;260301
2026-01-04 05:00:00+01:00;2026-01-04T06:00:00+01:00;NO1;Husholdning;2865354,765;1119942
2026-01-04 05:00:00+01:00;2026-01-04T06:00:00+01:00;NO2;Husholdning;1742243,407;632572
2026-01-04 05:00:00+01:00;2026-01-04T06:00:00+01:00;NO3;Husholdning;1180306,074;410040
2026-01-04 05:00:00+01:00;2026-01-04T06:00:00+01:00;NO4;Husholdning;808524,974;246458
2026-01-04 05:00:00+01:00;2026-01-04T06:00:00+01:00;NO5;Husholdning;693568,086;260301
2026-01-04 06:00:00+01:00;2026-01-04T07:00:00+01:00;NO1;Husholdning;2869769,101;1119942
2026-01-04 06:00:00+01:00;2026-01-04T07:00:00+01:00;NO2;Husholdning;1748713,337;632572
2026-01-04 06:00:00+01:00;2026-01-04T07:00:00+01:00;NO3;Husholdning;1181566,022;410040
2026-01-04 06:00:00+01:00;2026-01-04T07:00:00+01:00;NO4;Husholdning;812324,048;246458
2026-01-04 06:00:00+01:00;2026-01-04T07:00:00+01:00;NO5;Husholdning;695505,538;260301
2026-01-04 07:00:00+01:00;2026-01-04T08:00:00+01:00;NO1;Husholdning;2912876,121;1119942
2026-01-04 07:00:00+01:00;2026-01-04T08:00:00+01:00;NO2;Husholdning;1777309,663;632572
2026-01-04 07:00:00+01:00;2026-01-04T08:00:00+01:00;NO3;Husholdning;1192265,142;410040
2026-01-04 07:00:00+01:00;2026-01-04T08:00:00+01:00;NO4;Husholdning;823481,082;246458
2026-01-04 07:00:00+01:00;2026-01-04T08:00:00+01:00;NO5;Husholdning;707166,633;260301
2026-01-04 08:00:00+01:00;2026-01-04T09:00:00+01:00;NO1;Husholdning;3005701,958;1119942
2026-01-04 08:00:00+01:00;2026-01-04T09:00:00+01:00;NO2;Husholdning;1842610,228;632572
2026-01-04 08:00:00+01:00;2026-01-04T09:00:00+01:00;NO3;Husholdning;1223269,214;410040
2026-01-04 08:00:00+01:00;2026-01-04T09:00:00+01:00;NO4;Husholdning;843157,672;246458
2026-01-04 08:00:00+01:00;2026-01-04T09:00:00+01:00;NO5;Husholdning;731141,536;260301
2026-01-04 09:00:00+01:00;2026-01-04T10:00:00+01:00;NO1;Husholdning;3152709,325;1119942
2026-01-04 09:00:00+01:00;2026-01-04T10:00:00+01:00;NO2;Husholdning;1937382,772;632572
2026-01-04 09:00:00+01:00;2026-01-04T10:00:00+01:00;NO3;Husholdning;1271704,799;410040
2026-01-04 09:00:00+01:00;2026-01-04T10:00:00+01:00;NO4;Husholdning;872822,577;246458
2026-01-04 09:00:00+01:00;2026-01-04T10:00:00+01:00;NO5;Husholdning;767374,754;260301
2026-01-04 10:00:00+01:00;2026-01-04T11:00:00+01:00;NO1;Husholdning;3286418,725;1119942
2026-01-04 10:00:00+01:00;2026-01-04T11:00:00+01:00;NO2;Husholdning;2008464,763;632572
2026-01-04 10:00:00+01:00;2026-01-04T11:00:00+01:00;NO3;Husholdning;1309818,276;410040
2026-01-04 10:00:00+01:00;2026-01-04T11:00:00+01:00;NO4;Husholdning;899363,011;246458
2026-01-04 10:00:00+01:00;2026-01-04T11:00:00+01:00;NO5;Husholdning;800153,308;260301
2026-01-04 11:00:00+01:00;2026-01-04T12:00:00+01:00;NO1;Husholdning;3369381,37;1119942
2026-01-04 11:00:00+01:00;2026-01-04T12:00:00+01:00;NO2;Husholdning;2023106,155;632572
2026-01-04 11:00:00+01:00;2026-01-04T12:00:00+01:00;NO3;Husholdning;1329531,058;410040
2026-01-04 11:00:00+01:00;2026-01-04T12:00:00+01:00;NO4;Husholdning;915619,478;246458
2026-01-04 11:00:00+01:00;2026-01-04T12:00:00+01:00;NO5;Husholdning;811747,663;260301
2026-01-04 12:00:00+01:00;2026-01-04T13:00:00+01:00;NO1;Husholdning;3387559,666;1119942
2026-01-04 12:00:00+01:00;2026-01-04T13:00:00+01:00;NO2;Husholdning;2011867,129;632572
2026-01-04 12:00:00+01:00;2026-01-04T13:00:00+01:00;NO3;Husholdning;1327270,426;410040
2026-01-04 12:00:00+01:00;2026-01-04T13:00:00+01:00;NO4;Husholdning;921839,17;246458
2026-01-04 12:00:00+01:00;2026-01-04T13:00:00+01:00;NO5;Husholdning;808345,492;260301
2026-01-04 13:00:00+01:00;2026-01-04T14:00:00+01:00;NO1;Husholdning;3415180,422;1119942
2026-01-04 13:00:00+01:00;2026-01-04T14:00:00+01:00;NO2;Husholdning;2013650,882;632572
2026-01-04 13:00:00+01:00;2026-01-04T14:00:00+01:00;NO3;Husholdning;1334743,52;410040
2026-01-04 13:00:00+01:00;2026-01-04T14:00:00+01:00;NO4;Husholdning;931640,867;246458
2026-01-04 13:00:00+01:00;2026-01-04T14:00:00+01:00;NO5;Husholdning;805790,722;260301
2026-01-04 14:00:00+01:00;2026-01-04T15:00:00+01:00;NO1;Husholdning;3435493,853;1119942
2026-01-04 14:00:00+01:00;2026-01-04T15:00:00+01:00;NO2;Husholdning;2023879,95;632572
2026-01-04 14:00:00+01:00;2026-01-04T15:00:00+01:00;NO3;Husholdning;1347467,131;410040
2026-01-04 14:00:00+01:00;2026-01-04T15:00:00+01:00;NO4;Husholdning;945526,814;246458
2026-01-04 14:00:00+01:00;2026-01-04T15:00:00+01:00;NO5;Husholdning;811378,163;260301
2026-01-04 15:00:00+01:00;2026-01-04T16:00:00+01:00;NO1;Husholdning;3512628,504;1119942
2026-01-04 15:00:00+01:00;2026-01-04T16:00:00+01:00;NO2;Husholdning;2077293,726;632572
2026-01-04 15:00:00+01:00;2026-01-04T16:00:00+01:00;NO3;Husholdning;1385599,05;410040
2026-01-04 15:00:00+01:00;2026-01-04T16:00:00+01:00;NO4;Husholdning;962007,275;246458
2026-01-04 15:00:00+01:00;2026-01-04T16:00:00+01:00;NO5;Husholdning;835991,664;260301
2026-01-04 16:00:00+01:00;2026-01-04T17:00:00+01:00;NO1;Husholdning;3616074,676;1119942
2026-01-04 16:00:00+01:00;2026-01-04T17:00:00+01:00;NO2;Husholdning;2136671,435;632572
2026-01-04 16:00:00+01:00;2026-01-04T17:00:00+01:00;NO3;Husholdning;1411379,518;410040
2026-01-04 16:00:00+01:00;2026-01-04T17:00:00+01:00;NO4;Husholdning;962704,851;246458
2026-01-04 16:00:00+01:00;2026-01-04T17:00:00+01:00;NO5;Husholdning;864007,451;260301
2026-01-04 17:00:00+01:00;2026-01-04T18:00:00+01:00;NO1;Husholdning;3657230,988;1119942
2026-01-04 17:00:00+01:00;2026-01-04T18:00:00+01:00;NO2;Husholdning;2158415,513;632572
2026-01-04 17:00:00+01:00;2026-01-04T18:00:00+01:00;NO3;Husholdning;1408873,942;410040
2026-01-04 17:00:00+01:00;2026-01-04T18:00:00+01:00;NO4;Husholdning;952056,916;246458
2026-01-04 17:00:00+01:00;2026-01-04T18:00:00+01:00;NO5;Husholdning;870338,418;260301
2026-01-04 18:00:00+01:00;2026-01-04T19:00:00+01:00;NO1;Husholdning;3646747,263;1119942
2026-01-04 18:00:00+01:00;2026-01-04T19:00:00+01:00;NO2;Husholdning;2163485,707;632572
2026-01-04 18:00:00+01:00;2026-01-04T19:00:00+01:00;NO3;Husholdning;1404119,099;410040
2026-01-04 18:00:00+01:00;2026-01-04T19:00:00+01:00;NO4;Husholdning;946120,823;246458
2026-01-04 18:00:00+01:00;2026-01-04T19:00:00+01:00;NO5;Husholdning;869182,312;260301
2026-01-04 19:00:00+01:00;2026-01-04T20:00:00+01:00;NO1;Husholdning;3626157,018;1119942
2026-01-04 19:00:00+01:00;2026-01-04T20:00:00+01:00;NO2;Husholdning;2165475,792;632572
2026-01-04 19:00:00+01:00;2026-01-04T20:00:00+01:00;NO3;Husholdning;1400061,908;410040
2026-01-04 19:00:00+01:00;2026-01-04T20:00:00+01:00;NO4;Husholdning;943954,19;246458
2026-01-04 19:00:00+01:00;2026-01-04T20:00:00+01:00;NO5;Husholdning;868201,223;260301
2026-01-04 20:00:00+01:00;2026-01-04T21:00:00+01:00;NO1;Husholdning;3576470,906;1119942
2026-01-04 20:00:00+01:00;2026-01-04T21:00:00+01:00;NO2;Husholdning;2144362,482;632572
2026-01-04 20:00:00+01:00;2026-01-04T21:00:00+01:00;NO3;Husholdning;1392882,052;410040
2026-01-04 20:00:00+01:00;2026-01-04T21:00:00+01:00;NO4;Husholdning;940735,5;246458
2026-01-04 20:00:00+01:00;2026-01-04T21:00:00+01:00;NO5;Husholdning;862411,659;260301
2026-01-04 21:00:00+01:00;2026-01-04T22:00:00+01:00;NO1;Husholdning;3513852,088;1119942
2026-01-04 21:00:00+01:00;2026-01-04T22:00:00+01:00;NO2;Husholdning;2109284,777;632572
2026-01-04 21:00:00+01:00;2026-01-04T22:00:00+01:00;NO3;Husholdning;1377153,848;410040
2026-01-04 21:00:00+01:00;2026-01-04T22:00:00+01:00;NO4;Husholdning;930109,911;246458
2026-01-04 21:00:00+01:00;2026-01-04T22:00:00+01:00;NO5;Husholdning;850368,439;260301
2026-01-04 22:00:00+01:00;2026-01-04T23:00:00+01:00;NO1;Husholdning;3411751,091;1119942
2026-01-04 22:00:00+01:00;2026-01-04T23:00:00+01:00;NO2;Husholdning;2058823,104;632572
2026-01-04 22:00:00+01:00;2026-01-04T23:00:00+01:00;NO3;Husholdning;1351940,392;410040
2026-01-04 22:00:00+01:00;2026-01-04T23:00:00+01:00;NO4;Husholdning;912552,379;246458
2026-01-04 22:00:00+01:00;2026-01-04T23:00:00+01:00;NO5;Husholdning;825210,847;260301
2026-01-04 23:00:00+01:00;2026-01-05T00:00:00+01:00;NO1;Husholdning;3242035,777;1119942
2026-01-04 23:00:00+01:00;2026-01-05T00:00:00+01:00;NO2;Husholdning;1965164,758;632572
2026-01-04 23:00:00+01:00;2026-01-05T00:00:00+01:00;NO3;Husholdning;1301482,13;410040
2026-01-04 23:00:00+01:00;2026-01-05T00:00:00+01:00;NO4;Husholdning;884604,601;246458
2026-01-04 23:00:00+01:00;2026-01-05T00:00:00+01:00;NO5;Husholdning;786445,496;260301
2026-01-05 00:00:00+01:00;2026-01-05T01:00:00+01:00;NO1;Husholdning;3076391,719;1119922
2026-01-05 00:00:00+01:00;2026-01-05T01:00:00+01:00;NO2;Husholdning;1872020,807;632627
2026-01-05 00:00:00+01:00;2026-01-05T01:00:00+01:00;NO3;Husholdning;1243317,317;410065
2026-01-05 00:00:00+01:00;2026-01-05T01:00:00+01:00;NO4;Husholdning;849397,339;246455
2026-01-05 00:00:00+01:00;2026-01-05T01:00:00+01:00;NO5;Husholdning;746775,19;260306
2026-01-05 01:00:00+01:00;2026-01-05T02:00:00+01:00;NO1;Husholdning;2967319,102;1119922
2026-01-05 01:00:00+01:00;2026-01-05T02:00:00+01:00;NO2;Husholdning;1802896,471;632627
2026-01-05 01:00:00+01:00;2026-01-05T02:00:00+01:00;NO3;Husholdning;1200264,917;410065
2026-01-05 01:00:00+01:00;2026-01-05T02:00:00+01:00;NO4;Husholdning;820919,731;246455
2026-01-05 01:00:00+01:00;2026-01-05T02:00:00+01:00;NO5;Husholdning;715568,857;260306
2026-01-05 02:00:00+01:00;2026-01-05T03:00:00+01:00;NO1;Husholdning;2906699,877;1119922
2026-01-05 02:00:00+01:00;2026-01-05T03:00:00+01:00;NO2;Husholdning;1767099,24;632627
2026-01-05 02:00:00+01:00;2026-01-05T03:00:00+01:00;NO3;Husholdning;1179609,393;410065
2026-01-05 02:00:00+01:00;2026-01-05T03:00:00+01:00;NO4;Husholdning;803148,161;246455
2026-01-05 02:00:00+01:00;2026-01-05T03:00:00+01:00;NO5;Husholdning;698675,132;260306
2026-01-05 03:00:00+01:00;2026-01-05T04:00:00+01:00;NO1;Husholdning;2862334,733;1119922
2026-01-05 03:00:00+01:00;2026-01-05T04:00:00+01:00;NO2;Husholdning;1743681,361;632627
2026-01-05 03:00:00+01:00;2026-01-05T04:00:00+01:00;NO3;Husholdning;1166078,221;410065
2026-01-05 03:00:00+01:00;2026-01-05T04:00:00+01:00;NO4;Husholdning;793933,098;246455
2026-01-05 03:00:00+01:00;2026-01-05T04:00:00+01:00;NO5;Husholdning;687633,979;260306
2026-01-05 04:00:00+01:00;2026-01-05T05:00:00+01:00;NO1;Husholdning;2851150,595;1119922
2026-01-05 04:00:00+01:00;2026-01-05T05:00:00+01:00;NO2;Husholdning;1734704,929;632627
2026-01-05 04:00:00+01:00;2026-01-05T05:00:00+01:00;NO3;Husholdning;1162159,058;410065
2026-01-05 04:00:00+01:00;2026-01-05T05:00:00+01:00;NO4;Husholdning;791541,893;246455
2026-01-05 04:00:00+01:00;2026-01-05T05:00:00+01:00;NO5;Husholdning;683329,534;260306
2026-01-05 05:00:00+01:00;2026-01-05T06:00:00+01:00;NO1;Husholdning;2891194,594;1119922
2026-01-05 05:00:00+01:00;2026-01-05T06:00:00+01:00;NO2;Husholdning;1759988,642;632627
2026-01-05 05:00:00+01:00;2026-01-05T06:00:00+01:00;NO3;Husholdning;1172169,63;410065
2026-01-05 05:00:00+01:00;2026-01-05T06:00:00+01:00;NO4;Husholdning;798195,761;246455
2026-01-05 05:00:00+01:00;2026-01-05T06:00:00+01:00;NO5;Husholdning;691249,963;260306
2026-01-05 06:00:00+01:00;2026-01-05T07:00:00+01:00;NO1;Husholdning;3074705,355;1119922
2026-01-05 06:00:00+01:00;2026-01-05T07:00:00+01:00;NO2;Husholdning;1861818,144;632627
2026-01-05 06:00:00+01:00;2026-01-05T07:00:00+01:00;NO3;Husholdning;1228329,788;410065
2026-01-05 06:00:00+01:00;2026-01-05T07:00:00+01:00;NO4;Husholdning;830936,337;246455
2026-01-05 06:00:00+01:00;2026-01-05T07:00:00+01:00;NO5;Husholdning;729034,064;260306
2026-01-05 07:00:00+01:00;2026-01-05T08:00:00+01:00;NO1;Husholdning;3257890,517;1119922
2026-01-05 07:00:00+01:00;2026-01-05T08:00:00+01:00;NO2;Husholdning;1956391,824;632627
2026-01-05 07:00:00+01:00;2026-01-05T08:00:00+01:00;NO3;Husholdning;1279048,241;410065
2026-01-05 07:00:00+01:00;2026-01-05T08:00:00+01:00;NO4;Husholdning;867538,771;246455
2026-01-05 07:00:00+01:00;2026-01-05T08:00:00+01:00;NO5;Husholdning;769072,039;260306
2026-01-05 08:00:00+01:00;2026-01-05T09:00:00+01:00;NO1;Husholdning;3206386,18;1119922
2026-01-05 08:00:00+01:00;2026-01-05T09:00:00+01:00;NO2;Husholdning;1918300,96;632627
2026-01-05 08:00:00+01:00;2026-01-05T09:00:00+01:00;NO3;Husholdning;1257290,246;410065
2026-01-05 08:00:00+01:00;2026-01-05T09:00:00+01:00;NO4;Husholdning;858049,582;246455
2026-01-05 08:00:00+01:00;2026-01-05T09:00:00+01:00;NO5;Husholdning;760256,922;260306
2026-01-05 09:00:00+01:00;2026-01-05T10:00:00+01:00;NO1;Husholdning;3162925,444;1119922
2026-01-05 09:00:00+01:00;2026-01-05T10:00:00+01:00;NO2;Husholdning;1893128,776;632627
2026-01-05 09:00:00+01:00;2026-01-05T10:00:00+01:00;NO3;Husholdning;1247373,918;410065
2026-01-05 09:00:00+01:00;2026-01-05T10:00:00+01:00;NO4;Husholdning;852476,676;246455
2026-01-05 09:00:00+01:00;2026-01-05T10:00:00+01:00;NO5;Husholdning;757596,548;260306
2026-01-05 10:00:00+01:00;2026-01-05T11:00:00+01:00;NO1;Husholdning;3151371,913;1119922
2026-01-05 10:00:00+01:00;2026-01-05T11:00:00+01:00;NO2;Husholdning;1878709,206;632627
2026-01-05 10:00:00+01:00;2026-01-05T11:00:00+01:00;NO3;Husholdning;1240142,215;410065
2026-01-05 10:00:00+01:00;2026-01-05T11:00:00+01:00;NO4;Husholdning;850451,955;246455
2026-01-05 10:00:00+01:00;2026-01-05T11:00:00+01:00;NO5;Husholdning;754325,851;260306
2026-01-05 11:00:00+01:00;2026-01-05T12:00:00+01:00;NO1;Husholdning;3157612,132;1119922
2026-01-05 11:00:00+01:00;2026-01-05T12:00:00+01:00;NO2;Husholdning;1869893,687;632627
2026-01-05 11:00:00+01:00;2026-01-05T12:00:00+01:00;NO3;Husholdning;1239449,359;410065
2026-01-05 11:00:00+01:00;2026-01-05T12:00:00+01:00;NO4;Husholdning;850206,084;246455
2026-01-05 11:00:00+01:00;2026-01-05T12:00:00+01:00;NO5;Husholdning;752709,308;260306
2026-01-05 12:00:00+01:00;2026-01-05T13:00:00+01:00;NO1;Husholdning;3154064,474;1119922
2026-01-05 12:00:00+01:00;2026-01-05T13:00:00+01:00;NO2;Husholdning;1856426,178;632627
2026-01-05 12:00:00+01:00;2026-01-05T13:00:00+01:00;NO3;Husholdning;1234634,576;410065
2026-01-05 12:00:00+01:00;2026-01-05T13:00:00+01:00;NO4;Husholdning;848899,503;246455
2026-01-05 12:00:00+01:00;2026-01-05T13:00:00+01:00;NO5;Husholdning;750529,046;260306
2026-01-05 13:00:00+01:00;2026-01-05T14:00:00+01:00;NO1;Husholdning;3156417,865;1119922
2026-01-05 13:00:00+01:00;2026-01-05T14:00:00+01:00;NO2;Husholdning;1853016,743;632627
2026-01-05 13:00:00+01:00;2026-01-05T14:00:00+01:00;NO3;Husholdning;1233060,12;410065
2026-01-05 13:00:00+01:00;2026-01-05T14:00:00+01:00;NO4;Husholdning;853147,912;246455
2026-01-05 13:00:00+01:00;2026-01-05T14:00:00+01:00;NO5;Husholdning;751671,92;260306
2026-01-05 14:00:00+01:00;2026-01-05T15:00:00+01:00;NO1;Husholdning;3202050,769;1119922
2026-01-05 14:00:00+01:00;2026-01-05T15:00:00+01:00;NO2;Husholdning;1883331,31;632627
2026-01-05 14:00:00+01:00;2026-01-05T15:00:00+01:00;NO3;Husholdning;1253373,967;410065
2026-01-05 14:00:00+01:00;2026-01-05T15:00:00+01:00;NO4;Husholdning;868403,673;246455
2026-01-05 14:00:00+01:00;2026-01-05T15:00:00+01:00;NO5;Husholdning;765694,1;260306
2026-01-05 15:00:00+01:00;2026-01-05T16:00:00+01:00;NO1;Husholdning;3340016,181;1119922
2026-01-05 15:00:00+01:00;2026-01-05T16:00:00+01:00;NO2;Husholdning;1994139,642;632627
2026-01-05 15:00:00+01:00;2026-01-05T16:00:00+01:00;NO3;Husholdning;1320082,112;410065
2026-01-05 15:00:00+01:00;2026-01-05T16:00:00+01:00;NO4;Husholdning;899588,815;246455
2026-01-05 15:00:00+01:00;2026-01-05T16:00:00+01:00;NO5;Husholdning;803188,977;260306
2026-01-05 16:00:00+01:00;2026-01-05T17:00:00+01:00;NO1;Husholdning;3581883,442;1119922
2026-01-05 16:00:00+01:00;2026-01-05T17:00:00+01:00;NO2;Husholdning;2135948,563;632627
2026-01-05 16:00:00+01:00;2026-01-05T17:00:00+01:00;NO3;Husholdning;1406012,957;410065
2026-01-05 16:00:00+01:00;2026-01-05T17:00:00+01:00;NO4;Husholdning;932981,241;246455
2026-01-05 16:00:00+01:00;2026-01-05T17:00:00+01:00;NO5;Husholdning;856903,427;260306
2026-01-05 17:00:00+01:00;2026-01-05T18:00:00+01:00;NO1;Husholdning;3706949,115;1119922
2026-01-05 17:00:00+01:00;2026-01-05T18:00:00+01:00;NO2;Husholdning;2175790,035;632627
2026-01-05 17:00:00+01:00;2026-01-05T18:00:00+01:00;NO3;Husholdning;1414625,718;410065
2026-01-05 17:00:00+01:00;2026-01-05T18:00:00+01:00;NO4;Husholdning;927633,031;246455
2026-01-05 17:00:00+01:00;2026-01-05T18:00:00+01:00;NO5;Husholdning;878497,739;260306
2026-01-05 18:00:00+01:00;2026-01-05T19:00:00+01:00;NO1;Husholdning;3708583,451;1119922
2026-01-05 18:00:00+01:00;2026-01-05T19:00:00+01:00;NO2;Husholdning;2167450,194;632627
2026-01-05 18:00:00+01:00;2026-01-05T19:00:00+01:00;NO3;Husholdning;1400700,083;410065
2026-01-05 18:00:00+01:00;2026-01-05T19:00:00+01:00;NO4;Husholdning;918840,607;246455
2026-01-05 18:00:00+01:00;2026-01-05T19:00:00+01:00;NO5;Husholdning;879080,809;260306
2026-01-05 19:00:00+01:00;2026-01-05T20:00:00+01:00;NO1;Husholdning;3686936,194;1119922
2026-01-05 19:00:00+01:00;2026-01-05T20:00:00+01:00;NO2;Husholdning;2161021,887;632627
2026-01-05 19:00:00+01:00;2026-01-05T20:00:00+01:00;NO3;Husholdning;1398773,012;410065
2026-01-05 19:00:00+01:00;2026-01-05T20:00:00+01:00;NO4;Husholdning;917981,281;246455
2026-01-05 19:00:00+01:00;2026-01-05T20:00:00+01:00;NO5;Husholdning;877986,345;260306
2026-01-05 20:00:00+01:00;2026-01-05T21:00:00+01:00;NO1;Husholdning;3675520,93;1119922
2026-01-05 20:00:00+01:00;2026-01-05T21:00:00+01:00;NO2;Husholdning;2164566,433;632627
2026-01-05 20:00:00+01:00;2026-01-05T21:00:00+01:00;NO3;Husholdning;1407814,183;410065
2026-01-05 20:00:00+01:00;2026-01-05T21:00:00+01:00;NO4;Husholdning;924244,66;246455
2026-01-05 20:00:00+01:00;2026-01-05T21:00:00+01:00;NO5;Husholdning;883381,153;260306
2026-01-05 21:00:00+01:00;2026-01-05T22:00:00+01:00;NO1;Husholdning;3641684,745;1119922
2026-01-05 21:00:00+01:00;2026-01-05T22:00:00+01:00;NO2;Husholdning;2142561,022;632627
2026-01-05 21:00:00+01:00;2026-01-05T22:00:00+01:00;NO3;Husholdning;1409978,592;410065
2026-01-05 21:00:00+01:00;2026-01-05T22:00:00+01:00;NO4;Husholdning;924371,399;246455
2026-01-05 21:00:00+01:00;2026-01-05T22:00:00+01:00;NO5;Husholdning;881525,674;260306
2026-01-05 22:00:00+01:00;2026-01-05T23:00:00+01:00;NO1;Husholdning;3546503,095;1119922
2026-01-05 22:00:00+01:00;2026-01-05T23:00:00+01:00;NO2;Husholdning;2084932,464;632627
2026-01-05 22:00:00+01:00;2026-01-05T23:00:00+01:00;NO3;Husholdning;1395819,76;410065
2026-01-05 22:00:00+01:00;2026-01-05T23:00:00+01:00;NO4;Husholdning;913379,503;246455
2026-01-05 22:00:00+01:00;2026-01-05T23:00:00+01:00;NO5;Husholdning;863479,75;260306
2026-01-05 23:00:00+01:00;2026-01-06T00:00:00+01:00;NO1;Husholdning;3372083,623;1119922
2026-01-05 23:00:00+01:00;2026-01-06T00:00:00+01:00;NO2;Husholdning;1984448,831;632627
2026-01-05 23:00:00+01:00;2026-01-06T00:00:00+01:00;NO3;Husholdning;1353008,027;410065
2026-01-05 23:00:00+01:00;2026-01-06T00:00:00+01:00;NO4;Husholdning;888510,039;246455
2026-01-05 23:00:00+01:00;2026-01-06T00:00:00+01:00;NO5;Husholdning;822903,685;260306
2026-01-06 00:00:00+01:00;2026-01-06T01:00:00+01:00;NO1;Husholdning;3205384,56;1119936
2026-01-06 00:00:00+01:00;2026-01-06T01:00:00+01:00;NO2;Husholdning;1887364,224;632677
2026-01-06 00:00:00+01:00;2026-01-06T01:00:00+01:00;NO3;Husholdning;1301924,175;410100
2026-01-06 00:00:00+01:00;2026-01-06T01:00:00+01:00;NO4;Husholdning;855696,272;246458
2026-01-06 00:00:00+01:00;2026-01-06T01:00:00+01:00;NO5;Husholdning;784014,344;260308
2026-01-06 01:00:00+01:00;2026-01-06T02:00:00+01:00;NO1;Husholdning;3093989,191;1119936
2026-01-06 01:00:00+01:00;2026-01-06T02:00:00+01:00;NO2;Husholdning;1818328,886;632677
2026-01-06 01:00:00+01:00;2026-01-06T02:00:00+01:00;NO3;Husholdning;1264996,369;410100
2026-01-06 01:00:00+01:00;2026-01-06T02:00:00+01:00;NO4;Husholdning;830759,492;246458
2026-01-06 01:00:00+01:00;2026-01-06T02:00:00+01:00;NO5;Husholdning;754984,616;260308
2026-01-06 02:00:00+01:00;2026-01-06T03:00:00+01:00;NO1;Husholdning;3023580,993;1119936
2026-01-06 02:00:00+01:00;2026-01-06T03:00:00+01:00;NO2;Husholdning;1775782,79;632677
2026-01-06 02:00:00+01:00;2026-01-06T03:00:00+01:00;NO3;Husholdning;1246621,632;410100
2026-01-06 02:00:00+01:00;2026-01-06T03:00:00+01:00;NO4;Husholdning;817306,121;246458
2026-01-06 02:00:00+01:00;2026-01-06T03:00:00+01:00;NO5;Husholdning;741127,993;260308
2026-01-06 03:00:00+01:00;2026-01-06T04:00:00+01:00;NO1;Husholdning;2990550,272;1119936
2026-01-06 03:00:00+01:00;2026-01-06T04:00:00+01:00;NO2;Husholdning;1752388,647;632677
2026-01-06 03:00:00+01:00;2026-01-06T04:00:00+01:00;NO3;Husholdning;1239634,355;410100
2026-01-06 03:00:00+01:00;2026-01-06T04:00:00+01:00;NO4;Husholdning;811954,458;246458
2026-01-06 03:00:00+01:00;2026-01-06T04:00:00+01:00;NO5;Husholdning;733254,914;260308
2026-01-06 04:00:00+01:00;2026-01-06T05:00:00+01:00;NO1;Husholdning;2972484,01;1119936
2026-01-06 04:00:00+01:00;2026-01-06T05:00:00+01:00;NO2;Husholdning;1738331,236;632677
2026-01-06 04:00:00+01:00;2026-01-06T05:00:00+01:00;NO3;Husholdning;1234710,258;410100
2026-01-06 04:00:00+01:00;2026-01-06T05:00:00+01:00;NO4;Husholdning;810333,951;246458
2026-01-06 04:00:00+01:00;2026-01-06T05:00:00+01:00;NO5;Husholdning;726605,209;260308
2026-01-06 05:00:00+01:00;2026-01-06T06:00:00+01:00;NO1;Husholdning;3000949,617;1119936
2026-01-06 05:00:00+01:00;2026-01-06T06:00:00+01:00;NO2;Husholdning;1754556,92;632677
2026-01-06 05:00:00+01:00;2026-01-06T06:00:00+01:00;NO3;Husholdning;1243311,073;410100
2026-01-06 05:00:00+01:00;2026-01-06T06:00:00+01:00;NO4;Husholdning;818723,698;246458
2026-01-06 05:00:00+01:00;2026-01-06T06:00:00+01:00;NO5;Husholdning;732282,974;260308
2026-01-06 06:00:00+01:00;2026-01-06T07:00:00+01:00;NO1;Husholdning;3158018,026;1119936
2026-01-06 06:00:00+01:00;2026-01-06T07:00:00+01:00;NO2;Husholdning;1846646,777;632677
2026-01-06 06:00:00+01:00;2026-01-06T07:00:00+01:00;NO3;Husholdning;1292910,722;410100
2026-01-06 06:00:00+01:00;2026-01-06T07:00:00+01:00;NO4;Husholdning;850789,997;246458
2026-01-06 06:00:00+01:00;2026-01-06T07:00:00+01:00;NO5;Husholdning;766318,396;260308
2026-01-06 07:00:00+01:00;2026-01-06T08:00:00+01:00;NO1;Husholdning;3336022,698;1119936
2026-01-06 07:00:00+01:00;2026-01-06T08:00:00+01:00;NO2;Husholdning;1935656,121;632677
2026-01-06 07:00:00+01:00;2026-01-06T08:00:00+01:00;NO3;Husholdning;1344358,698;410100
2026-01-06 07:00:00+01:00;2026-01-06T08:00:00+01:00;NO4;Husholdning;890646,569;246458
2026-01-06 07:00:00+01:00;2026-01-06T08:00:00+01:00;NO5;Husholdning;802474,826;260308
2026-01-06 08:00:00+01:00;2026-01-06T09:00:00+01:00;NO1;Husholdning;3294765,45;1119936
2026-01-06 08:00:00+01:00;2026-01-06T09:00:00+01:00;NO2;Husholdning;1908884,941;632677
2026-01-06 08:00:00+01:00;2026-01-06T09:00:00+01:00;NO3;Husholdning;1326223,998;410100
2026-01-06 08:00:00+01:00;2026-01-06T09:00:00+01:00;NO4;Husholdning;882562,245;246458
2026-01-06 08:00:00+01:00;2026-01-06T09:00:00+01:00;NO5;Husholdning;796050,78;260308
2026-01-06 09:00:00+01:00;2026-01-06T10:00:00+01:00;NO1;Husholdning;3257138,478;1119936
2026-01-06 09:00:00+01:00;2026-01-06T10:00:00+01:00;NO2;Husholdning;1892866,792;632677
2026-01-06 09:00:00+01:00;2026-01-06T10:00:00+01:00;NO3;Husholdning;1317568,373;410100
2026-01-06 09:00:00+01:00;2026-01-06T10:00:00+01:00;NO4;Husholdning;874596,154;246458
2026-01-06 09:00:00+01:00;2026-01-06T10:00:00+01:00;NO5;Husholdning;791753,113;260308
2026-01-06 10:00:00+01:00;2026-01-06T11:00:00+01:00;NO1;Husholdning;3234526,786;1119936
2026-01-06 10:00:00+01:00;2026-01-06T11:00:00+01:00;NO2;Husholdning;1885611,834;632677
2026-01-06 10:00:00+01:00;2026-01-06T11:00:00+01:00;NO3;Husholdning;1309626,582;410100
2026-01-06 10:00:00+01:00;2026-01-06T11:00:00+01:00;NO4;Husholdning;873609,218;246458
2026-01-06 10:00:00+01:00;2026-01-06T11:00:00+01:00;NO5;Husholdning;786865,716;260308
2026-01-06 11:00:00+01:00;2026-01-06T12:00:00+01:00;NO1;Husholdning;3224722,694;1119936
2026-01-06 11:00:00+01:00;2026-01-06T12:00:00+01:00;NO2;Husholdning;1877994,219;632677
2026-01-06 11:00:00+01:00;2026-01-06T12:00:00+01:00;NO3;Husholdning;1303469,028;410100
2026-01-06 11:00:00+01:00;2026-01-06T12:00:00+01:00;NO4;Husholdning;872571,071;246458
2026-01-06 11:00:00+01:00;2026-01-06T12:00:00+01:00;NO5;Husholdning;779910,488;260308
2026-01-06 12:00:00+01:00;2026-01-06T13:00:00+01:00;NO1;Husholdning;3202338,095;1119936
2026-01-06 12:00:00+01:00;2026-01-06T13:00:00+01:00;NO2;Husholdning;1864524,043;632677
2026-01-06 12:00:00+01:00;2026-01-06T13:00:00+01:00;NO3;Husholdning;1294225,499;410100
2026-01-06 12:00:00+01:00;2026-01-06T13:00:00+01:00;NO4;Husholdning;873681,489;246458
2026-01-06 12:00:00+01:00;2026-01-06T13:00:00+01:00;NO5;Husholdning;770271,693;260308
2026-01-06 13:00:00+01:00;2026-01-06T14:00:00+01:00;NO1;Husholdning;3189187,708;1119936
2026-01-06 13:00:00+01:00;2026-01-06T14:00:00+01:00;NO2;Husholdning;1859909,61;632677
2026-01-06 13:00:00+01:00;2026-01-06T14:00:00+01:00;NO3;Husholdning;1293304,953;410100
2026-01-06 13:00:00+01:00;2026-01-06T14:00:00+01:00;NO4;Husholdning;879759,503;246458
2026-01-06 13:00:00+01:00;2026-01-06T14:00:00+01:00;NO5;Husholdning;770063,783;260308
2026-01-06 14:00:00+01:00;2026-01-06T15:00:00+01:00;NO1;Husholdning;3232942,313;1119936
2026-01-06 14:00:00+01:00;2026-01-06T15:00:00+01:00;NO2;Husholdning;1885645,489;632677
2026-01-06 14:00:00+01:00;2026-01-06T15:00:00+01:00;NO3;Husholdning;1314204,498;410100
2026-01-06 14:00:00+01:00;2026-01-06T15:00:00+01:00;NO4;Husholdning;898549,115;246458
2026-01-06 14:00:00+01:00;2026-01-06T15:00:00+01:00;NO5;Husholdning;783440,421;260308
2026-01-06 15:00:00+01:00;2026-01-06T16:00:00+01:00;NO1;Husholdning;3390296,106;1119936
2026-01-06 15:00:00+01:00;2026-01-06T16:00:00+01:00;NO2;Husholdning;1986242,093;632677
2026-01-06 15:00:00+01:00;2026-01-06T16:00:00+01:00;NO3;Husholdning;1384167,521;410100
2026-01-06 15:00:00+01:00;2026-01-06T16:00:00+01:00;NO4;Husholdning;934315,747;246458
2026-01-06 15:00:00+01:00;2026-01-06T16:00:00+01:00;NO5;Husholdning;822408,749;260308
2026-01-06 16:00:00+01:00;2026-01-06T17:00:00+01:00;NO1;Husholdning;3613191,554;1119936
2026-01-06 16:00:00+01:00;2026-01-06T17:00:00+01:00;NO2;Husholdning;2136483,636;632677
2026-01-06 16:00:00+01:00;2026-01-06T17:00:00+01:00;NO3;Husholdning;1477056,055;410100
2026-01-06 16:00:00+01:00;2026-01-06T17:00:00+01:00;NO4;Husholdning;973100,416;246458
2026-01-06 16:00:00+01:00;2026-01-06T17:00:00+01:00;NO5;Husholdning;888935,83;260308
2026-01-06 17:00:00+01:00;2026-01-06T18:00:00+01:00;NO1;Husholdning;3738759,291;1119936
2026-01-06 17:00:00+01:00;2026-01-06T18:00:00+01:00;NO2;Husholdning;2180486,126;632677
2026-01-06 17:00:00+01:00;2026-01-06T18:00:00+01:00;NO3;Husholdning;1491469,857;410100
2026-01-06 17:00:00+01:00;2026-01-06T18:00:00+01:00;NO4;Husholdning;968215,474;246458
2026-01-06 17:00:00+01:00;2026-01-06T18:00:00+01:00;NO5;Husholdning;911254,887;260308
2026-01-06 18:00:00+01:00;2026-01-06T19:00:00+01:00;NO1;Husholdning;3804265,462;1119936
2026-01-06 18:00:00+01:00;2026-01-06T19:00:00+01:00;NO2;Husholdning;2175347,091;632677
2026-01-06 18:00:00+01:00;2026-01-06T19:00:00+01:00;NO3;Husholdning;1481387,587;410100
2026-01-06 18:00:00+01:00;2026-01-06T19:00:00+01:00;NO4;Husholdning;959993,653;246458
2026-01-06 18:00:00+01:00;2026-01-06T19:00:00+01:00;NO5;Husholdning;911198,557;260308
2026-01-06 19:00:00+01:00;2026-01-06T20:00:00+01:00;NO1;Husholdning;3831757,588;1119936
2026-01-06 19:00:00+01:00;2026-01-06T20:00:00+01:00;NO2;Husholdning;2177515,691;632677
2026-01-06 19:00:00+01:00;2026-01-06T20:00:00+01:00;NO3;Husholdning;1482593,675;410100
2026-01-06 19:00:00+01:00;2026-01-06T20:00:00+01:00;NO4;Husholdning;963795,821;246458
2026-01-06 19:00:00+01:00;2026-01-06T20:00:00+01:00;NO5;Husholdning;913166,022;260308
2026-01-06 20:00:00+01:00;2026-01-06T21:00:00+01:00;NO1;Husholdning;3841006,546;1119936
2026-01-06 20:00:00+01:00;2026-01-06T21:00:00+01:00;NO2;Husholdning;2189273,923;632677
2026-01-06 20:00:00+01:00;2026-01-06T21:00:00+01:00;NO3;Husholdning;1493236,509;410100
2026-01-06 20:00:00+01:00;2026-01-06T21:00:00+01:00;NO4;Husholdning;971262,253;246458
2026-01-06 20:00:00+01:00;2026-01-06T21:00:00+01:00;NO5;Husholdning;919731,331;260308
2026-01-06 21:00:00+01:00;2026-01-06T22:00:00+01:00;NO1;Husholdning;3825514,678;1119936
2026-01-06 21:00:00+01:00;2026-01-06T22:00:00+01:00;NO2;Husholdning;2178324,906;632677
2026-01-06 21:00:00+01:00;2026-01-06T22:00:00+01:00;NO3;Husholdning;1494050,868;410100
2026-01-06 21:00:00+01:00;2026-01-06T22:00:00+01:00;NO4;Husholdning;975616,25;246458
2026-01-06 21:00:00+01:00;2026-01-06T22:00:00+01:00;NO5;Husholdning;919460,643;260308
2026-01-06 22:00:00+01:00;2026-01-06T23:00:00+01:00;NO1;Husholdning;3744888,233;1119936
2026-01-06 22:00:00+01:00;2026-01-06T23:00:00+01:00;NO2;Husholdning;2130600,053;632677
2026-01-06 22:00:00+01:00;2026-01-06T23:00:00+01:00;NO3;Husholdning;1478368,928;410100
2026-01-06 22:00:00+01:00;2026-01-06T23:00:00+01:00;NO4;Husholdning;967908,359;246458
2026-01-06 22:00:00+01:00;2026-01-06T23:00:00+01:00;NO5;Husholdning;901183,953;260308
2026-01-06 23:00:00+01:00;2026-01-07T00:00:00+01:00;NO1;Husholdning;3596949,906;1119936
2026-01-06 23:00:00+01:00;2026-01-07T00:00:00+01:00;NO2;Husholdning;2039742,798;632677
2026-01-06 23:00:00+01:00;2026-01-07T00:00:00+01:00;NO3;Husholdning;1438586,475;410100
2026-01-06 23:00:00+01:00;2026-01-07T00:00:00+01:00;NO4;Husholdning;943085,945;246458
2026-01-06 23:00:00+01:00;2026-01-07T00:00:00+01:00;NO5;Husholdning;861896,41;260308
2026-01-07 00:00:00+01:00;2026-01-07T01:00:00+01:00;NO1;Husholdning;3427783,187;1119951
2026-01-07 00:00:00+01:00;2026-01-07T01:00:00+01:00;NO2;Husholdning;1945499,654;632686
2026-01-07 00:00:00+01:00;2026-01-07T01:00:00+01:00;NO3;Husholdning;1378677,843;410125
2026-01-07 00:00:00+01:00;2026-01-07T01:00:00+01:00;NO4;Husholdning;912646,922;246459
2026-01-07 00:00:00+01:00;2026-01-07T01:00:00+01:00;NO5;Husholdning;818810,784;260314
2026-01-07 01:00:00+01:00;2026-01-07T02:00:00+01:00;NO1;Husholdning;3325758,549;1119951
2026-01-07 01:00:00+01:00;2026-01-07T02:00:00+01:00;NO2;Husholdning;1884078,164;632686
2026-01-07 01:00:00+01:00;2026-01-07T02:00:00+01:00;NO3;Husholdning;1337216,036;410125
2026-01-07 01:00:00+01:00;2026-01-07T02:00:00+01:00;NO4;Husholdning;885840,464;246459
2026-01-07 01:00:00+01:00;2026-01-07T02:00:00+01:00;NO5;Husholdning;790378,397;260314
2026-01-07 02:00:00+01:00;2026-01-07T03:00:00+01:00;NO1;Husholdning;3264297,057;1119951
2026-01-07 02:00:00+01:00;2026-01-07T03:00:00+01:00;NO2;Husholdning;1847741,355;632686
2026-01-07 02:00:00+01:00;2026-01-07T03:00:00+01:00;NO3;Husholdning;1310281,914;410125
2026-01-07 02:00:00+01:00;2026-01-07T03:00:00+01:00;NO4;Husholdning;869718,682;246459
2026-01-07 02:00:00+01:00;2026-01-07T03:00:00+01:00;NO5;Husholdning;772427,064;260314
2026-01-07 03:00:00+01:00;2026-01-07T04:00:00+01:00;NO1;Husholdning;3224785,772;1119951
2026-01-07 03:00:00+01:00;2026-01-07T04:00:00+01:00;NO2;Husholdning;1829578,285;632686
2026-01-07 03:00:00+01:00;2026-01-07T04:00:00+01:00;NO3;Husholdning;1295799,557;410125
2026-01-07 03:00:00+01:00;2026-01-07T04:00:00+01:00;NO4;Husholdning;859593,533;246459
2026-01-07 03:00:00+01:00;2026-01-07T04:00:00+01:00;NO5;Husholdning;762220,397;260314
2026-01-07 04:00:00+01:00;2026-01-07T05:00:00+01:00;NO1;Husholdning;3208062,824;1119951
2026-01-07 04:00:00+01:00;2026-01-07T05:00:00+01:00;NO2;Husholdning;1820649,732;632686
2026-01-07 04:00:00+01:00;2026-01-07T05:00:00+01:00;NO3;Husholdning;1288194,992;410125
2026-01-07 04:00:00+01:00;2026-01-07T05:00:00+01:00;NO4;Husholdning;856539,336;246459
2026-01-07 04:00:00+01:00;2026-01-07T05:00:00+01:00;NO5;Husholdning;756021,568;260314
2026-01-07 05:00:00+01:00;2026-01-07T06:00:00+01:00;NO1;Husholdning;3233442,83;1119951
2026-01-07 05:00:00+01:00;2026-01-07T06:00:00+01:00;NO2;Husholdning;1842865,659;632686
2026-01-07 05:00:00+01:00;2026-01-07T06:00:00+01:00;NO3;Husholdning;1291628,661;410125
2026-01-07 05:00:00+01:00;2026-01-07T06:00:00+01:00;NO4;Husholdning;862737,729;246459
2026-01-07 05:00:00+01:00;2026-01-07T06:00:00+01:00;NO5;Husholdning;759637,98;260314
2026-01-07 06:00:00+01:00;2026-01-07T07:00:00+01:00;NO1;Husholdning;3377674,851;1119951
2026-01-07 06:00:00+01:00;2026-01-07T07:00:00+01:00;NO2;Husholdning;1934732,234;632686
2026-01-07 06:00:00+01:00;2026-01-07T07:00:00+01:00;NO3;Husholdning;1329525,336;410125
2026-01-07 06:00:00+01:00;2026-01-07T07:00:00+01:00;NO4;Husholdning;891224,323;246459
2026-01-07 06:00:00+01:00;2026-01-07T07:00:00+01:00;NO5;Husholdning;793300,037;260314
2026-01-07 07:00:00+01:00;2026-01-07T08:00:00+01:00;NO1;Husholdning;3536842,71;1119951
2026-01-07 07:00:00+01:00;2026-01-07T08:00:00+01:00;NO2;Husholdning;2027592,432;632686
2026-01-07 07:00:00+01:00;2026-01-07T08:00:00+01:00;NO3;Husholdning;1373386,613;410125
2026-01-07 07:00:00+01:00;2026-01-07T08:00:00+01:00;NO4;Husholdning;927944,559;246459
2026-01-07 07:00:00+01:00;2026-01-07T08:00:00+01:00;NO5;Husholdning;828107,661;260314
2026-01-07 08:00:00+01:00;2026-01-07T09:00:00+01:00;NO1;Husholdning;3490764,642;1119951
2026-01-07 08:00:00+01:00;2026-01-07T09:00:00+01:00;NO2;Husholdning;1999251,142;632686
2026-01-07 08:00:00+01:00;2026-01-07T09:00:00+01:00;NO3;Husholdning;1347781,827;410125
2026-01-07 08:00:00+01:00;2026-01-07T09:00:00+01:00;NO4;Husholdning;918004,733;246459
2026-01-07 08:00:00+01:00;2026-01-07T09:00:00+01:00;NO5;Husholdning;818261,302;260314
2026-01-07 09:00:00+01:00;2026-01-07T10:00:00+01:00;NO1;Husholdning;3436883,446;1119951
2026-01-07 09:00:00+01:00;2026-01-07T10:00:00+01:00;NO2;Husholdning;1979181,22;632686
2026-01-07 09:00:00+01:00;2026-01-07T10:00:00+01:00;NO3;Husholdning;1331938,912;410125
2026-01-07 09:00:00+01:00;2026-01-07T10:00:00+01:00;NO4;Husholdning;910374,903;246459
2026-01-07 09:00:00+01:00;2026-01-07T10:00:00+01:00;NO5;Husholdning;812851,413;260314
2026-01-07 10:00:00+01:00;2026-01-07T11:00:00+01:00;NO1;Husholdning;3397719,07;1119951
2026-01-07 10:00:00+01:00;2026-01-07T11:00:00+01:00;NO2;Husholdning;1968572,627;632686
2026-01-07 10:00:00+01:00;2026-01-07T11:00:00+01:00;NO3;Husholdning;1317537,715;410125
2026-01-07 10:00:00+01:00;2026-01-07T11:00:00+01:00;NO4;Husholdning;905086,493;246459
2026-01-07 10:00:00+01:00;2026-01-07T11:00:00+01:00;NO5;Husholdning;808148,852;260314
2026-01-07 11:00:00+01:00;2026-01-07T12:00:00+01:00;NO1;Husholdning;3365768,694;1119951
2026-01-07 11:00:00+01:00;2026-01-07T12:00:00+01:00;NO2;Husholdning;1961076,464;632686
2026-01-07 11:00:00+01:00;2026-01-07T12:00:00+01:00;NO3;Husholdning;1306134,97;410125
2026-01-07 11:00:00+01:00;2026-01-07T12:00:00+01:00;NO4;Husholdning;902116,299;246459
2026-01-07 11:00:00+01:00;2026-01-07T12:00:00+01:00;NO5;Husholdning;799674,625;260314
2026-01-07 12:00:00+01:00;2026-01-07T13:00:00+01:00;NO1;Husholdning;3335451,563;1119951
2026-01-07 12:00:00+01:00;2026-01-07T13:00:00+01:00;NO2;Husholdning;1950718,2;632686
2026-01-07 12:00:00+01:00;2026-01-07T13:00:00+01:00;NO3;Husholdning;1290249,41;410125
2026-01-07 12:00:00+01:00;2026-01-07T13:00:00+01:00;NO4;Husholdning;903797,243;246459
2026-01-07 12:00:00+01:00;2026-01-07T13:00:00+01:00;NO5;Husholdning;787295,032;260314
2026-01-07 13:00:00+01:00;2026-01-07T14:00:00+01:00;NO1;Husholdning;3335706,591;1119951
2026-01-07 13:00:00+01:00;2026-01-07T14:00:00+01:00;NO2;Husholdning;1947880,048;632686
2026-01-07 13:00:00+01:00;2026-01-07T14:00:00+01:00;NO3;Husholdning;1280941,078;410125
2026-01-07 13:00:00+01:00;2026-01-07T14:00:00+01:00;NO4;Husholdning;909777,969;246459
2026-01-07 13:00:00+01:00;2026-01-07T14:00:00+01:00;NO5;Husholdning;776625,679;260314
2026-01-07 14:00:00+01:00;2026-01-07T15:00:00+01:00;NO1;Husholdning;3378164,42;1119951
2026-01-07 14:00:00+01:00;2026-01-07T15:00:00+01:00;NO2;Husholdning;1974929,821;632686
2026-01-07 14:00:00+01:00;2026-01-07T15:00:00+01:00;NO3;Husholdning;1298272,403;410125
2026-01-07 14:00:00+01:00;2026-01-07T15:00:00+01:00;NO4;Husholdning;927083,284;246459
2026-01-07 14:00:00+01:00;2026-01-07T15:00:00+01:00;NO5;Husholdning;782533,633;260314
2026-01-07 15:00:00+01:00;2026-01-07T16:00:00+01:00;NO1;Husholdning;3511848,123;1119951
2026-01-07 15:00:00+01:00;2026-01-07T16:00:00+01:00;NO2;Husholdning;2074740,973;632686
2026-01-07 15:00:00+01:00;2026-01-07T16:00:00+01:00;NO3;Husholdning;1362505,793;410125
2026-01-07 15:00:00+01:00;2026-01-07T16:00:00+01:00;NO4;Husholdning;960530,273;246459
2026-01-07 15:00:00+01:00;2026-01-07T16:00:00+01:00;NO5;Husholdning;822226,362;260314
2026-01-07 16:00:00+01:00;2026-01-07T17:00:00+01:00;NO1;Husholdning;3747754,331;1119951
2026-01-07 16:00:00+01:00;2026-01-07T17:00:00+01:00;NO2;Husholdning;2211321,326;632686
2026-01-07 16:00:00+01:00;2026-01-07T17:00:00+01:00;NO3;Husholdning;1445887,533;410125
2026-01-07 16:00:00+01:00;2026-01-07T17:00:00+01:00;NO4;Husholdning;997490,499;246459
2026-01-07 16:00:00+01:00;2026-01-07T17:00:00+01:00;NO5;Husholdning;886668,474;260314
2026-01-07 17:00:00+01:00;2026-01-07T18:00:00+01:00;NO1;Husholdning;3849634,331;1119951
2026-01-07 17:00:00+01:00;2026-01-07T18:00:00+01:00;NO2;Husholdning;2243602,523;632686
2026-01-07 17:00:00+01:00;2026-01-07T18:00:00+01:00;NO3;Husholdning;1454734,752;410125
2026-01-07 17:00:00+01:00;2026-01-07T18:00:00+01:00;NO4;Husholdning;993703,186;246459
2026-01-07 17:00:00+01:00;2026-01-07T18:00:00+01:00;NO5;Husholdning;907642,626;260314
2026-01-07 18:00:00+01:00;2026-01-07T19:00:00+01:00;NO1;Husholdning;3827525,966;1119951
2026-01-07 18:00:00+01:00;2026-01-07T19:00:00+01:00;NO2;Husholdning;2237552,089;632686
2026-01-07 18:00:00+01:00;2026-01-07T19:00:00+01:00;NO3;Husholdning;1441291,996;410125
2026-01-07 18:00:00+01:00;2026-01-07T19:00:00+01:00;NO4;Husholdning;985387,659;246459
2026-01-07 18:00:00+01:00;2026-01-07T19:00:00+01:00;NO5;Husholdning;907178,508;260314
2026-01-07 19:00:00+01:00;2026-01-07T20:00:00+01:00;NO1;Husholdning;3793100,079;1119951
2026-01-07 19:00:00+01:00;2026-01-07T20:00:00+01:00;NO2;Husholdning;2235275,557;632686
2026-01-07 19:00:00+01:00;2026-01-07T20:00:00+01:00;NO3;Husholdning;1438085,207;410125
2026-01-07 19:00:00+01:00;2026-01-07T20:00:00+01:00;NO4;Husholdning;985227,424;246459
2026-01-07 19:00:00+01:00;2026-01-07T20:00:00+01:00;NO5;Husholdning;911068,267;260314
2026-01-07 20:00:00+01:00;2026-01-07T21:00:00+01:00;NO1;Husholdning;3780366,119;1119951
2026-01-07 20:00:00+01:00;2026-01-07T21:00:00+01:00;NO2;Husholdning;2239999,049;632686
2026-01-07 20:00:00+01:00;2026-01-07T21:00:00+01:00;NO3;Husholdning;1449703,63;410125
2026-01-07 20:00:00+01:00;2026-01-07T21:00:00+01:00;NO4;Husholdning;990296,405;246459
2026-01-07 20:00:00+01:00;2026-01-07T21:00:00+01:00;NO5;Husholdning;919432,212;260314
2026-01-07 21:00:00+01:00;2026-01-07T22:00:00+01:00;NO1;Husholdning;3748656,201;1119951
2026-01-07 21:00:00+01:00;2026-01-07T22:00:00+01:00;NO2;Husholdning;2228526,978;632686
2026-01-07 21:00:00+01:00;2026-01-07T22:00:00+01:00;NO3;Husholdning;1448134,633;410125
2026-01-07 21:00:00+01:00;2026-01-07T22:00:00+01:00;NO4;Husholdning;989814,143;246459
2026-01-07 21:00:00+01:00;2026-01-07T22:00:00+01:00;NO5;Husholdning;921939,183;260314
2026-01-07 22:00:00+01:00;2026-01-07T23:00:00+01:00;NO1;Husholdning;3640693,753;1119951
2026-01-07 22:00:00+01:00;2026-01-07T23:00:00+01:00;NO2;Husholdning;2182091,012;632686
2026-01-07 22:00:00+01:00;2026-01-07T23:00:00+01:00;NO3;Husholdning;1429069,661;410125
2026-01-07 22:00:00+01:00;2026-01-07T23:00:00+01:00;NO4;Husholdning;978166,997;246459
2026-01-07 22:00:00+01:00;2026-01-07T23:00:00+01:00;NO5;Husholdning;903175,78;260314
2026-01-07 23:00:00+01:00;2026-01-08T00:00:00+01:00;NO1;Husholdning;3444256,409;1119951
2026-01-07 23:00:00+01:00;2026-01-08T00:00:00+01:00;NO2;Husholdning;2084265,127;632686
2026-01-07 23:00:00+01:00;2026-01-08T00:00:00+01:00;NO3;Husholdning;1379404,321;410125
2026-01-07 23:00:00+01:00;2026-01-08T00:00:00+01:00;NO4;Husholdning;953313,834;246459
2026-01-07 23:00:00+01:00;2026-01-08T00:00:00+01:00;NO5;Husholdning;865355,353;260314
2026-01-08 00:00:00+01:00;2026-01-08T01:00:00+01:00;NO1;Husholdning;3283524,548;1119980
2026-01-08 00:00:00+01:00;2026-01-08T01:00:00+01:00;NO2;Husholdning;1987767,68;632702
2026-01-08 00:00:00+01:00;2026-01-08T01:00:00+01:00;NO3;Husholdning;1319262,03;410132
2026-01-08 00:00:00+01:00;2026-01-08T01:00:00+01:00;NO4;Husholdning;921174,985;246461
2026-01-08 00:00:00+01:00;2026-01-08T01:00:00+01:00;NO5;Husholdning;827073,493;260326
2026-01-08 01:00:00+01:00;2026-01-08T02:00:00+01:00;NO1;Husholdning;3160653,909;1119980
2026-01-08 01:00:00+01:00;2026-01-08T02:00:00+01:00;NO2;Husholdning;1927918,511;632702
2026-01-08 01:00:00+01:00;2026-01-08T02:00:00+01:00;NO3;Husholdning;1274459,514;410132
2026-01-08 01:00:00+01:00;2026-01-08T02:00:00+01:00;NO4;Husholdning;893119,73;246461
2026-01-08 01:00:00+01:00;2026-01-08T02:00:00+01:00;NO5;Husholdning;797895,144;260326
2026-01-08 02:00:00+01:00;2026-01-08T03:00:00+01:00;NO1;Husholdning;3077217,029;1119980
2026-01-08 02:00:00+01:00;2026-01-08T03:00:00+01:00;NO2;Husholdning;1891562,385;632702
2026-01-08 02:00:00+01:00;2026-01-08T03:00:00+01:00;NO3;Husholdning;1250134,135;410132
2026-01-08 02:00:00+01:00;2026-01-08T03:00:00+01:00;NO4;Husholdning;876981,188;246461
2026-01-08 02:00:00+01:00;2026-01-08T03:00:00+01:00;NO5;Husholdning;778828,831;260326
2026-01-08 03:00:00+01:00;2026-01-08T04:00:00+01:00;NO1;Husholdning;3019169,872;1119980
2026-01-08 03:00:00+01:00;2026-01-08T04:00:00+01:00;NO2;Husholdning;1871356,617;632702
2026-01-08 03:00:00+01:00;2026-01-08T04:00:00+01:00;NO3;Husholdning;1228808,477;410132
2026-01-08 03:00:00+01:00;2026-01-08T04:00:00+01:00;NO4;Husholdning;868467,141;246461
2026-01-08 03:00:00+01:00;2026-01-08T04:00:00+01:00;NO5;Husholdning;769654,37;260326
2026-01-08 04:00:00+01:00;2026-01-08T05:00:00+01:00;NO1;Husholdning;2989478,876;1119980
2026-01-08 04:00:00+01:00;2026-01-08T05:00:00+01:00;NO2;Husholdning;1866164,395;632702
2026-01-08 04:00:00+01:00;2026-01-08T05:00:00+01:00;NO3;Husholdning;1222293,974;410132
2026-01-08 04:00:00+01:00;2026-01-08T05:00:00+01:00;NO4;Husholdning;866273,664;246461
2026-01-08 04:00:00+01:00;2026-01-08T05:00:00+01:00;NO5;Husholdning;764877,685;260326
2026-01-08 05:00:00+01:00;2026-01-08T06:00:00+01:00;NO1;Husholdning;3022085,07;1119980
2026-01-08 05:00:00+01:00;2026-01-08T06:00:00+01:00;NO2;Husholdning;1892942,429;632702
2026-01-08 05:00:00+01:00;2026-01-08T06:00:00+01:00;NO3;Husholdning;1226043,065;410132
2026-01-08 05:00:00+01:00;2026-01-08T06:00:00+01:00;NO4;Husholdning;872445,876;246461
2026-01-08 05:00:00+01:00;2026-01-08T06:00:00+01:00;NO5;Husholdning;770150,747;260326
2026-01-08 06:00:00+01:00;2026-01-08T07:00:00+01:00;NO1;Husholdning;3190364,552;1119980
2026-01-08 06:00:00+01:00;2026-01-08T07:00:00+01:00;NO2;Husholdning;2000776,91;632702
2026-01-08 06:00:00+01:00;2026-01-08T07:00:00+01:00;NO3;Husholdning;1262794,205;410132
2026-01-08 06:00:00+01:00;2026-01-08T07:00:00+01:00;NO4;Husholdning;900949,171;246461
2026-01-08 06:00:00+01:00;2026-01-08T07:00:00+01:00;NO5;Husholdning;803343,079;260326
2026-01-08 07:00:00+01:00;2026-01-08T08:00:00+01:00;NO1;Husholdning;3388609,626;1119980
2026-01-08 07:00:00+01:00;2026-01-08T08:00:00+01:00;NO2;Husholdning;2107333,467;632702
2026-01-08 07:00:00+01:00;2026-01-08T08:00:00+01:00;NO3;Husholdning;1307984,63;410132
2026-01-08 07:00:00+01:00;2026-01-08T08:00:00+01:00;NO4;Husholdning;936837,911;246461
2026-01-08 07:00:00+01:00;2026-01-08T08:00:00+01:00;NO5;Husholdning;841990,839;260326
2026-01-08 08:00:00+01:00;2026-01-08T09:00:00+01:00;NO1;Husholdning;3373047,393;1119980
2026-01-08 08:00:00+01:00;2026-01-08T09:00:00+01:00;NO2;Husholdning;2090843,313;632702
2026-01-08 08:00:00+01:00;2026-01-08T09:00:00+01:00;NO3;Husholdning;1285476,668;410132
2026-01-08 08:00:00+01:00;2026-01-08T09:00:00+01:00;NO4;Husholdning;928099,024;246461
2026-01-08 08:00:00+01:00;2026-01-08T09:00:00+01:00;NO5;Husholdning;835729,513;260326
2026-01-08 09:00:00+01:00;2026-01-08T10:00:00+01:00;NO1;Husholdning;3338598,704;1119980
2026-01-08 09:00:00+01:00;2026-01-08T10:00:00+01:00;NO2;Husholdning;2080532,474;632702
2026-01-08 09:00:00+01:00;2026-01-08T10:00:00+01:00;NO3;Husholdning;1269367,866;410132
2026-01-08 09:00:00+01:00;2026-01-08T10:00:00+01:00;NO4;Husholdning;919072,39;246461
2026-01-08 09:00:00+01:00;2026-01-08T10:00:00+01:00;NO5;Husholdning;832591,236;260326
2026-01-08 10:00:00+01:00;2026-01-08T11:00:00+01:00;NO1;Husholdning;3311845,015;1119980
2026-01-08 10:00:00+01:00;2026-01-08T11:00:00+01:00;NO2;Husholdning;2058153,986;632702
2026-01-08 10:00:00+01:00;2026-01-08T11:00:00+01:00;NO3;Husholdning;1254699,782;410132
2026-01-08 10:00:00+01:00;2026-01-08T11:00:00+01:00;NO4;Husholdning;913769,906;246461
2026-01-08 10:00:00+01:00;2026-01-08T11:00:00+01:00;NO5;Husholdning;828410,703;260326
2026-01-08 11:00:00+01:00;2026-01-08T12:00:00+01:00;NO1;Husholdning;3277842,678;1119980
2026-01-08 11:00:00+01:00;2026-01-08T12:00:00+01:00;NO2;Husholdning;2028627,284;632702
2026-01-08 11:00:00+01:00;2026-01-08T12:00:00+01:00;NO3;Husholdning;1244755,593;410132
2026-01-08 11:00:00+01:00;2026-01-08T12:00:00+01:00;NO4;Husholdning;909861,818;246461
2026-01-08 11:00:00+01:00;2026-01-08T12:00:00+01:00;NO5;Husholdning;818760,141;260326
2026-01-08 12:00:00+01:00;2026-01-08T13:00:00+01:00;NO1;Husholdning;3224103,108;1119980
2026-01-08 12:00:00+01:00;2026-01-08T13:00:00+01:00;NO2;Husholdning;1985530,355;632702
2026-01-08 12:00:00+01:00;2026-01-08T13:00:00+01:00;NO3;Husholdning;1229887,204;410132
2026-01-08 12:00:00+01:00;2026-01-08T13:00:00+01:00;NO4;Husholdning;906972,707;246461
2026-01-08 12:00:00+01:00;2026-01-08T13:00:00+01:00;NO5;Husholdning;806326,91;260326
2026-01-08 13:00:00+01:00;2026-01-08T14:00:00+01:00;NO1;Husholdning;3188989,961;1119980
2026-01-08 13:00:00+01:00;2026-01-08T14:00:00+01:00;NO2;Husholdning;1957170,842;632702
2026-01-08 13:00:00+01:00;2026-01-08T14:00:00+01:00;NO3;Husholdning;1225107,049;410132
2026-01-08 13:00:00+01:00;2026-01-08T14:00:00+01:00;NO4;Husholdning;912317,985;246461
2026-01-08 13:00:00+01:00;2026-01-08T14:00:00+01:00;NO5;Husholdning;800077,501;260326
2026-01-08 14:00:00+01:00;2026-01-08T15:00:00+01:00;NO1;Husholdning;3235135,034;1119980
2026-01-08 14:00:00+01:00;2026-01-08T15:00:00+01:00;NO2;Husholdning;1987393,159;632702
2026-01-08 14:00:00+01:00;2026-01-08T15:00:00+01:00;NO3;Husholdning;1244277,316;410132
2026-01-08 14:00:00+01:00;2026-01-08T15:00:00+01:00;NO4;Husholdning;930195,729;246461
2026-01-08 14:00:00+01:00;2026-01-08T15:00:00+01:00;NO5;Husholdning;811315,739;260326
2026-01-08 15:00:00+01:00;2026-01-08T16:00:00+01:00;NO1;Husholdning;3412908,964;1119980
2026-01-08 15:00:00+01:00;2026-01-08T16:00:00+01:00;NO2;Husholdning;2101720,608;632702
2026-01-08 15:00:00+01:00;2026-01-08T16:00:00+01:00;NO3;Husholdning;1303100,886;410132
2026-01-08 15:00:00+01:00;2026-01-08T16:00:00+01:00;NO4;Husholdning;965138,169;246461
2026-01-08 15:00:00+01:00;2026-01-08T16:00:00+01:00;NO5;Husholdning;854636,298;260326
2026-01-08 16:00:00+01:00;2026-01-08T17:00:00+01:00;NO1;Husholdning;3711420,865;1119980
2026-01-08 16:00:00+01:00;2026-01-08T17:00:00+01:00;NO2;Husholdning;2255121,949;632702
2026-01-08 16:00:00+01:00;2026-01-08T17:00:00+01:00;NO3;Husholdning;1380801,731;410132
2026-01-08 16:00:00+01:00;2026-01-08T17:00:00+01:00;NO4;Husholdning;996582,31;246461
2026-01-08 16:00:00+01:00;2026-01-08T17:00:00+01:00;NO5;Husholdning;919317,918;260326
2026-01-08 17:00:00+01:00;2026-01-08T18:00:00+01:00;NO1;Husholdning;3860569,756;1119980
2026-01-08 17:00:00+01:00;2026-01-08T18:00:00+01:00;NO2;Husholdning;2291406,395;632702
2026-01-08 17:00:00+01:00;2026-01-08T18:00:00+01:00;NO3;Husholdning;1388945,434;410132
2026-01-08 17:00:00+01:00;2026-01-08T18:00:00+01:00;NO4;Husholdning;990930,994;246461
2026-01-08 17:00:00+01:00;2026-01-08T18:00:00+01:00;NO5;Husholdning;938054,188;260326
2026-01-08 18:00:00+01:00;2026-01-08T19:00:00+01:00;NO1;Husholdning;3895782,771;1119980
2026-01-08 18:00:00+01:00;2026-01-08T19:00:00+01:00;NO2;Husholdning;2283930,793;632702
2026-01-08 18:00:00+01:00;2026-01-08T19:00:00+01:00;NO3;Husholdning;1377171,57;410132
2026-01-08 18:00:00+01:00;2026-01-08T19:00:00+01:00;NO4;Husholdning;982652,034;246461
2026-01-08 18:00:00+01:00;2026-01-08T19:00:00+01:00;NO5;Husholdning;938497,224;260326
2026-01-08 19:00:00+01:00;2026-01-08T20:00:00+01:00;NO1;Husholdning;3899798,483;1119980
2026-01-08 19:00:00+01:00;2026-01-08T20:00:00+01:00;NO2;Husholdning;2278318,197;632702
2026-01-08 19:00:00+01:00;2026-01-08T20:00:00+01:00;NO3;Husholdning;1380925,536;410132
2026-01-08 19:00:00+01:00;2026-01-08T20:00:00+01:00;NO4;Husholdning;983791,454;246461
2026-01-08 19:00:00+01:00;2026-01-08T20:00:00+01:00;NO5;Husholdning;938849,533;260326
2026-01-08 20:00:00+01:00;2026-01-08T21:00:00+01:00;NO1;Husholdning;3899501,369;1119980
2026-01-08 20:00:00+01:00;2026-01-08T21:00:00+01:00;NO2;Husholdning;2270009,084;632702
2026-01-08 20:00:00+01:00;2026-01-08T21:00:00+01:00;NO3;Husholdning;1397197,15;410132
2026-01-08 20:00:00+01:00;2026-01-08T21:00:00+01:00;NO4;Husholdning;988281,582;246461
2026-01-08 20:00:00+01:00;2026-01-08T21:00:00+01:00;NO5;Husholdning;943455,851;260326
2026-01-08 21:00:00+01:00;2026-01-08T22:00:00+01:00;NO1;Husholdning;3869789,424;1119980
2026-01-08 21:00:00+01:00;2026-01-08T22:00:00+01:00;NO2;Husholdning;2235640,312;632702
2026-01-08 21:00:00+01:00;2026-01-08T22:00:00+01:00;NO3;Husholdning;1401918,755;410132
2026-01-08 21:00:00+01:00;2026-01-08T22:00:00+01:00;NO4;Husholdning;987222,937;246461
2026-01-08 21:00:00+01:00;2026-01-08T22:00:00+01:00;NO5;Husholdning;935660,416;260326
2026-01-08 22:00:00+01:00;2026-01-08T23:00:00+01:00;NO1;Husholdning;3764696,882;1119980
2026-01-08 22:00:00+01:00;2026-01-08T23:00:00+01:00;NO2;Husholdning;2172841,241;632702
2026-01-08 22:00:00+01:00;2026-01-08T23:00:00+01:00;NO3;Husholdning;1383433,118;410132
2026-01-08 22:00:00+01:00;2026-01-08T23:00:00+01:00;NO4;Husholdning;972360,083;246461
2026-01-08 22:00:00+01:00;2026-01-08T23:00:00+01:00;NO5;Husholdning;916578,058;260326
2026-01-08 23:00:00+01:00;2026-01-09T00:00:00+01:00;NO1;Husholdning;3601097,341;1119980
2026-01-08 23:00:00+01:00;2026-01-09T00:00:00+01:00;NO2;Husholdning;2076811,828;632702
2026-01-08 23:00:00+01:00;2026-01-09T00:00:00+01:00;NO3;Husholdning;1329055,65;410132
2026-01-08 23:00:00+01:00;2026-01-09T00:00:00+01:00;NO4;Husholdning;945793,644;246461
2026-01-08 23:00:00+01:00;2026-01-09T00:00:00+01:00;NO5;Husholdning;874966,798;260326
2026-01-09 00:00:00+01:00;2026-01-09T01:00:00+01:00;NO1;Husholdning;3426134,619;1120024
2026-01-09 00:00:00+01:00;2026-01-09T01:00:00+01:00;NO2;Husholdning;1970726,225;632723
2026-01-09 00:00:00+01:00;2026-01-09T01:00:00+01:00;NO3;Husholdning;1249860,252;410141
2026-01-09 00:00:00+01:00;2026-01-09T01:00:00+01:00;NO4;Husholdning;909536,999;246463
2026-01-09 00:00:00+01:00;2026-01-09T01:00:00+01:00;NO5;Husholdning;829798,622;260330
2026-01-09 01:00:00+01:00;2026-01-09T02:00:00+01:00;NO1;Husholdning;3292379,993;1120024
2026-01-09 01:00:00+01:00;2026-01-09T02:00:00+01:00;NO2;Husholdning;1889657,671;632723
2026-01-09 01:00:00+01:00;2026-01-09T02:00:00+01:00;NO3;Husholdning;1197535,509;410141
2026-01-09 01:00:00+01:00;2026-01-09T02:00:00+01:00;NO4;Husholdning;881107,315;246463
2026-01-09 01:00:00+01:00;2026-01-09T02:00:00+01:00;NO5;Husholdning;793578,543;260330
2026-01-09 02:00:00+01:00;2026-01-09T03:00:00+01:00;NO1;Husholdning;3211222,278;1120024
2026-01-09 02:00:00+01:00;2026-01-09T03:00:00+01:00;NO2;Husholdning;1838769,68;632723
2026-01-09 02:00:00+01:00;2026-01-09T03:00:00+01:00;NO3;Husholdning;1173171,954;410141
2026-01-09 02:00:00+01:00;2026-01-09T03:00:00+01:00;NO4;Husholdning;864536,073;246463
2026-01-09 02:00:00+01:00;2026-01-09T03:00:00+01:00;NO5;Husholdning;767331,538;260330
2026-01-09 03:00:00+01:00;2026-01-09T04:00:00+01:00;NO1;Husholdning;3148138,714;1120024
2026-01-09 03:00:00+01:00;2026-01-09T04:00:00+01:00;NO2;Husholdning;1800054,845;632723
2026-01-09 03:00:00+01:00;2026-01-09T04:00:00+01:00;NO3;Husholdning;1156367,248;410141
2026-01-09 03:00:00+01:00;2026-01-09T04:00:00+01:00;NO4;Husholdning;854350,886;246463
2026-01-09 03:00:00+01:00;2026-01-09T04:00:00+01:00;NO5;Husholdning;752313,341;260330
2026-01-09 04:00:00+01:00;2026-01-09T05:00:00+01:00;NO1;Husholdning;3108941,971;1120024
2026-01-09 04:00:00+01:00;2026-01-09T05:00:00+01:00;NO2;Husholdning;1773808,996;632723
2026-01-09 04:00:00+01:00;2026-01-09T05:00:00+01:00;NO3;Husholdning;1148431,956;410141
2026-01-09 04:00:00+01:00;2026-01-09T05:00:00+01:00;NO4;Husholdning;849386,469;246463
2026-01-09 04:00:00+01:00;2026-01-09T05:00:00+01:00;NO5;Husholdning;744576,193;260330
2026-01-09 05:00:00+01:00;2026-01-09T06:00:00+01:00;NO1;Husholdning;3120519,35;1120024
2026-01-09 05:00:00+01:00;2026-01-09T06:00:00+01:00;NO2;Husholdning;1780514,608;632723
2026-01-09 05:00:00+01:00;2026-01-09T06:00:00+01:00;NO3;Husholdning;1153586,888;410141
2026-01-09 05:00:00+01:00;2026-01-09T06:00:00+01:00;NO4;Husholdning;852047,353;246463
2026-01-09 05:00:00+01:00;2026-01-09T06:00:00+01:00;NO5;Husholdning;745045,562;260330
2026-01-09 06:00:00+01:00;2026-01-09T07:00:00+01:00;NO1;Husholdning;3248318,273;1120024
2026-01-09 06:00:00+01:00;2026-01-09T07:00:00+01:00;NO2;Husholdning;1855279,848;632723
2026-01-09 06:00:00+01:00;2026-01-09T07:00:00+01:00;NO3;Husholdning;1198822,537;410141
2026-01-09 06:00:00+01:00;2026-01-09T07:00:00+01:00;NO4;Husholdning;878363,272;246463
2026-01-09 06:00:00+01:00;2026-01-09T07:00:00+01:00;NO5;Husholdning;773292,606;260330
2026-01-09 07:00:00+01:00;2026-01-09T08:00:00+01:00;NO1;Husholdning;3413340,343;1120024
2026-01-09 07:00:00+01:00;2026-01-09T08:00:00+01:00;NO2;Husholdning;1946475,177;632723
2026-01-09 07:00:00+01:00;2026-01-09T08:00:00+01:00;NO3;Husholdning;1250677,684;410141
2026-01-09 07:00:00+01:00;2026-01-09T08:00:00+01:00;NO4;Husholdning;916495,874;246463
2026-01-09 07:00:00+01:00;2026-01-09T08:00:00+01:00;NO5;Husholdning;808414,578;260330
2026-01-09 08:00:00+01:00;2026-01-09T09:00:00+01:00;NO1;Husholdning;3380514,606;1120024
2026-01-09 08:00:00+01:00;2026-01-09T09:00:00+01:00;NO2;Husholdning;1922192,569;632723
2026-01-09 08:00:00+01:00;2026-01-09T09:00:00+01:00;NO3;Husholdning;1234936,389;410141
2026-01-09 08:00:00+01:00;2026-01-09T09:00:00+01:00;NO4;Husholdning;910445,394;246463
2026-01-09 08:00:00+01:00;2026-01-09T09:00:00+01:00;NO5;Husholdning;802943,468;260330
2026-01-09 09:00:00+01:00;2026-01-09T10:00:00+01:00;NO1;Husholdning;3333014,85;1120024
2026-01-09 09:00:00+01:00;2026-01-09T10:00:00+01:00;NO2;Husholdning;1896980,664;632723
2026-01-09 09:00:00+01:00;2026-01-09T10:00:00+01:00;NO3;Husholdning;1223285,509;410141
2026-01-09 09:00:00+01:00;2026-01-09T10:00:00+01:00;NO4;Husholdning;906318,084;246463
2026-01-09 09:00:00+01:00;2026-01-09T10:00:00+01:00;NO5;Husholdning;798088,131;260330
2026-01-09 10:00:00+01:00;2026-01-09T11:00:00+01:00;NO1;Husholdning;3293371,982;1120024
2026-01-09 10:00:00+01:00;2026-01-09T11:00:00+01:00;NO2;Husholdning;1874419,234;632723
2026-01-09 10:00:00+01:00;2026-01-09T11:00:00+01:00;NO3;Husholdning;1212700,09;410141
2026-01-09 10:00:00+01:00;2026-01-09T11:00:00+01:00;NO4;Husholdning;900844,256;246463
2026-01-09 10:00:00+01:00;2026-01-09T11:00:00+01:00;NO5;Husholdning;792323,481;260330
2026-01-09 11:00:00+01:00;2026-01-09T12:00:00+01:00;NO1;Husholdning;3271673,87;1120024
2026-01-09 11:00:00+01:00;2026-01-09T12:00:00+01:00;NO2;Husholdning;1851822,487;632723
2026-01-09 11:00:00+01:00;2026-01-09T12:00:00+01:00;NO3;Husholdning;1201321,426;410141
2026-01-09 11:00:00+01:00;2026-01-09T12:00:00+01:00;NO4;Husholdning;897733,955;246463
2026-01-09 11:00:00+01:00;2026-01-09T12:00:00+01:00;NO5;Husholdning;781656,368;260330
2026-01-09 12:00:00+01:00;2026-01-09T13:00:00+01:00;NO1;Husholdning;3238552,591;1120024
2026-01-09 12:00:00+01:00;2026-01-09T13:00:00+01:00;NO2;Husholdning;1827999,062;632723
2026-01-09 12:00:00+01:00;2026-01-09T13:00:00+01:00;NO3;Husholdning;1188226,083;410141
2026-01-09 12:00:00+01:00;2026-01-09T13:00:00+01:00;NO4;Husholdning;895561,325;246463
2026-01-09 12:00:00+01:00;2026-01-09T13:00:00+01:00;NO5;Husholdning;765353,868;260330
2026-01-09 13:00:00+01:00;2026-01-09T14:00:00+01:00;NO1;Husholdning;3233868,052;1120024
2026-01-09 13:00:00+01:00;2026-01-09T14:00:00+01:00;NO2;Husholdning;1824406,23;632723
2026-01-09 13:00:00+01:00;2026-01-09T14:00:00+01:00;NO3;Husholdning;1184372,471;410141
2026-01-09 13:00:00+01:00;2026-01-09T14:00:00+01:00;NO4;Husholdning;900563,177;246463
2026-01-09 13:00:00+01:00;2026-01-09T14:00:00+01:00;NO5;Husholdning;756003,384;260330
2026-01-09 14:00:00+01:00;2026-01-09T15:00:00+01:00;NO1;Husholdning;3271874,422;1120024
2026-01-09 14:00:00+01:00;2026-01-09T15:00:00+01:00;NO2;Husholdning;1853521,173;632723
2026-01-09 14:00:00+01:00;2026-01-09T15:00:00+01:00;NO3;Husholdning;1198432,354;410141
2026-01-09 14:00:00+01:00;2026-01-09T15:00:00+01:00;NO4;Husholdning;916447,482;246463
2026-01-09 14:00:00+01:00;2026-01-09T15:00:00+01:00;NO5;Husholdning;762149,956;260330
2026-01-09 15:00:00+01:00;2026-01-09T16:00:00+01:00;NO1;Husholdning;3377794,405;1120024
2026-01-09 15:00:00+01:00;2026-01-09T16:00:00+01:00;NO2;Husholdning;1940273,752;632723
2026-01-09 15:00:00+01:00;2026-01-09T16:00:00+01:00;NO3;Husholdning;1248246,854;410141
2026-01-09 15:00:00+01:00;2026-01-09T16:00:00+01:00;NO4;Husholdning;943488,673;246463
2026-01-09 15:00:00+01:00;2026-01-09T16:00:00+01:00;NO5;Husholdning;796573,238;260330
2026-01-09 16:00:00+01:00;2026-01-09T17:00:00+01:00;NO1;Husholdning;3559900,058;1120024
2026-01-09 16:00:00+01:00;2026-01-09T17:00:00+01:00;NO2;Husholdning;2063516,445;632723
2026-01-09 16:00:00+01:00;2026-01-09T17:00:00+01:00;NO3;Husholdning;1314079,982;410141
2026-01-09 16:00:00+01:00;2026-01-09T17:00:00+01:00;NO4;Husholdning;969848,449;246463
2026-01-09 16:00:00+01:00;2026-01-09T17:00:00+01:00;NO5;Husholdning;849680,046;260330
2026-01-09 17:00:00+01:00;2026-01-09T18:00:00+01:00;NO1;Husholdning;3656174,621;1120024
2026-01-09 17:00:00+01:00;2026-01-09T18:00:00+01:00;NO2;Husholdning;2110629,757;632723
2026-01-09 17:00:00+01:00;2026-01-09T18:00:00+01:00;NO3;Husholdning;1329157,451;410141
2026-01-09 17:00:00+01:00;2026-01-09T18:00:00+01:00;NO4;Husholdning;972901,107;246463
2026-01-09 17:00:00+01:00;2026-01-09T18:00:00+01:00;NO5;Husholdning;874082,88;260330
2026-01-09 18:00:00+01:00;2026-01-09T19:00:00+01:00;NO1;Husholdning;3651224,485;1120024
2026-01-09 18:00:00+01:00;2026-01-09T19:00:00+01:00;NO2;Husholdning;2109537,029;632723
2026-01-09 18:00:00+01:00;2026-01-09T19:00:00+01:00;NO3;Husholdning;1322638,184;410141
2026-01-09 18:00:00+01:00;2026-01-09T19:00:00+01:00;NO4;Husholdning;966627,6;246463
2026-01-09 18:00:00+01:00;2026-01-09T19:00:00+01:00;NO5;Husholdning;876589,548;260330
2026-01-09 19:00:00+01:00;2026-01-09T20:00:00+01:00;NO1;Husholdning;3586817,031;1120024
2026-01-09 19:00:00+01:00;2026-01-09T20:00:00+01:00;NO2;Husholdning;2083191,91;632723
2026-01-09 19:00:00+01:00;2026-01-09T20:00:00+01:00;NO3;Husholdning;1306441,5;410141
2026-01-09 19:00:00+01:00;2026-01-09T20:00:00+01:00;NO4;Husholdning;960547,866;246463
2026-01-09 19:00:00+01:00;2026-01-09T20:00:00+01:00;NO5;Husholdning;872228,283;260330
2026-01-09 20:00:00+01:00;2026-01-09T21:00:00+01:00;NO1;Husholdning;3502968,063;1120024
2026-01-09 20:00:00+01:00;2026-01-09T21:00:00+01:00;NO2;Husholdning;2037463,899;632723
2026-01-09 20:00:00+01:00;2026-01-09T21:00:00+01:00;NO3;Husholdning;1280402,124;410141
2026-01-09 20:00:00+01:00;2026-01-09T21:00:00+01:00;NO4;Husholdning;947136,742;246463
2026-01-09 20:00:00+01:00;2026-01-09T21:00:00+01:00;NO5;Husholdning;860829,138;260330
2026-01-09 21:00:00+01:00;2026-01-09T22:00:00+01:00;NO1;Husholdning;3409574,668;1120024
2026-01-09 21:00:00+01:00;2026-01-09T22:00:00+01:00;NO2;Husholdning;1989092,043;632723
2026-01-09 21:00:00+01:00;2026-01-09T22:00:00+01:00;NO3;Husholdning;1255128,563;410141
2026-01-09 21:00:00+01:00;2026-01-09T22:00:00+01:00;NO4;Husholdning;930735,73;246463
2026-01-09 21:00:00+01:00;2026-01-09T22:00:00+01:00;NO5;Husholdning;846641,059;260330
2026-01-09 22:00:00+01:00;2026-01-09T23:00:00+01:00;NO1;Husholdning;3332890,943;1120024
2026-01-09 22:00:00+01:00;2026-01-09T23:00:00+01:00;NO2;Husholdning;1948723,347;632723
2026-01-09 22:00:00+01:00;2026-01-09T23:00:00+01:00;NO3;Husholdning;1236284,653;410141
2026-01-09 22:00:00+01:00;2026-01-09T23:00:00+01:00;NO4;Husholdning;918947,405;246463
2026-01-09 22:00:00+01:00;2026-01-09T23:00:00+01:00;NO5;Husholdning;831202,324;260330
2026-01-09 23:00:00+01:00;2026-01-10T00:00:00+01:00;NO1;Husholdning;3226560,152;1120024
2026-01-09 23:00:00+01:00;2026-01-10T00:00:00+01:00;NO2;Husholdning;1893262,836;632723
2026-01-09 23:00:00+01:00;2026-01-10T00:00:00+01:00;NO3;Husholdning;1209357,608;410141
2026-01-09 23:00:00+01:00;2026-01-10T00:00:00+01:00;NO4;Husholdning;903150,786;246463
2026-01-09 23:00:00+01:00;2026-01-10T00:00:00+01:00;NO5;Husholdning;809208,147;260330
2026-01-10 00:00:00+01:00;2026-01-10T01:00:00+01:00;NO1;Husholdning;3108557,703;1120027
2026-01-10 00:00:00+01:00;2026-01-10T01:00:00+01:00;NO2;Husholdning;1831737,112;632723
2026-01-10 00:00:00+01:00;2026-01-10T01:00:00+01:00;NO3;Husholdning;1167849,44;410141
2026-01-10 00:00:00+01:00;2026-01-10T01:00:00+01:00;NO4;Husholdning;878202,538;246460
2026-01-10 00:00:00+01:00;2026-01-10T01:00:00+01:00;NO5;Husholdning;783356,968;260329
2026-01-10 01:00:00+01:00;2026-01-10T02:00:00+01:00;NO1;Husholdning;3012617,558;1120027
2026-01-10 01:00:00+01:00;2026-01-10T02:00:00+01:00;NO2;Husholdning;1776279,225;632723
2026-01-10 01:00:00+01:00;2026-01-10T02:00:00+01:00;NO3;Husholdning;1129866,772;410141
2026-01-10 01:00:00+01:00;2026-01-10T02:00:00+01:00;NO4;Husholdning;856864,834;246460
2026-01-10 01:00:00+01:00;2026-01-10T02:00:00+01:00;NO5;Husholdning;757947,945;260329
2026-01-10 02:00:00+01:00;2026-01-10T03:00:00+01:00;NO1;Husholdning;2954596,741;1120027
2026-01-10 02:00:00+01:00;2026-01-10T03:00:00+01:00;NO2;Husholdning;1743743,14;632723
2026-01-10 02:00:00+01:00;2026-01-10T03:00:00+01:00;NO3;Husholdning;1105688,362;410141
2026-01-10 02:00:00+01:00;2026-01-10T03:00:00+01:00;NO4;Husholdning;840303,345;246460
2026-01-10 02:00:00+01:00;2026-01-10T03:00:00+01:00;NO5;Husholdning;742661,098;260329
2026-01-10 03:00:00+01:00;2026-01-10T04:00:00+01:00;NO1;Husholdning;2933850,226;1120027
2026-01-10 03:00:00+01:00;2026-01-10T04:00:00+01:00;NO2;Husholdning;1723529,786;632723
2026-01-10 03:00:00+01:00;2026-01-10T04:00:00+01:00;NO3;Husholdning;1088779,529;410141
2026-01-10 03:00:00+01:00;2026-01-10T04:00:00+01:00;NO4;Husholdning;830498,319;246460
2026-01-10 03:00:00+01:00;2026-01-10T04:00:00+01:00;NO5;Husholdning;732513,206;260329
2026-01-10 04:00:00+01:00;2026-01-10T05:00:00+01:00;NO1;Husholdning;2931485,88;1120027
2026-01-10 04:00:00+01:00;2026-01-10T05:00:00+01:00;NO2;Husholdning;1716038,735;632723
2026-01-10 04:00:00+01:00;2026-01-10T05:00:00+01:00;NO3;Husholdning;1076780,763;410141
2026-01-10 04:00:00+01:00;2026-01-10T05:00:00+01:00;NO4;Husholdning;824925,205;246460
2026-01-10 04:00:00+01:00;2026-01-10T05:00:00+01:00;NO5;Husholdning;726746,452;260329
2026-01-10 05:00:00+01:00;2026-01-10T06:00:00+01:00;NO1;Husholdning;2953612,265;1120027
2026-01-10 05:00:00+01:00;2026-01-10T06:00:00+01:00;NO2;Husholdning;1718957,47;632723
2026-01-10 05:00:00+01:00;2026-01-10T06:00:00+01:00;NO3;Husholdning;1074091,89;410141
2026-01-10 05:00:00+01:00;2026-01-10T06:00:00+01:00;NO4;Husholdning;824217,174;246460
2026-01-10 05:00:00+01:00;2026-01-10T06:00:00+01:00;NO5;Husholdning;724445,867;260329
2026-01-10 06:00:00+01:00;2026-01-10T07:00:00+01:00;NO1;Husholdning;3010089,462;1120027
2026-01-10 06:00:00+01:00;2026-01-10T07:00:00+01:00;NO2;Husholdning;1738352,116;632723
2026-01-10 06:00:00+01:00;2026-01-10T07:00:00+01:00;NO3;Husholdning;1080755,324;410141
2026-01-10 06:00:00+01:00;2026-01-10T07:00:00+01:00;NO4;Husholdning;830496,031;246460
2026-01-10 06:00:00+01:00;2026-01-10T07:00:00+01:00;NO5;Husholdning;728765,53;260329
2026-01-10 07:00:00+01:00;2026-01-10T08:00:00+01:00;NO1;Husholdning;3115205,377;1120027
2026-01-10 07:00:00+01:00;2026-01-10T08:00:00+01:00;NO2;Husholdning;1790143,929;632723
2026-01-10 07:00:00+01:00;2026-01-10T08:00:00+01:00;NO3;Husholdning;1103774,913;410141
2026-01-10 07:00:00+01:00;2026-01-10T08:00:00+01:00;NO4;Husholdning;844884,323;246460
2026-01-10 07:00:00+01:00;2026-01-10T08:00:00+01:00;NO5;Husholdning;743396,36;260329
2026-01-10 08:00:00+01:00;2026-01-10T09:00:00+01:00;NO1;Husholdning;3281105,557;1120027
2026-01-10 08:00:00+01:00;2026-01-10T09:00:00+01:00;NO2;Husholdning;1883089,705;632723
2026-01-10 08:00:00+01:00;2026-01-10T09:00:00+01:00;NO3;Husholdning;1153233,481;410141
2026-01-10 08:00:00+01:00;2026-01-10T09:00:00+01:00;NO4;Husholdning;869997,043;246460
2026-01-10 08:00:00+01:00;2026-01-10T09:00:00+01:00;NO5;Husholdning;776281,595;260329
2026-01-10 09:00:00+01:00;2026-01-10T10:00:00+01:00;NO1;Husholdning;3462784,545;1120027
2026-01-10 09:00:00+01:00;2026-01-10T10:00:00+01:00;NO2;Husholdning;1978919,981;632723
2026-01-10 09:00:00+01:00;2026-01-10T10:00:00+01:00;NO3;Husholdning;1210186,355;410141
2026-01-10 09:00:00+01:00;2026-01-10T10:00:00+01:00;NO4;Husholdning;902055,774;246460
2026-01-10 09:00:00+01:00;2026-01-10T10:00:00+01:00;NO5;Husholdning;814077,481;260329
2026-01-10 10:00:00+01:00;2026-01-10T11:00:00+01:00;NO1;Husholdning;3558446,775;1120027
2026-01-10 10:00:00+01:00;2026-01-10T11:00:00+01:00;NO2;Husholdning;2027696,729;632723
2026-01-10 10:00:00+01:00;2026-01-10T11:00:00+01:00;NO3;Husholdning;1244953,925;410141
2026-01-10 10:00:00+01:00;2026-01-10T11:00:00+01:00;NO4;Husholdning;924757,427;246460
2026-01-10 10:00:00+01:00;2026-01-10T11:00:00+01:00;NO5;Husholdning;840674,246;260329
2026-01-10 11:00:00+01:00;2026-01-10T12:00:00+01:00;NO1;Husholdning;3556848,979;1120027
2026-01-10 11:00:00+01:00;2026-01-10T12:00:00+01:00;NO2;Husholdning;2025760,521;632723
2026-01-10 11:00:00+01:00;2026-01-10T12:00:00+01:00;NO3;Husholdning;1249748,101;410141
2026-01-10 11:00:00+01:00;2026-01-10T12:00:00+01:00;NO4;Husholdning;933174,598;246460
2026-01-10 11:00:00+01:00;2026-01-10T12:00:00+01:00;NO5;Husholdning;845163,123;260329
2026-01-10 12:00:00+01:00;2026-01-10T13:00:00+01:00;NO1;Husholdning;3502403,023;1120027
2026-01-10 12:00:00+01:00;2026-01-10T13:00:00+01:00;NO2;Husholdning;1995113,792;632723
2026-01-10 12:00:00+01:00;2026-01-10T13:00:00+01:00;NO3;Husholdning;1236376,732;410141
2026-01-10 12:00:00+01:00;2026-01-10T13:00:00+01:00;NO4;Husholdning;933107,828;246460
2026-01-10 12:00:00+01:00;2026-01-10T13:00:00+01:00;NO5;Husholdning;835843,154;260329
2026-01-10 13:00:00+01:00;2026-01-10T14:00:00+01:00;NO1;Husholdning;3452946,666;1120027
2026-01-10 13:00:00+01:00;2026-01-10T14:00:00+01:00;NO2;Husholdning;1970808,946;632723
2026-01-10 13:00:00+01:00;2026-01-10T14:00:00+01:00;NO3;Husholdning;1227840,141;410141
2026-01-10 13:00:00+01:00;2026-01-10T14:00:00+01:00;NO4;Husholdning;934526,3;246460
2026-01-10 13:00:00+01:00;2026-01-10T14:00:00+01:00;NO5;Husholdning;827225,945;260329
2026-01-10 14:00:00+01:00;2026-01-10T15:00:00+01:00;NO1;Husholdning;3459368,104;1120027
2026-01-10 14:00:00+01:00;2026-01-10T15:00:00+01:00;NO2;Husholdning;1972527,442;632723
2026-01-10 14:00:00+01:00;2026-01-10T15:00:00+01:00;NO3;Husholdning;1235884,967;410141
2026-01-10 14:00:00+01:00;2026-01-10T15:00:00+01:00;NO4;Husholdning;942157,392;246460
2026-01-10 14:00:00+01:00;2026-01-10T15:00:00+01:00;NO5;Husholdning;823578,031;260329
2026-01-10 15:00:00+01:00;2026-01-10T16:00:00+01:00;NO1;Husholdning;3551009,405;1120027
2026-01-10 15:00:00+01:00;2026-01-10T16:00:00+01:00;NO2;Husholdning;2011568,304;632723
2026-01-10 15:00:00+01:00;2026-01-10T16:00:00+01:00;NO3;Husholdning;1270188,086;410141
2026-01-10 15:00:00+01:00;2026-01-10T16:00:00+01:00;NO4;Husholdning;952312,733;246460
2026-01-10 15:00:00+01:00;2026-01-10T16:00:00+01:00;NO5;Husholdning;834923,67;260329
2026-01-10 16:00:00+01:00;2026-01-10T17:00:00+01:00;NO1;Husholdning;3740025,092;1120027
2026-01-10 16:00:00+01:00;2026-01-10T17:00:00+01:00;NO2;Husholdning;2102552,732;632723
2026-01-10 16:00:00+01:00;2026-01-10T17:00:00+01:00;NO3;Husholdning;1315962,276;410141
2026-01-10 16:00:00+01:00;2026-01-10T17:00:00+01:00;NO4;Husholdning;964032,667;246460
2026-01-10 16:00:00+01:00;2026-01-10T17:00:00+01:00;NO5;Husholdning;864603,091;260329
2026-01-10 17:00:00+01:00;2026-01-10T18:00:00+01:00;NO1;Husholdning;3856487,537;1120027
2026-01-10 17:00:00+01:00;2026-01-10T18:00:00+01:00;NO2;Husholdning;2165260,919;632723
2026-01-10 17:00:00+01:00;2026-01-10T18:00:00+01:00;NO3;Husholdning;1339973,008;410141
2026-01-10 17:00:00+01:00;2026-01-10T18:00:00+01:00;NO4;Husholdning;965899,28;246460
2026-01-10 17:00:00+01:00;2026-01-10T18:00:00+01:00;NO5;Husholdning;886822,439;260329
2026-01-10 18:00:00+01:00;2026-01-10T19:00:00+01:00;NO1;Husholdning;3909143,596;1120027
2026-01-10 18:00:00+01:00;2026-01-10T19:00:00+01:00;NO2;Husholdning;2193942,068;632723
2026-01-10 18:00:00+01:00;2026-01-10T19:00:00+01:00;NO3;Husholdning;1351246,168;410141
2026-01-10 18:00:00+01:00;2026-01-10T19:00:00+01:00;NO4;Husholdning;965589,482;246460
2026-01-10 18:00:00+01:00;2026-01-10T19:00:00+01:00;NO5;Husholdning;896262,338;260329
2026-01-10 19:00:00+01:00;2026-01-10T20:00:00+01:00;NO1;Husholdning;3889658,622;1120027
2026-01-10 19:00:00+01:00;2026-01-10T20:00:00+01:00;NO2;Husholdning;2168409,768;632723
2026-01-10 19:00:00+01:00;2026-01-10T20:00:00+01:00;NO3;Husholdning;1338049,043;410141
2026-01-10 19:00:00+01:00;2026-01-10T20:00:00+01:00;NO4;Husholdning;958068,726;246460
2026-01-10 19:00:00+01:00;2026-01-10T20:00:00+01:00;NO5;Husholdning;884623,626;260329
2026-01-10 20:00:00+01:00;2026-01-10T21:00:00+01:00;NO1;Husholdning;3805368,134;1120027
2026-01-10 20:00:00+01:00;2026-01-10T21:00:00+01:00;NO2;Husholdning;2108232,982;632723
2026-01-10 20:00:00+01:00;2026-01-10T21:00:00+01:00;NO3;Husholdning;1311265,855;410141
2026-01-10 20:00:00+01:00;2026-01-10T21:00:00+01:00;NO4;Husholdning;940031,58;246460
2026-01-10 20:00:00+01:00;2026-01-10T21:00:00+01:00;NO5;Husholdning;854687,797;260329
2026-01-10 21:00:00+01:00;2026-01-10T22:00:00+01:00;NO1;Husholdning;3736027,292;1120027
2026-01-10 21:00:00+01:00;2026-01-10T22:00:00+01:00;NO2;Husholdning;2055493,535;632723
2026-01-10 21:00:00+01:00;2026-01-10T22:00:00+01:00;NO3;Husholdning;1283826,743;410141
2026-01-10 21:00:00+01:00;2026-01-10T22:00:00+01:00;NO4;Husholdning;920631,705;246460
2026-01-10 21:00:00+01:00;2026-01-10T22:00:00+01:00;NO5;Husholdning;830066,22;260329
2026-01-10 22:00:00+01:00;2026-01-10T23:00:00+01:00;NO1;Husholdning;3678474,115;1120027
2026-01-10 22:00:00+01:00;2026-01-10T23:00:00+01:00;NO2;Husholdning;2016773,468;632723
2026-01-10 22:00:00+01:00;2026-01-10T23:00:00+01:00;NO3;Husholdning;1263733,351;410141
2026-01-10 22:00:00+01:00;2026-01-10T23:00:00+01:00;NO4;Husholdning;902432,069;246460
2026-01-10 22:00:00+01:00;2026-01-10T23:00:00+01:00;NO5;Husholdning;805491,986;260329
2026-01-10 23:00:00+01:00;2026-01-11T00:00:00+01:00;NO1;Husholdning;3608438,818;1120027
2026-01-10 23:00:00+01:00;2026-01-11T00:00:00+01:00;NO2;Husholdning;1977879,604;632723
2026-01-10 23:00:00+01:00;2026-01-11T00:00:00+01:00;NO3;Husholdning;1245970,762;410141
2026-01-10 23:00:00+01:00;2026-01-11T00:00:00+01:00;NO4;Husholdning;885921,181;246460
2026-01-10 23:00:00+01:00;2026-01-11T00:00:00+01:00;NO5;Husholdning;780122,302;260329
2026-01-11 00:00:00+01:00;2026-01-11T01:00:00+01:00;NO1;Husholdning;3525651,517;1120027
2026-01-11 00:00:00+01:00;2026-01-11T01:00:00+01:00;NO2;Husholdning;1929609,928;632718
2026-01-11 00:00:00+01:00;2026-01-11T01:00:00+01:00;NO3;Husholdning;1222259,309;410144
2026-01-11 00:00:00+01:00;2026-01-11T01:00:00+01:00;NO4;Husholdning;866567,8;246458
2026-01-11 00:00:00+01:00;2026-01-11T01:00:00+01:00;NO5;Husholdning;751115,729;260329
2026-01-11 01:00:00+01:00;2026-01-11T02:00:00+01:00;NO1;Husholdning;3456358,956;1120027
2026-01-11 01:00:00+01:00;2026-01-11T02:00:00+01:00;NO2;Husholdning;1882191,389;632718
2026-01-11 01:00:00+01:00;2026-01-11T02:00:00+01:00;NO3;Husholdning;1194289,85;410144
2026-01-11 01:00:00+01:00;2026-01-11T02:00:00+01:00;NO4;Husholdning;845883,048;246458
2026-01-11 01:00:00+01:00;2026-01-11T02:00:00+01:00;NO5;Husholdning;727346,92;260329
2026-01-11 02:00:00+01:00;2026-01-11T03:00:00+01:00;NO1;Husholdning;3402284,449;1120027
2026-01-11 02:00:00+01:00;2026-01-11T03:00:00+01:00;NO2;Husholdning;1847057,297;632718
2026-01-11 02:00:00+01:00;2026-01-11T03:00:00+01:00;NO3;Husholdning;1176416,714;410144
2026-01-11 02:00:00+01:00;2026-01-11T03:00:00+01:00;NO4;Husholdning;825106,48;246458
2026-01-11 02:00:00+01:00;2026-01-11T03:00:00+01:00;NO5;Husholdning;708477,597;260329
2026-01-11 03:00:00+01:00;2026-01-11T04:00:00+01:00;NO1;Husholdning;3381251,618;1120027
2026-01-11 03:00:00+01:00;2026-01-11T04:00:00+01:00;NO2;Husholdning;1830489,336;632718
2026-01-11 03:00:00+01:00;2026-01-11T04:00:00+01:00;NO3;Husholdning;1161740,804;410144
2026-01-11 03:00:00+01:00;2026-01-11T04:00:00+01:00;NO4;Husholdning;814291,12;246458
2026-01-11 03:00:00+01:00;2026-01-11T04:00:00+01:00;NO5;Husholdning;695585,859;260329
2026-01-11 04:00:00+01:00;2026-01-11T05:00:00+01:00;NO1;Husholdning;3379187,227;1120027
2026-01-11 04:00:00+01:00;2026-01-11T05:00:00+01:00;NO2;Husholdning;1820865,304;632718
2026-01-11 04:00:00+01:00;2026-01-11T05:00:00+01:00;NO3;Husholdning;1152965,39;410144
2026-01-11 04:00:00+01:00;2026-01-11T05:00:00+01:00;NO4;Husholdning;807733,014;246458
2026-01-11 04:00:00+01:00;2026-01-11T05:00:00+01:00;NO5;Husholdning;686766,204;260329
2026-01-11 05:00:00+01:00;2026-01-11T06:00:00+01:00;NO1;Husholdning;3385669,892;1120027
2026-01-11 05:00:00+01:00;2026-01-11T06:00:00+01:00;NO2;Husholdning;1821006,139;632718
2026-01-11 05:00:00+01:00;2026-01-11T06:00:00+01:00;NO3;Husholdning;1152402,21;410144
2026-01-11 05:00:00+01:00;2026-01-11T06:00:00+01:00;NO4;Husholdning;806143,993;246458
2026-01-11 05:00:00+01:00;2026-01-11T06:00:00+01:00;NO5;Husholdning;680117,408;260329
2026-01-11 06:00:00+01:00;2026-01-11T07:00:00+01:00;NO1;Husholdning;3417778,288;1120027
2026-01-11 06:00:00+01:00;2026-01-11T07:00:00+01:00;NO2;Husholdning;1833018,73;632718
2026-01-11 06:00:00+01:00;2026-01-11T07:00:00+01:00;NO3;Husholdning;1157462,094;410144
2026-01-11 06:00:00+01:00;2026-01-11T07:00:00+01:00;NO4;Husholdning;809709,478;246458
2026-01-11 06:00:00+01:00;2026-01-11T07:00:00+01:00;NO5;Husholdning;681698,788;260329
2026-01-11 07:00:00+01:00;2026-01-11T08:00:00+01:00;NO1;Husholdning;3478183,377;1120027
2026-01-11 07:00:00+01:00;2026-01-11T08:00:00+01:00;NO2;Husholdning;1866761,123;632718
2026-01-11 07:00:00+01:00;2026-01-11T08:00:00+01:00;NO3;Husholdning;1172912,16;410144
2026-01-11 07:00:00+01:00;2026-01-11T08:00:00+01:00;NO4;Husholdning;819334,453;246458
2026-01-11 07:00:00+01:00;2026-01-11T08:00:00+01:00;NO5;Husholdning;691054,615;260329
2026-01-11 08:00:00+01:00;2026-01-11T09:00:00+01:00;NO1;Husholdning;3597230,72;1120027
2026-01-11 08:00:00+01:00;2026-01-11T09:00:00+01:00;NO2;Husholdning;1940464,366;632718
2026-01-11 08:00:00+01:00;2026-01-11T09:00:00+01:00;NO3;Husholdning;1211936,985;410144
2026-01-11 08:00:00+01:00;2026-01-11T09:00:00+01:00;NO4;Husholdning;839792,563;246458
2026-01-11 08:00:00+01:00;2026-01-11T09:00:00+01:00;NO5;Husholdning;716837,014;260329
2026-01-11 09:00:00+01:00;2026-01-11T10:00:00+01:00;NO1;Husholdning;3769576,478;1120027
2026-01-11 09:00:00+01:00;2026-01-11T10:00:00+01:00;NO2;Husholdning;2034686,684;632718
2026-01-11 09:00:00+01:00;2026-01-11T10:00:00+01:00;NO3;Husholdning;1262646,516;410144
2026-01-11 09:00:00+01:00;2026-01-11T10:00:00+01:00;NO4;Husholdning;867213,395;246458
2026-01-11 09:00:00+01:00;2026-01-11T10:00:00+01:00;NO5;Husholdning;752872,423;260329
2026-01-11 10:00:00+01:00;2026-01-11T11:00:00+01:00;NO1;Husholdning;3883339,462;1120027
2026-01-11 10:00:00+01:00;2026-01-11T11:00:00+01:00;NO2;Husholdning;2100547,731;632718
2026-01-11 10:00:00+01:00;2026-01-11T11:00:00+01:00;NO3;Husholdning;1299821,582;410144
2026-01-11 10:00:00+01:00;2026-01-11T11:00:00+01:00;NO4;Husholdning;892241,928;246458
2026-01-11 10:00:00+01:00;2026-01-11T11:00:00+01:00;NO5;Husholdning;781000,455;260329
2026-01-11 11:00:00+01:00;2026-01-11T12:00:00+01:00;NO1;Husholdning;3889752,312;1120027
2026-01-11 11:00:00+01:00;2026-01-11T12:00:00+01:00;NO2;Husholdning;2103167,572;632718
2026-01-11 11:00:00+01:00;2026-01-11T12:00:00+01:00;NO3;Husholdning;1297662,243;410144
2026-01-11 11:00:00+01:00;2026-01-11T12:00:00+01:00;NO4;Husholdning;902076,174;246458
2026-01-11 11:00:00+01:00;2026-01-11T12:00:00+01:00;NO5;Husholdning;788382,157;260329
2026-01-11 12:00:00+01:00;2026-01-11T13:00:00+01:00;NO1;Husholdning;3848187,574;1120027
2026-01-11 12:00:00+01:00;2026-01-11T13:00:00+01:00;NO2;Husholdning;2094681,039;632718
2026-01-11 12:00:00+01:00;2026-01-11T13:00:00+01:00;NO3;Husholdning;1279950,852;410144
2026-01-11 12:00:00+01:00;2026-01-11T13:00:00+01:00;NO4;Husholdning;904384,209;246458
2026-01-11 12:00:00+01:00;2026-01-11T13:00:00+01:00;NO5;Husholdning;788899,31;260329
2026-01-11 13:00:00+01:00;2026-01-11T14:00:00+01:00;NO1;Husholdning;3854150,226;1120027
2026-01-11 13:00:00+01:00;2026-01-11T14:00:00+01:00;NO2;Husholdning;2110964,186;632718
2026-01-11 13:00:00+01:00;2026-01-11T14:00:00+01:00;NO3;Husholdning;1276197,035;410144
2026-01-11 13:00:00+01:00;2026-01-11T14:00:00+01:00;NO4;Husholdning;912751,809;246458
2026-01-11 13:00:00+01:00;2026-01-11T14:00:00+01:00;NO5;Husholdning;792141,023;260329
2026-01-11 14:00:00+01:00;2026-01-11T15:00:00+01:00;NO1;Husholdning;3902598,253;1120027
2026-01-11 14:00:00+01:00;2026-01-11T15:00:00+01:00;NO2;Husholdning;2121729,866;632718
2026-01-11 14:00:00+01:00;2026-01-11T15:00:00+01:00;NO3;Husholdning;1291594,396;410144
2026-01-11 14:00:00+01:00;2026-01-11T15:00:00+01:00;NO4;Husholdning;926752,295;246458
2026-01-11 14:00:00+01:00;2026-01-11T15:00:00+01:00;NO5;Husholdning;797913,273;260329
2026-01-11 15:00:00+01:00;2026-01-11T16:00:00+01:00;NO1;Husholdning;3996239,763;1120027
2026-01-11 15:00:00+01:00;2026-01-11T16:00:00+01:00;NO2;Husholdning;2156003,269;632718
2026-01-11 15:00:00+01:00;2026-01-11T16:00:00+01:00;NO3;Husholdning;1329527,745;410144
2026-01-11 15:00:00+01:00;2026-01-11T16:00:00+01:00;NO4;Husholdning;944268,631;246458
2026-01-11 15:00:00+01:00;2026-01-11T16:00:00+01:00;NO5;Husholdning;813123,62;260329
2026-01-11 16:00:00+01:00;2026-01-11T17:00:00+01:00;NO1;Husholdning;4132917,197;1120027
2026-01-11 16:00:00+01:00;2026-01-11T17:00:00+01:00;NO2;Husholdning;2202777,719;632718
2026-01-11 16:00:00+01:00;2026-01-11T17:00:00+01:00;NO3;Husholdning;1352996,167;410144
2026-01-11 16:00:00+01:00;2026-01-11T17:00:00+01:00;NO4;Husholdning;945138,48;246458
2026-01-11 16:00:00+01:00;2026-01-11T17:00:00+01:00;NO5;Husholdning;833724,762;260329
2026-01-11 17:00:00+01:00;2026-01-11T18:00:00+01:00;NO1;Husholdning;4195650,781;1120027
2026-01-11 17:00:00+01:00;2026-01-11T18:00:00+01:00;NO2;Husholdning;2225713,285;632718
2026-01-11 17:00:00+01:00;2026-01-11T18:00:00+01:00;NO3;Husholdning;1346547,365;410144
2026-01-11 17:00:00+01:00;2026-01-11T18:00:00+01:00;NO4;Husholdning;935141,415;246458
2026-01-11 17:00:00+01:00;2026-01-11T18:00:00+01:00;NO5;Husholdning;837072,981;260329
2026-01-11 18:00:00+01:00;2026-01-11T19:00:00+01:00;NO1;Husholdning;4208375,609;1120027
2026-01-11 18:00:00+01:00;2026-01-11T19:00:00+01:00;NO2;Husholdning;2234335,064;632718
2026-01-11 18:00:00+01:00;2026-01-11T19:00:00+01:00;NO3;Husholdning;1336551,127;410144
2026-01-11 18:00:00+01:00;2026-01-11T19:00:00+01:00;NO4;Husholdning;928914,172;246458
2026-01-11 18:00:00+01:00;2026-01-11T19:00:00+01:00;NO5;Husholdning;833692,335;260329
2026-01-11 19:00:00+01:00;2026-01-11T20:00:00+01:00;NO1;Husholdning;4204343,423;1120027
2026-01-11 19:00:00+01:00;2026-01-11T20:00:00+01:00;NO2;Husholdning;2232849,191;632718
2026-01-11 19:00:00+01:00;2026-01-11T20:00:00+01:00;NO3;Husholdning;1326389,67;410144
2026-01-11 19:00:00+01:00;2026-01-11T20:00:00+01:00;NO4;Husholdning;931279,493;246458
2026-01-11 19:00:00+01:00;2026-01-11T20:00:00+01:00;NO5;Husholdning;826213,249;260329
2026-01-11 20:00:00+01:00;2026-01-11T21:00:00+01:00;NO1;Husholdning;4189827,936;1120027
2026-01-11 20:00:00+01:00;2026-01-11T21:00:00+01:00;NO2;Husholdning;2218875,751;632718
2026-01-11 20:00:00+01:00;2026-01-11T21:00:00+01:00;NO3;Husholdning;1312473,874;410144
2026-01-11 20:00:00+01:00;2026-01-11T21:00:00+01:00;NO4;Husholdning;929234,309;246458
2026-01-11 20:00:00+01:00;2026-01-11T21:00:00+01:00;NO5;Husholdning;817994,412;260329
2026-01-11 21:00:00+01:00;2026-01-11T22:00:00+01:00;NO1;Husholdning;4128913,422;1120027
2026-01-11 21:00:00+01:00;2026-01-11T22:00:00+01:00;NO2;Husholdning;2177303,391;632718
2026-01-11 21:00:00+01:00;2026-01-11T22:00:00+01:00;NO3;Husholdning;1287351,508;410144
2026-01-11 21:00:00+01:00;2026-01-11T22:00:00+01:00;NO4;Husholdning;920259,737;246458
2026-01-11 21:00:00+01:00;2026-01-11T22:00:00+01:00;NO5;Husholdning;800857,537;260329
2026-01-11 22:00:00+01:00;2026-01-11T23:00:00+01:00;NO1;Husholdning;4020279,935;1120027
2026-01-11 22:00:00+01:00;2026-01-11T23:00:00+01:00;NO2;Husholdning;2115768,495;632718
2026-01-11 22:00:00+01:00;2026-01-11T23:00:00+01:00;NO3;Husholdning;1257399,838;410144
2026-01-11 22:00:00+01:00;2026-01-11T23:00:00+01:00;NO4;Husholdning;904909,922;246458
2026-01-11 22:00:00+01:00;2026-01-11T23:00:00+01:00;NO5;Husholdning;775017,342;260329
2026-01-11 23:00:00+01:00;2026-01-12T00:00:00+01:00;NO1;Husholdning;3849277,186;1120027
2026-01-11 23:00:00+01:00;2026-01-12T00:00:00+01:00;NO2;Husholdning;2016975,985;632718
2026-01-11 23:00:00+01:00;2026-01-12T00:00:00+01:00;NO3;Husholdning;1198420,411;410144
2026-01-11 23:00:00+01:00;2026-01-12T00:00:00+01:00;NO4;Husholdning;874381,695;246458
2026-01-11 23:00:00+01:00;2026-01-12T00:00:00+01:00;NO5;Husholdning;732006,101;260329
2026-01-12 00:00:00+01:00;2026-01-12T01:00:00+01:00;NO1;Husholdning;3692832,555;1120032
2026-01-12 00:00:00+01:00;2026-01-12T01:00:00+01:00;NO2;Husholdning;1919170,792;632724
2026-01-12 00:00:00+01:00;2026-01-12T01:00:00+01:00;NO3;Husholdning;1135454,101;410170
2026-01-12 00:00:00+01:00;2026-01-12T01:00:00+01:00;NO4;Husholdning;835088,528;246468
2026-01-12 00:00:00+01:00;2026-01-12T01:00:00+01:00;NO5;Husholdning;689947,332;260334
2026-01-12 01:00:00+01:00;2026-01-12T02:00:00+01:00;NO1;Husholdning;3584191,32;1120032
2026-01-12 01:00:00+01:00;2026-01-12T02:00:00+01:00;NO2;Husholdning;1853328,747;632724
2026-01-12 01:00:00+01:00;2026-01-12T02:00:00+01:00;NO3;Husholdning;1086545,332;410170
2026-01-12 01:00:00+01:00;2026-01-12T02:00:00+01:00;NO4;Husholdning;807609,404;246468
2026-01-12 01:00:00+01:00;2026-01-12T02:00:00+01:00;NO5;Husholdning;655597,809;260334
2026-01-12 02:00:00+01:00;2026-01-12T03:00:00+01:00;NO1;Husholdning;3517198,379;1120032
2026-01-12 02:00:00+01:00;2026-01-12T03:00:00+01:00;NO2;Husholdning;1815372,274;632724
2026-01-12 02:00:00+01:00;2026-01-12T03:00:00+01:00;NO3;Husholdning;1059172,559;410170
2026-01-12 02:00:00+01:00;2026-01-12T03:00:00+01:00;NO4;Husholdning;790212,597;246468
2026-01-12 02:00:00+01:00;2026-01-12T03:00:00+01:00;NO5;Husholdning;637833,155;260334
2026-01-12 03:00:00+01:00;2026-01-12T04:00:00+01:00;NO1;Husholdning;3462393,501;1120032
2026-01-12 03:00:00+01:00;2026-01-12T04:00:00+01:00;NO2;Husholdning;1788982,903;632724
2026-01-12 03:00:00+01:00;2026-01-12T04:00:00+01:00;NO3;Husholdning;1043355,155;410170
2026-01-12 03:00:00+01:00;2026-01-12T04:00:00+01:00;NO4;Husholdning;781058,131;246468
2026-01-12 03:00:00+01:00;2026-01-12T04:00:00+01:00;NO5;Husholdning;626132,837;260334
2026-01-12 04:00:00+01:00;2026-01-12T05:00:00+01:00;NO1;Husholdning;3425570,096;1120032
2026-01-12 04:00:00+01:00;2026-01-12T05:00:00+01:00;NO2;Husholdning;1776942,404;632724
2026-01-12 04:00:00+01:00;2026-01-12T05:00:00+01:00;NO3;Husholdning;1034451,851;410170
2026-01-12 04:00:00+01:00;2026-01-12T05:00:00+01:00;NO4;Husholdning;779966,69;246468
2026-01-12 04:00:00+01:00;2026-01-12T05:00:00+01:00;NO5;Husholdning;621250,243;260334
2026-01-12 05:00:00+01:00;2026-01-12T06:00:00+01:00;NO1;Husholdning;3442796,959;1120032
2026-01-12 05:00:00+01:00;2026-01-12T06:00:00+01:00;NO2;Husholdning;1794497,191;632724
2026-01-12 05:00:00+01:00;2026-01-12T06:00:00+01:00;NO3;Husholdning;1040157,406;410170
2026-01-12 05:00:00+01:00;2026-01-12T06:00:00+01:00;NO4;Husholdning;787182,396;246468
2026-01-12 05:00:00+01:00;2026-01-12T06:00:00+01:00;NO5;Husholdning;627062,201;260334
2026-01-12 06:00:00+01:00;2026-01-12T07:00:00+01:00;NO1;Husholdning;3603677,011;1120032
2026-01-12 06:00:00+01:00;2026-01-12T07:00:00+01:00;NO2;Husholdning;1881598,895;632724
2026-01-12 06:00:00+01:00;2026-01-12T07:00:00+01:00;NO3;Husholdning;1090942,634;410170
2026-01-12 06:00:00+01:00;2026-01-12T07:00:00+01:00;NO4;Husholdning;820048,444;246468
2026-01-12 06:00:00+01:00;2026-01-12T07:00:00+01:00;NO5;Husholdning;657970,681;260334
2026-01-12 07:00:00+01:00;2026-01-12T08:00:00+01:00;NO1;Husholdning;3777336,245;1120032
2026-01-12 07:00:00+01:00;2026-01-12T08:00:00+01:00;NO2;Husholdning;1969742,166;632724
2026-01-12 07:00:00+01:00;2026-01-12T08:00:00+01:00;NO3;Husholdning;1141834,82;410170
2026-01-12 07:00:00+01:00;2026-01-12T08:00:00+01:00;NO4;Husholdning;861999,176;246468
2026-01-12 07:00:00+01:00;2026-01-12T08:00:00+01:00;NO5;Husholdning;695970,175;260334
2026-01-12 08:00:00+01:00;2026-01-12T09:00:00+01:00;NO1;Husholdning;3717427,505;1120032
2026-01-12 08:00:00+01:00;2026-01-12T09:00:00+01:00;NO2;Husholdning;1933889,723;632724
2026-01-12 08:00:00+01:00;2026-01-12T09:00:00+01:00;NO3;Husholdning;1125240,979;410170
2026-01-12 08:00:00+01:00;2026-01-12T09:00:00+01:00;NO4;Husholdning;854681,15;246468
2026-01-12 08:00:00+01:00;2026-01-12T09:00:00+01:00;NO5;Husholdning;690199,444;260334
2026-01-12 09:00:00+01:00;2026-01-12T10:00:00+01:00;NO1;Husholdning;3631399,882;1120032
2026-01-12 09:00:00+01:00;2026-01-12T10:00:00+01:00;NO2;Husholdning;1902708,432;632724
2026-01-12 09:00:00+01:00;2026-01-12T10:00:00+01:00;NO3;Husholdning;1112500,864;410170
2026-01-12 09:00:00+01:00;2026-01-12T10:00:00+01:00;NO4;Husholdning;847349,72;246468
2026-01-12 09:00:00+01:00;2026-01-12T10:00:00+01:00;NO5;Husholdning;682133,984;260334
2026-01-12 10:00:00+01:00;2026-01-12T11:00:00+01:00;NO1;Husholdning;3583215,019;1120032
2026-01-12 10:00:00+01:00;2026-01-12T11:00:00+01:00;NO2;Husholdning;1882159,831;632724
2026-01-12 10:00:00+01:00;2026-01-12T11:00:00+01:00;NO3;Husholdning;1102336,954;410170
2026-01-12 10:00:00+01:00;2026-01-12T11:00:00+01:00;NO4;Husholdning;842883,982;246468
2026-01-12 10:00:00+01:00;2026-01-12T11:00:00+01:00;NO5;Husholdning;674235,841;260334
2026-01-12 11:00:00+01:00;2026-01-12T12:00:00+01:00;NO1;Husholdning;3553075,291;1120032
2026-01-12 11:00:00+01:00;2026-01-12T12:00:00+01:00;NO2;Husholdning;1869217,317;632724
2026-01-12 11:00:00+01:00;2026-01-12T12:00:00+01:00;NO3;Husholdning;1094588,975;410170
2026-01-12 11:00:00+01:00;2026-01-12T12:00:00+01:00;NO4;Husholdning;841175,497;246468
2026-01-12 11:00:00+01:00;2026-01-12T12:00:00+01:00;NO5;Husholdning;670019,681;260334
2026-01-12 12:00:00+01:00;2026-01-12T13:00:00+01:00;NO1;Husholdning;3527176,471;1120032
2026-01-12 12:00:00+01:00;2026-01-12T13:00:00+01:00;NO2;Husholdning;1861278,384;632724
2026-01-12 12:00:00+01:00;2026-01-12T13:00:00+01:00;NO3;Husholdning;1089864,485;410170
2026-01-12 12:00:00+01:00;2026-01-12T13:00:00+01:00;NO4;Husholdning;841196,736;246468
2026-01-12 12:00:00+01:00;2026-01-12T13:00:00+01:00;NO5;Husholdning;666896,924;260334
2026-01-12 13:00:00+01:00;2026-01-12T14:00:00+01:00;NO1;Husholdning;3510760,293;1120032
2026-01-12 13:00:00+01:00;2026-01-12T14:00:00+01:00;NO2;Husholdning;1851637,444;632724
2026-01-12 13:00:00+01:00;2026-01-12T14:00:00+01:00;NO3;Husholdning;1085070,192;410170
2026-01-12 13:00:00+01:00;2026-01-12T14:00:00+01:00;NO4;Husholdning;844931,842;246468
2026-01-12 13:00:00+01:00;2026-01-12T14:00:00+01:00;NO5;Husholdning;660656,4;260334
2026-01-12 14:00:00+01:00;2026-01-12T15:00:00+01:00;NO1;Husholdning;3539706,792;1120032
2026-01-12 14:00:00+01:00;2026-01-12T15:00:00+01:00;NO2;Husholdning;1871574,452;632724
2026-01-12 14:00:00+01:00;2026-01-12T15:00:00+01:00;NO3;Husholdning;1101300,686;410170
2026-01-12 14:00:00+01:00;2026-01-12T15:00:00+01:00;NO4;Husholdning;862246,371;246468
2026-01-12 14:00:00+01:00;2026-01-12T15:00:00+01:00;NO5;Husholdning;668739,505;260334
2026-01-12 15:00:00+01:00;2026-01-12T16:00:00+01:00;NO1;Husholdning;3645271,213;1120032
2026-01-12 15:00:00+01:00;2026-01-12T16:00:00+01:00;NO2;Husholdning;1958067,645;632724
2026-01-12 15:00:00+01:00;2026-01-12T16:00:00+01:00;NO3;Husholdning;1156525,823;410170
2026-01-12 15:00:00+01:00;2026-01-12T16:00:00+01:00;NO4;Husholdning;896029,132;246468
2026-01-12 15:00:00+01:00;2026-01-12T16:00:00+01:00;NO5;Husholdning;702914,117;260334
2026-01-12 16:00:00+01:00;2026-01-12T17:00:00+01:00;NO1;Husholdning;3847795,234;1120032
2026-01-12 16:00:00+01:00;2026-01-12T17:00:00+01:00;NO2;Husholdning;2075189,253;632724
2026-01-12 16:00:00+01:00;2026-01-12T17:00:00+01:00;NO3;Husholdning;1233436,525;410170
2026-01-12 16:00:00+01:00;2026-01-12T17:00:00+01:00;NO4;Husholdning;930631,254;246468
2026-01-12 16:00:00+01:00;2026-01-12T17:00:00+01:00;NO5;Husholdning;749339,845;260334
2026-01-12 17:00:00+01:00;2026-01-12T18:00:00+01:00;NO1;Husholdning;3932700,366;1120032
2026-01-12 17:00:00+01:00;2026-01-12T18:00:00+01:00;NO2;Husholdning;2095057,009;632724
2026-01-12 17:00:00+01:00;2026-01-12T18:00:00+01:00;NO3;Husholdning;1237640,984;410170
2026-01-12 17:00:00+01:00;2026-01-12T18:00:00+01:00;NO4;Husholdning;922935,49;246468
2026-01-12 17:00:00+01:00;2026-01-12T18:00:00+01:00;NO5;Husholdning;757731,199;260334
2026-01-12 18:00:00+01:00;2026-01-12T19:00:00+01:00;NO1;Husholdning;3919909,148;1120032
2026-01-12 18:00:00+01:00;2026-01-12T19:00:00+01:00;NO2;Husholdning;2079457,462;632724
2026-01-12 18:00:00+01:00;2026-01-12T19:00:00+01:00;NO3;Husholdning;1224229,578;410170
2026-01-12 18:00:00+01:00;2026-01-12T19:00:00+01:00;NO4;Husholdning;913775,862;246468
2026-01-12 18:00:00+01:00;2026-01-12T19:00:00+01:00;NO5;Husholdning;750325,193;260334
2026-01-12 19:00:00+01:00;2026-01-12T20:00:00+01:00;NO1;Husholdning;3896908,096;1120032
2026-01-12 19:00:00+01:00;2026-01-12T20:00:00+01:00;NO2;Husholdning;2065734,007;632724
2026-01-12 19:00:00+01:00;2026-01-12T20:00:00+01:00;NO3;Husholdning;1215380,811;410170
2026-01-12 19:00:00+01:00;2026-01-12T20:00:00+01:00;NO4;Husholdning;913813,986;246468
2026-01-12 19:00:00+01:00;2026-01-12T20:00:00+01:00;NO5;Husholdning;746811,623;260334
2026-01-12 20:00:00+01:00;2026-01-12T21:00:00+01:00;NO1;Husholdning;3865910,773;1120032
2026-01-12 20:00:00+01:00;2026-01-12T21:00:00+01:00;NO2;Husholdning;2061046,788;632724
2026-01-12 20:00:00+01:00;2026-01-12T21:00:00+01:00;NO3;Husholdning;1220399,03;410170
2026-01-12 20:00:00+01:00;2026-01-12T21:00:00+01:00;NO4;Husholdning;917255,064;246468
2026-01-12 20:00:00+01:00;2026-01-12T21:00:00+01:00;NO5;Husholdning;747774,534;260334
2026-01-12 21:00:00+01:00;2026-01-12T22:00:00+01:00;NO1;Husholdning;3813963,741;1120032
2026-01-12 21:00:00+01:00;2026-01-12T22:00:00+01:00;NO2;Husholdning;2031722,473;632724
2026-01-12 21:00:00+01:00;2026-01-12T22:00:00+01:00;NO3;Husholdning;1214058,064;410170
2026-01-12 21:00:00+01:00;2026-01-12T22:00:00+01:00;NO4;Husholdning;913100,591;246468
2026-01-12 21:00:00+01:00;2026-01-12T22:00:00+01:00;NO5;Husholdning;740961,899;260334
2026-01-12 22:00:00+01:00;2026-01-12T23:00:00+01:00;NO1;Husholdning;3702904,291;1120032
2026-01-12 22:00:00+01:00;2026-01-12T23:00:00+01:00;NO2;Husholdning;1965861,949;632724
2026-01-12 22:00:00+01:00;2026-01-12T23:00:00+01:00;NO3;Husholdning;1185463,962;410170
2026-01-12 22:00:00+01:00;2026-01-12T23:00:00+01:00;NO4;Husholdning;897769,312;246468
2026-01-12 22:00:00+01:00;2026-01-12T23:00:00+01:00;NO5;Husholdning;716109,107;260334
2026-01-12 23:00:00+01:00;2026-01-13T00:00:00+01:00;NO1;Husholdning;3509437,944;1120032
2026-01-12 23:00:00+01:00;2026-01-13T00:00:00+01:00;NO2;Husholdning;1862978,757;632724
2026-01-12 23:00:00+01:00;2026-01-13T00:00:00+01:00;NO3;Husholdning;1129611,902;410170
2026-01-12 23:00:00+01:00;2026-01-13T00:00:00+01:00;NO4;Husholdning;870980,678;246468
2026-01-12 23:00:00+01:00;2026-01-13T00:00:00+01:00;NO5;Husholdning;674329,057;260334
2026-01-13 00:00:00+01:00;2026-01-13T01:00:00+01:00;NO1;Husholdning;3326071,174;1120059
2026-01-13 00:00:00+01:00;2026-01-13T01:00:00+01:00;NO2;Husholdning;1764080,56;632786
2026-01-13 00:00:00+01:00;2026-01-13T01:00:00+01:00;NO3;Husholdning;1072888,161;410197
2026-01-13 00:00:00+01:00;2026-01-13T01:00:00+01:00;NO4;Husholdning;838735,172;246470
2026-01-13 00:00:00+01:00;2026-01-13T01:00:00+01:00;NO5;Husholdning;635896,682;260337
2026-01-13 01:00:00+01:00;2026-01-13T02:00:00+01:00;NO1;Husholdning;3195301,647;1120059
2026-01-13 01:00:00+01:00;2026-01-13T02:00:00+01:00;NO2;Husholdning;1695389,11;632786
2026-01-13 01:00:00+01:00;2026-01-13T02:00:00+01:00;NO3;Husholdning;1024954,263;410197
2026-01-13 01:00:00+01:00;2026-01-13T02:00:00+01:00;NO4;Husholdning;812663,006;246470
2026-01-13 01:00:00+01:00;2026-01-13T02:00:00+01:00;NO5;Husholdning;606527,032;260337
2026-01-13 02:00:00+01:00;2026-01-13T03:00:00+01:00;NO1;Husholdning;3099381,001;1120059
2026-01-13 02:00:00+01:00;2026-01-13T03:00:00+01:00;NO2;Husholdning;1644647,535;632786
2026-01-13 02:00:00+01:00;2026-01-13T03:00:00+01:00;NO3;Husholdning;997086,364;410197
2026-01-13 02:00:00+01:00;2026-01-13T03:00:00+01:00;NO4;Husholdning;799775,303;246470
2026-01-13 02:00:00+01:00;2026-01-13T03:00:00+01:00;NO5;Husholdning;585895,513;260337
2026-01-13 03:00:00+01:00;2026-01-13T04:00:00+01:00;NO1;Husholdning;3052058,295;1120059
2026-01-13 03:00:00+01:00;2026-01-13T04:00:00+01:00;NO2;Husholdning;1613024,022;632786
2026-01-13 03:00:00+01:00;2026-01-13T04:00:00+01:00;NO3;Husholdning;972541,807;410197
2026-01-13 03:00:00+01:00;2026-01-13T04:00:00+01:00;NO4;Husholdning;791881,545;246470
2026-01-13 03:00:00+01:00;2026-01-13T04:00:00+01:00;NO5;Husholdning;572248,096;260337
2026-01-13 04:00:00+01:00;2026-01-13T05:00:00+01:00;NO1;Husholdning;3012471,918;1120059
2026-01-13 04:00:00+01:00;2026-01-13T05:00:00+01:00;NO2;Husholdning;1594821,621;632786
2026-01-13 04:00:00+01:00;2026-01-13T05:00:00+01:00;NO3;Husholdning;957292,346;410197
2026-01-13 04:00:00+01:00;2026-01-13T05:00:00+01:00;NO4;Husholdning;787348,602;246470
2026-01-13 04:00:00+01:00;2026-01-13T05:00:00+01:00;NO5;Husholdning;567062,42;260337
2026-01-13 05:00:00+01:00;2026-01-13T06:00:00+01:00;NO1;Husholdning;3033467,396;1120059
2026-01-13 05:00:00+01:00;2026-01-13T06:00:00+01:00;NO2;Husholdning;1611964,764;632786
2026-01-13 05:00:00+01:00;2026-01-13T06:00:00+01:00;NO3;Husholdning;961123,013;410197
2026-01-13 05:00:00+01:00;2026-01-13T06:00:00+01:00;NO4;Husholdning;791540,011;246470
2026-01-13 05:00:00+01:00;2026-01-13T06:00:00+01:00;NO5;Husholdning;571297,917;260337
2026-01-13 06:00:00+01:00;2026-01-13T07:00:00+01:00;NO1;Husholdning;3181233,315;1120059
2026-01-13 06:00:00+01:00;2026-01-13T07:00:00+01:00;NO2;Husholdning;1703871,66;632786
2026-01-13 06:00:00+01:00;2026-01-13T07:00:00+01:00;NO3;Husholdning;1007355,182;410197
2026-01-13 06:00:00+01:00;2026-01-13T07:00:00+01:00;NO4;Husholdning;821257,721;246470
2026-01-13 06:00:00+01:00;2026-01-13T07:00:00+01:00;NO5;Husholdning;601705,571;260337
2026-01-13 07:00:00+01:00;2026-01-13T08:00:00+01:00;NO1;Husholdning;3341719,288;1120059
2026-01-13 07:00:00+01:00;2026-01-13T08:00:00+01:00;NO2;Husholdning;1791097,049;632786
2026-01-13 07:00:00+01:00;2026-01-13T08:00:00+01:00;NO3;Husholdning;1056322,648;410197
2026-01-13 07:00:00+01:00;2026-01-13T08:00:00+01:00;NO4;Husholdning;859701,729;246470
2026-01-13 07:00:00+01:00;2026-01-13T08:00:00+01:00;NO5;Husholdning;636410,277;260337
2026-01-13 08:00:00+01:00;2026-01-13T09:00:00+01:00;NO1;Husholdning;3286095,047;1120059
2026-01-13 08:00:00+01:00;2026-01-13T09:00:00+01:00;NO2;Husholdning;1767323,698;632786
2026-01-13 08:00:00+01:00;2026-01-13T09:00:00+01:00;NO3;Husholdning;1040836,688;410197
2026-01-13 08:00:00+01:00;2026-01-13T09:00:00+01:00;NO4;Husholdning;851575,244;246470
2026-01-13 08:00:00+01:00;2026-01-13T09:00:00+01:00;NO5;Husholdning;628782,978;260337
2026-01-13 09:00:00+01:00;2026-01-13T10:00:00+01:00;NO1;Husholdning;3217437,481;1120059
2026-01-13 09:00:00+01:00;2026-01-13T10:00:00+01:00;NO2;Husholdning;1742042,907;632786
2026-01-13 09:00:00+01:00;2026-01-13T10:00:00+01:00;NO3;Husholdning;1026376,443;410197
2026-01-13 09:00:00+01:00;2026-01-13T10:00:00+01:00;NO4;Husholdning;843352,74;246470
2026-01-13 09:00:00+01:00;2026-01-13T10:00:00+01:00;NO5;Husholdning;622094,341;260337
2026-01-13 10:00:00+01:00;2026-01-13T11:00:00+01:00;NO1;Husholdning;3178994,131;1120059
2026-01-13 10:00:00+01:00;2026-01-13T11:00:00+01:00;NO2;Husholdning;1727450,024;632786
2026-01-13 10:00:00+01:00;2026-01-13T11:00:00+01:00;NO3;Husholdning;1010987,36;410197
2026-01-13 10:00:00+01:00;2026-01-13T11:00:00+01:00;NO4;Husholdning;838719,767;246470
2026-01-13 10:00:00+01:00;2026-01-13T11:00:00+01:00;NO5;Husholdning;623606,197;260337
2026-01-13 11:00:00+01:00;2026-01-13T12:00:00+01:00;NO1;Husholdning;3152470,719;1120059
2026-01-13 11:00:00+01:00;2026-01-13T12:00:00+01:00;NO2;Husholdning;1716334,59;632786
2026-01-13 11:00:00+01:00;2026-01-13T12:00:00+01:00;NO3;Husholdning;1000157,304;410197
2026-01-13 11:00:00+01:00;2026-01-13T12:00:00+01:00;NO4;Husholdning;833173,89;246470
2026-01-13 11:00:00+01:00;2026-01-13T12:00:00+01:00;NO5;Husholdning;626393,755;260337
2026-01-13 12:00:00+01:00;2026-01-13T13:00:00+01:00;NO1;Husholdning;3128235,662;1120059
2026-01-13 12:00:00+01:00;2026-01-13T13:00:00+01:00;NO2;Husholdning;1705170,416;632786
2026-01-13 12:00:00+01:00;2026-01-13T13:00:00+01:00;NO3;Husholdning;991326,769;410197
2026-01-13 12:00:00+01:00;2026-01-13T13:00:00+01:00;NO4;Husholdning;831595,579;246470
2026-01-13 12:00:00+01:00;2026-01-13T13:00:00+01:00;NO5;Husholdning;627214,216;260337
2026-01-13 13:00:00+01:00;2026-01-13T14:00:00+01:00;NO1;Husholdning;3114280,962;1120059
2026-01-13 13:00:00+01:00;2026-01-13T14:00:00+01:00;NO2;Husholdning;1696655,334;632786
2026-01-13 13:00:00+01:00;2026-01-13T14:00:00+01:00;NO3;Husholdning;990626,064;410197
2026-01-13 13:00:00+01:00;2026-01-13T14:00:00+01:00;NO4;Husholdning;835857,45;246470
2026-01-13 13:00:00+01:00;2026-01-13T14:00:00+01:00;NO5;Husholdning;624489,788;260337
2026-01-13 14:00:00+01:00;2026-01-13T15:00:00+01:00;NO1;Husholdning;3148289,458;1120059
2026-01-13 14:00:00+01:00;2026-01-13T15:00:00+01:00;NO2;Husholdning;1720024,614;632786
2026-01-13 14:00:00+01:00;2026-01-13T15:00:00+01:00;NO3;Husholdning;1010183,839;410197
2026-01-13 14:00:00+01:00;2026-01-13T15:00:00+01:00;NO4;Husholdning;852416,976;246470
2026-01-13 14:00:00+01:00;2026-01-13T15:00:00+01:00;NO5;Husholdning;634645,99;260337
2026-01-13 15:00:00+01:00;2026-01-13T16:00:00+01:00;NO1;Husholdning;3250775,611;1120059
2026-01-13 15:00:00+01:00;2026-01-13T16:00:00+01:00;NO2;Husholdning;1811296,874;632786
2026-01-13 15:00:00+01:00;2026-01-13T16:00:00+01:00;NO3;Husholdning;1076080,567;410197
2026-01-13 15:00:00+01:00;2026-01-13T16:00:00+01:00;NO4;Husholdning;887842,117;246470
2026-01-13 15:00:00+01:00;2026-01-13T16:00:00+01:00;NO5;Husholdning;667397,583;260337
2026-01-13 16:00:00+01:00;2026-01-13T17:00:00+01:00;NO1;Husholdning;3453830,682;1120059
2026-01-13 16:00:00+01:00;2026-01-13T17:00:00+01:00;NO2;Husholdning;1936260,476;632786
2026-01-13 16:00:00+01:00;2026-01-13T17:00:00+01:00;NO3;Husholdning;1158781,995;410197
2026-01-13 16:00:00+01:00;2026-01-13T17:00:00+01:00;NO4;Husholdning;920385,982;246470
2026-01-13 16:00:00+01:00;2026-01-13T17:00:00+01:00;NO5;Husholdning;717309,255;260337
2026-01-13 17:00:00+01:00;2026-01-13T18:00:00+01:00;NO1;Husholdning;3549913,874;1120059
2026-01-13 17:00:00+01:00;2026-01-13T18:00:00+01:00;NO2;Husholdning;1964156,436;632786
2026-01-13 17:00:00+01:00;2026-01-13T18:00:00+01:00;NO3;Husholdning;1168579,53;410197
2026-01-13 17:00:00+01:00;2026-01-13T18:00:00+01:00;NO4;Husholdning;913684,827;246470
2026-01-13 17:00:00+01:00;2026-01-13T18:00:00+01:00;NO5;Husholdning;727712,694;260337
2026-01-13 18:00:00+01:00;2026-01-13T19:00:00+01:00;NO1;Husholdning;3557608,523;1120059
2026-01-13 18:00:00+01:00;2026-01-13T19:00:00+01:00;NO2;Husholdning;1955457,727;632786
2026-01-13 18:00:00+01:00;2026-01-13T19:00:00+01:00;NO3;Husholdning;1159333,845;410197
2026-01-13 18:00:00+01:00;2026-01-13T19:00:00+01:00;NO4;Husholdning;906165,787;246470
2026-01-13 18:00:00+01:00;2026-01-13T19:00:00+01:00;NO5;Husholdning;722828,653;260337
2026-01-13 19:00:00+01:00;2026-01-13T20:00:00+01:00;NO1;Husholdning;3538565,582;1120059
2026-01-13 19:00:00+01:00;2026-01-13T20:00:00+01:00;NO2;Husholdning;1952953,34;632786
2026-01-13 19:00:00+01:00;2026-01-13T20:00:00+01:00;NO3;Husholdning;1162086,536;410197
2026-01-13 19:00:00+01:00;2026-01-13T20:00:00+01:00;NO4;Husholdning;907129,049;246470
2026-01-13 19:00:00+01:00;2026-01-13T20:00:00+01:00;NO5;Husholdning;723243,001;260337
2026-01-13 20:00:00+01:00;2026-01-13T21:00:00+01:00;NO1;Husholdning;3516507,571;1120059
2026-01-13 20:00:00+01:00;2026-01-13T21:00:00+01:00;NO2;Husholdning;1950759,689;632786
2026-01-13 20:00:00+01:00;2026-01-13T21:00:00+01:00;NO3;Husholdning;1168928,894;410197
2026-01-13 20:00:00+01:00;2026-01-13T21:00:00+01:00;NO4;Husholdning;911712,305;246470
2026-01-13 20:00:00+01:00;2026-01-13T21:00:00+01:00;NO5;Husholdning;728296,983;260337
2026-01-13 21:00:00+01:00;2026-01-13T22:00:00+01:00;NO1;Husholdning;3482472,907;1120059
2026-01-13 21:00:00+01:00;2026-01-13T22:00:00+01:00;NO2;Husholdning;1927176,126;632786
2026-01-13 21:00:00+01:00;2026-01-13T22:00:00+01:00;NO3;Husholdning;1172393,539;410197
2026-01-13 21:00:00+01:00;2026-01-13T22:00:00+01:00;NO4;Husholdning;907230,552;246470
2026-01-13 21:00:00+01:00;2026-01-13T22:00:00+01:00;NO5;Husholdning;728000,895;260337
2026-01-13 22:00:00+01:00;2026-01-13T23:00:00+01:00;NO1;Husholdning;3395215,033;1120059
2026-01-13 22:00:00+01:00;2026-01-13T23:00:00+01:00;NO2;Husholdning;1874894,91;632786
2026-01-13 22:00:00+01:00;2026-01-13T23:00:00+01:00;NO3;Husholdning;1161207,962;410197
2026-01-13 22:00:00+01:00;2026-01-13T23:00:00+01:00;NO4;Husholdning;891737,548;246470
2026-01-13 22:00:00+01:00;2026-01-13T23:00:00+01:00;NO5;Husholdning;708804,944;260337
2026-01-13 23:00:00+01:00;2026-01-14T00:00:00+01:00;NO1;Husholdning;3211740,632;1120059
2026-01-13 23:00:00+01:00;2026-01-14T00:00:00+01:00;NO2;Husholdning;1774051,755;632786
2026-01-13 23:00:00+01:00;2026-01-14T00:00:00+01:00;NO3;Husholdning;1103702,061;410197
2026-01-13 23:00:00+01:00;2026-01-14T00:00:00+01:00;NO4;Husholdning;859463,671;246470
2026-01-13 23:00:00+01:00;2026-01-14T00:00:00+01:00;NO5;Husholdning;667529,181;260337
2026-01-14 00:00:00+01:00;2026-01-14T01:00:00+01:00;NO1;Husholdning;3007199,417;1120092
2026-01-14 00:00:00+01:00;2026-01-14T01:00:00+01:00;NO2;Husholdning;1658284,176;632807
2026-01-14 00:00:00+01:00;2026-01-14T01:00:00+01:00;NO3;Husholdning;1023091,497;410186
2026-01-14 00:00:00+01:00;2026-01-14T01:00:00+01:00;NO4;Husholdning;820529,788;246473
2026-01-14 00:00:00+01:00;2026-01-14T01:00:00+01:00;NO5;Husholdning;619216,363;260338
2026-01-14 01:00:00+01:00;2026-01-14T02:00:00+01:00;NO1;Husholdning;2875755,974;1120092
2026-01-14 01:00:00+01:00;2026-01-14T02:00:00+01:00;NO2;Husholdning;1582873,855;632807
2026-01-14 01:00:00+01:00;2026-01-14T02:00:00+01:00;NO3;Husholdning;970399,407;410186
2026-01-14 01:00:00+01:00;2026-01-14T02:00:00+01:00;NO4;Husholdning;790545,599;246473
2026-01-14 01:00:00+01:00;2026-01-14T02:00:00+01:00;NO5;Husholdning;588028,79;260338
2026-01-14 02:00:00+01:00;2026-01-14T03:00:00+01:00;NO1;Husholdning;2785977,07;1120092
2026-01-14 02:00:00+01:00;2026-01-14T03:00:00+01:00;NO2;Husholdning;1527723,56;632807
2026-01-14 02:00:00+01:00;2026-01-14T03:00:00+01:00;NO3;Husholdning;940642,551;410186
2026-01-14 02:00:00+01:00;2026-01-14T03:00:00+01:00;NO4;Husholdning;772796,156;246473
2026-01-14 02:00:00+01:00;2026-01-14T03:00:00+01:00;NO5;Husholdning;568219,531;260338
2026-01-14 03:00:00+01:00;2026-01-14T04:00:00+01:00;NO1;Husholdning;2721973,595;1120092
2026-01-14 03:00:00+01:00;2026-01-14T04:00:00+01:00;NO2;Husholdning;1490944,395;632807
2026-01-14 03:00:00+01:00;2026-01-14T04:00:00+01:00;NO3;Husholdning;922582,682;410186
2026-01-14 03:00:00+01:00;2026-01-14T04:00:00+01:00;NO4;Husholdning;764231,325;246473
2026-01-14 03:00:00+01:00;2026-01-14T04:00:00+01:00;NO5;Husholdning;554394,724;260338
2026-01-14 04:00:00+01:00;2026-01-14T05:00:00+01:00;NO1;Husholdning;2674290,339;1120092
2026-01-14 04:00:00+01:00;2026-01-14T05:00:00+01:00;NO2;Husholdning;1464522,05;632807
2026-01-14 04:00:00+01:00;2026-01-14T05:00:00+01:00;NO3;Husholdning;910997,855;410186
2026-01-14 04:00:00+01:00;2026-01-14T05:00:00+01:00;NO4;Husholdning;759749,668;246473
2026-01-14 04:00:00+01:00;2026-01-14T05:00:00+01:00;NO5;Husholdning;547246,864;260338
2026-01-14 05:00:00+01:00;2026-01-14T06:00:00+01:00;NO1;Husholdning;2694369,456;1120092
2026-01-14 05:00:00+01:00;2026-01-14T06:00:00+01:00;NO2;Husholdning;1471744,864;632807
2026-01-14 05:00:00+01:00;2026-01-14T06:00:00+01:00;NO3;Husholdning;911084,985;410186
2026-01-14 05:00:00+01:00;2026-01-14T06:00:00+01:00;NO4;Husholdning;764113,184;246473
2026-01-14 05:00:00+01:00;2026-01-14T06:00:00+01:00;NO5;Husholdning;554599,727;260338
2026-01-14 06:00:00+01:00;2026-01-14T07:00:00+01:00;NO1;Husholdning;2838230,742;1120092
2026-01-14 06:00:00+01:00;2026-01-14T07:00:00+01:00;NO2;Husholdning;1558115,034;632807
2026-01-14 06:00:00+01:00;2026-01-14T07:00:00+01:00;NO3;Husholdning;953759,709;410186
2026-01-14 06:00:00+01:00;2026-01-14T07:00:00+01:00;NO4;Husholdning;793414,52;246473
2026-01-14 06:00:00+01:00;2026-01-14T07:00:00+01:00;NO5;Husholdning;587486,172;260338
2026-01-14 07:00:00+01:00;2026-01-14T08:00:00+01:00;NO1;Husholdning;2994499,46;1120092
2026-01-14 07:00:00+01:00;2026-01-14T08:00:00+01:00;NO2;Husholdning;1651054,463;632807
2026-01-14 07:00:00+01:00;2026-01-14T08:00:00+01:00;NO3;Husholdning;1005253,837;410186
2026-01-14 07:00:00+01:00;2026-01-14T08:00:00+01:00;NO4;Husholdning;831500,344;246473
2026-01-14 07:00:00+01:00;2026-01-14T08:00:00+01:00;NO5;Husholdning;624792,772;260338
2026-01-14 08:00:00+01:00;2026-01-14T09:00:00+01:00;NO1;Husholdning;2951818,73;1120092
2026-01-14 08:00:00+01:00;2026-01-14T09:00:00+01:00;NO2;Husholdning;1628683,433;632807
2026-01-14 08:00:00+01:00;2026-01-14T09:00:00+01:00;NO3;Husholdning;992964,613;410186
2026-01-14 08:00:00+01:00;2026-01-14T09:00:00+01:00;NO4;Husholdning;823434,095;246473
2026-01-14 08:00:00+01:00;2026-01-14T09:00:00+01:00;NO5;Husholdning;619293,61;260338
2026-01-14 09:00:00+01:00;2026-01-14T10:00:00+01:00;NO1;Husholdning;2891105,707;1120092
2026-01-14 09:00:00+01:00;2026-01-14T10:00:00+01:00;NO2;Husholdning;1607667,608;632807
2026-01-14 09:00:00+01:00;2026-01-14T10:00:00+01:00;NO3;Husholdning;978346,779;410186
2026-01-14 09:00:00+01:00;2026-01-14T10:00:00+01:00;NO4;Husholdning;813645,964;246473
2026-01-14 09:00:00+01:00;2026-01-14T10:00:00+01:00;NO5;Husholdning;612308,055;260338
2026-01-14 10:00:00+01:00;2026-01-14T11:00:00+01:00;NO1;Husholdning;2860758,58;1120092
2026-01-14 10:00:00+01:00;2026-01-14T11:00:00+01:00;NO2;Husholdning;1592527,365;632807
2026-01-14 10:00:00+01:00;2026-01-14T11:00:00+01:00;NO3;Husholdning;971000,184;410186
2026-01-14 10:00:00+01:00;2026-01-14T11:00:00+01:00;NO4;Husholdning;807864,41;246473
2026-01-14 10:00:00+01:00;2026-01-14T11:00:00+01:00;NO5;Husholdning;608233,72;260338
2026-01-14 11:00:00+01:00;2026-01-14T12:00:00+01:00;NO1;Husholdning;2841209,822;1120092
2026-01-14 11:00:00+01:00;2026-01-14T12:00:00+01:00;NO2;Husholdning;1574390,172;632807
2026-01-14 11:00:00+01:00;2026-01-14T12:00:00+01:00;NO3;Husholdning;962958,151;410186
2026-01-14 11:00:00+01:00;2026-01-14T12:00:00+01:00;NO4;Husholdning;804750,436;246473
2026-01-14 11:00:00+01:00;2026-01-14T12:00:00+01:00;NO5;Husholdning;602490,494;260338
2026-01-14 12:00:00+01:00;2026-01-14T13:00:00+01:00;NO1;Husholdning;2811671,146;1120092
2026-01-14 12:00:00+01:00;2026-01-14T13:00:00+01:00;NO2;Husholdning;1549236,899;632807
2026-01-14 12:00:00+01:00;2026-01-14T13:00:00+01:00;NO3;Husholdning;953031,271;410186
2026-01-14 12:00:00+01:00;2026-01-14T13:00:00+01:00;NO4;Husholdning;802704,105;246473
2026-01-14 12:00:00+01:00;2026-01-14T13:00:00+01:00;NO5;Husholdning;596620,08;260338
2026-01-14 13:00:00+01:00;2026-01-14T14:00:00+01:00;NO1;Husholdning;2796325,215;1120092
2026-01-14 13:00:00+01:00;2026-01-14T14:00:00+01:00;NO2;Husholdning;1533401,862;632807
2026-01-14 13:00:00+01:00;2026-01-14T14:00:00+01:00;NO3;Husholdning;947243,776;410186
2026-01-14 13:00:00+01:00;2026-01-14T14:00:00+01:00;NO4;Husholdning;806614,417;246473
2026-01-14 13:00:00+01:00;2026-01-14T14:00:00+01:00;NO5;Husholdning;597525,86;260338
2026-01-14 14:00:00+01:00;2026-01-14T15:00:00+01:00;NO1;Husholdning;2830409,631;1120092
2026-01-14 14:00:00+01:00;2026-01-14T15:00:00+01:00;NO2;Husholdning;1553952,531;632807
2026-01-14 14:00:00+01:00;2026-01-14T15:00:00+01:00;NO3;Husholdning;966329,06;410186
2026-01-14 14:00:00+01:00;2026-01-14T15:00:00+01:00;NO4;Husholdning;822934,363;246473
2026-01-14 14:00:00+01:00;2026-01-14T15:00:00+01:00;NO5;Husholdning;608147,674;260338
2026-01-14 15:00:00+01:00;2026-01-14T16:00:00+01:00;NO1;Husholdning;2925840,23;1120092
2026-01-14 15:00:00+01:00;2026-01-14T16:00:00+01:00;NO2;Husholdning;1648137,253;632807
2026-01-14 15:00:00+01:00;2026-01-14T16:00:00+01:00;NO3;Husholdning;1023537,673;410186
2026-01-14 15:00:00+01:00;2026-01-14T16:00:00+01:00;NO4;Husholdning;854474,424;246473
2026-01-14 15:00:00+01:00;2026-01-14T16:00:00+01:00;NO5;Husholdning;643956,121;260338
2026-01-14 16:00:00+01:00;2026-01-14T17:00:00+01:00;NO1;Husholdning;3162267,559;1120092
2026-01-14 16:00:00+01:00;2026-01-14T17:00:00+01:00;NO2;Husholdning;1800265,172;632807
2026-01-14 16:00:00+01:00;2026-01-14T17:00:00+01:00;NO3;Husholdning;1108431,149;410186
2026-01-14 16:00:00+01:00;2026-01-14T17:00:00+01:00;NO4;Husholdning;887597,839;246473
2026-01-14 16:00:00+01:00;2026-01-14T17:00:00+01:00;NO5;Husholdning;698083,021;260338
2026-01-14 17:00:00+01:00;2026-01-14T18:00:00+01:00;NO1;Husholdning;3277253,189;1120092
2026-01-14 17:00:00+01:00;2026-01-14T18:00:00+01:00;NO2;Husholdning;1855632,113;632807
2026-01-14 17:00:00+01:00;2026-01-14T18:00:00+01:00;NO3;Husholdning;1114717,24;410186
2026-01-14 17:00:00+01:00;2026-01-14T18:00:00+01:00;NO4;Husholdning;880169,778;246473
2026-01-14 17:00:00+01:00;2026-01-14T18:00:00+01:00;NO5;Husholdning;713721,457;260338
2026-01-14 18:00:00+01:00;2026-01-14T19:00:00+01:00;NO1;Husholdning;3311006,741;1120092
2026-01-14 18:00:00+01:00;2026-01-14T19:00:00+01:00;NO2;Husholdning;1862623,185;632807
2026-01-14 18:00:00+01:00;2026-01-14T19:00:00+01:00;NO3;Husholdning;1104816,402;410186
2026-01-14 18:00:00+01:00;2026-01-14T19:00:00+01:00;NO4;Husholdning;872289,165;246473
2026-01-14 18:00:00+01:00;2026-01-14T19:00:00+01:00;NO5;Husholdning;711978,419;260338
2026-01-14 19:00:00+01:00;2026-01-14T20:00:00+01:00;NO1;Husholdning;3325668,923;1120092
2026-01-14 19:00:00+01:00;2026-01-14T20:00:00+01:00;NO2;Husholdning;1872346,58;632807
2026-01-14 19:00:00+01:00;2026-01-14T20:00:00+01:00;NO3;Husholdning;1111977,477;410186
2026-01-14 19:00:00+01:00;2026-01-14T20:00:00+01:00;NO4;Husholdning;873711,246;246473
2026-01-14 19:00:00+01:00;2026-01-14T20:00:00+01:00;NO5;Husholdning;712050,314;260338
2026-01-14 20:00:00+01:00;2026-01-14T21:00:00+01:00;NO1;Husholdning;3350445,977;1120092
2026-01-14 20:00:00+01:00;2026-01-14T21:00:00+01:00;NO2;Husholdning;1881801,391;632807
2026-01-14 20:00:00+01:00;2026-01-14T21:00:00+01:00;NO3;Husholdning;1129068,471;410186
2026-01-14 20:00:00+01:00;2026-01-14T21:00:00+01:00;NO4;Husholdning;878986,912;246473
2026-01-14 20:00:00+01:00;2026-01-14T21:00:00+01:00;NO5;Husholdning;718003,716;260338
2026-01-14 21:00:00+01:00;2026-01-14T22:00:00+01:00;NO1;Husholdning;3354456,805;1120092
2026-01-14 21:00:00+01:00;2026-01-14T22:00:00+01:00;NO2;Husholdning;1873932,653;632807
2026-01-14 21:00:00+01:00;2026-01-14T22:00:00+01:00;NO3;Husholdning;1130158,91;410186
2026-01-14 21:00:00+01:00;2026-01-14T22:00:00+01:00;NO4;Husholdning;877317,939;246473
2026-01-14 21:00:00+01:00;2026-01-14T22:00:00+01:00;NO5;Husholdning;718309,833;260338
2026-01-14 22:00:00+01:00;2026-01-14T23:00:00+01:00;NO1;Husholdning;3300012,98;1120092
2026-01-14 22:00:00+01:00;2026-01-14T23:00:00+01:00;NO2;Husholdning;1836954,967;632807
2026-01-14 22:00:00+01:00;2026-01-14T23:00:00+01:00;NO3;Husholdning;1120489,864;410186
2026-01-14 22:00:00+01:00;2026-01-14T23:00:00+01:00;NO4;Husholdning;861507,725;246473
2026-01-14 22:00:00+01:00;2026-01-14T23:00:00+01:00;NO5;Husholdning;697303,096;260338
2026-01-14 23:00:00+01:00;2026-01-15T00:00:00+01:00;NO1;Husholdning;3147315,452;1120092
2026-01-14 23:00:00+01:00;2026-01-15T00:00:00+01:00;NO2;Husholdning;1740262,368;632807
2026-01-14 23:00:00+01:00;2026-01-15T00:00:00+01:00;NO3;Husholdning;1062266,863;410186
2026-01-14 23:00:00+01:00;2026-01-15T00:00:00+01:00;NO4;Husholdning;829147,931;246473
2026-01-14 23:00:00+01:00;2026-01-15T00:00:00+01:00;NO5;Husholdning;656313,611;260338
2026-01-15 00:00:00+01:00;2026-01-15T01:00:00+01:00;NO1;Husholdning;2970425,155;1120138
2026-01-15 00:00:00+01:00;2026-01-15T01:00:00+01:00;NO2;Husholdning;1626711,323;632813
2026-01-15 00:00:00+01:00;2026-01-15T01:00:00+01:00;NO3;Husholdning;990232,741;410218
2026-01-15 00:00:00+01:00;2026-01-15T01:00:00+01:00;NO4;Husholdning;793419,154;246481
2026-01-15 00:00:00+01:00;2026-01-15T01:00:00+01:00;NO5;Husholdning;609672,23;260344
2026-01-15 01:00:00+01:00;2026-01-15T02:00:00+01:00;NO1;Husholdning;2857400,709;1120138
2026-01-15 01:00:00+01:00;2026-01-15T02:00:00+01:00;NO2;Husholdning;1555221,38;632813
2026-01-15 01:00:00+01:00;2026-01-15T02:00:00+01:00;NO3;Husholdning;938271,647;410218
2026-01-15 01:00:00+01:00;2026-01-15T02:00:00+01:00;NO4;Husholdning;759287,308;246481
2026-01-15 01:00:00+01:00;2026-01-15T02:00:00+01:00;NO5;Husholdning;578101,517;260344
2026-01-15 02:00:00+01:00;2026-01-15T03:00:00+01:00;NO1;Husholdning;2799010,67;1120138
2026-01-15 02:00:00+01:00;2026-01-15T03:00:00+01:00;NO2;Husholdning;1513364,931;632813
2026-01-15 02:00:00+01:00;2026-01-15T03:00:00+01:00;NO3;Husholdning;920696,15;410218
2026-01-15 02:00:00+01:00;2026-01-15T03:00:00+01:00;NO4;Husholdning;740605,356;246481
2026-01-15 02:00:00+01:00;2026-01-15T03:00:00+01:00;NO5;Husholdning;559060,618;260344
2026-01-15 03:00:00+01:00;2026-01-15T04:00:00+01:00;NO1;Husholdning;2765387,706;1120138
2026-01-15 03:00:00+01:00;2026-01-15T04:00:00+01:00;NO2;Husholdning;1488856,016;632813
2026-01-15 03:00:00+01:00;2026-01-15T04:00:00+01:00;NO3;Husholdning;904712,874;410218
2026-01-15 03:00:00+01:00;2026-01-15T04:00:00+01:00;NO4;Husholdning;730648,635;246481
2026-01-15 03:00:00+01:00;2026-01-15T04:00:00+01:00;NO5;Husholdning;544268,963;260344
2026-01-15 04:00:00+01:00;2026-01-15T05:00:00+01:00;NO1;Husholdning;2741155,724;1120138
2026-01-15 04:00:00+01:00;2026-01-15T05:00:00+01:00;NO2;Husholdning;1468999,374;632813
2026-01-15 04:00:00+01:00;2026-01-15T05:00:00+01:00;NO3;Husholdning;894231,08;410218
2026-01-15 04:00:00+01:00;2026-01-15T05:00:00+01:00;NO4;Husholdning;725847,402;246481
2026-01-15 04:00:00+01:00;2026-01-15T05:00:00+01:00;NO5;Husholdning;535228,813;260344
2026-01-15 05:00:00+01:00;2026-01-15T06:00:00+01:00;NO1;Husholdning;2764742,275;1120138
2026-01-15 05:00:00+01:00;2026-01-15T06:00:00+01:00;NO2;Husholdning;1480729,456;632813
2026-01-15 05:00:00+01:00;2026-01-15T06:00:00+01:00;NO3;Husholdning;902630,648;410218
2026-01-15 05:00:00+01:00;2026-01-15T06:00:00+01:00;NO4;Husholdning;729916,019;246481
2026-01-15 05:00:00+01:00;2026-01-15T06:00:00+01:00;NO5;Husholdning;538959,022;260344
2026-01-15 06:00:00+01:00;2026-01-15T07:00:00+01:00;NO1;Husholdning;2923052,013;1120138
2026-01-15 06:00:00+01:00;2026-01-15T07:00:00+01:00;NO2;Husholdning;1567115,579;632813
2026-01-15 06:00:00+01:00;2026-01-15T07:00:00+01:00;NO3;Husholdning;952306,118;410218
2026-01-15 06:00:00+01:00;2026-01-15T07:00:00+01:00;NO4;Husholdning;759287,383;246481
2026-01-15 06:00:00+01:00;2026-01-15T07:00:00+01:00;NO5;Husholdning;567784,421;260344
2026-01-15 07:00:00+01:00;2026-01-15T08:00:00+01:00;NO1;Husholdning;3100245,336;1120138
2026-01-15 07:00:00+01:00;2026-01-15T08:00:00+01:00;NO2;Husholdning;1655164,175;632813
2026-01-15 07:00:00+01:00;2026-01-15T08:00:00+01:00;NO3;Husholdning;1008196,67;410218
2026-01-15 07:00:00+01:00;2026-01-15T08:00:00+01:00;NO4;Husholdning;798732,511;246481
2026-01-15 07:00:00+01:00;2026-01-15T08:00:00+01:00;NO5;Husholdning;604124,453;260344
2026-01-15 08:00:00+01:00;2026-01-15T09:00:00+01:00;NO1;Husholdning;3064652,48;1120138
2026-01-15 08:00:00+01:00;2026-01-15T09:00:00+01:00;NO2;Husholdning;1632893,648;632813
2026-01-15 08:00:00+01:00;2026-01-15T09:00:00+01:00;NO3;Husholdning;998412,308;410218
2026-01-15 08:00:00+01:00;2026-01-15T09:00:00+01:00;NO4;Husholdning;790604,736;246481
2026-01-15 08:00:00+01:00;2026-01-15T09:00:00+01:00;NO5;Husholdning;598076,599;260344
2026-01-15 09:00:00+01:00;2026-01-15T10:00:00+01:00;NO1;Husholdning;3004643,72;1120138
2026-01-15 09:00:00+01:00;2026-01-15T10:00:00+01:00;NO2;Husholdning;1602596,512;632813
2026-01-15 09:00:00+01:00;2026-01-15T10:00:00+01:00;NO3;Husholdning;986919,28;410218
2026-01-15 09:00:00+01:00;2026-01-15T10:00:00+01:00;NO4;Husholdning;781705,202;246481
2026-01-15 09:00:00+01:00;2026-01-15T10:00:00+01:00;NO5;Husholdning;591756,821;260344
2026-01-15 10:00:00+01:00;2026-01-15T11:00:00+01:00;NO1;Husholdning;2976260,345;1120138
2026-01-15 10:00:00+01:00;2026-01-15T11:00:00+01:00;NO2;Husholdning;1589197,588;632813
2026-01-15 10:00:00+01:00;2026-01-15T11:00:00+01:00;NO3;Husholdning;977886,948;410218
2026-01-15 10:00:00+01:00;2026-01-15T11:00:00+01:00;NO4;Husholdning;774912,984;246481
2026-01-15 10:00:00+01:00;2026-01-15T11:00:00+01:00;NO5;Husholdning;586430,622;260344
2026-01-15 11:00:00+01:00;2026-01-15T12:00:00+01:00;NO1;Husholdning;2946769,004;1120138
2026-01-15 11:00:00+01:00;2026-01-15T12:00:00+01:00;NO2;Husholdning;1580123,739;632813
2026-01-15 11:00:00+01:00;2026-01-15T12:00:00+01:00;NO3;Husholdning;971688,216;410218
2026-01-15 11:00:00+01:00;2026-01-15T12:00:00+01:00;NO4;Husholdning;769431,764;246481
2026-01-15 11:00:00+01:00;2026-01-15T12:00:00+01:00;NO5;Husholdning;580681,259;260344
2026-01-15 12:00:00+01:00;2026-01-15T13:00:00+01:00;NO1;Husholdning;2918354,849;1120138
2026-01-15 12:00:00+01:00;2026-01-15T13:00:00+01:00;NO2;Husholdning;1578319,243;632813
2026-01-15 12:00:00+01:00;2026-01-15T13:00:00+01:00;NO3;Husholdning;960347,29;410218
2026-01-15 12:00:00+01:00;2026-01-15T13:00:00+01:00;NO4;Husholdning;766558,218;246481
2026-01-15 12:00:00+01:00;2026-01-15T13:00:00+01:00;NO5;Husholdning;579063,631;260344
2026-01-15 13:00:00+01:00;2026-01-15T14:00:00+01:00;NO1;Husholdning;2900582,702;1120138
2026-01-15 13:00:00+01:00;2026-01-15T14:00:00+01:00;NO2;Husholdning;1578470,053;632813
2026-01-15 13:00:00+01:00;2026-01-15T14:00:00+01:00;NO3;Husholdning;953472,455;410218
2026-01-15 13:00:00+01:00;2026-01-15T14:00:00+01:00;NO4;Husholdning;769693,554;246481
2026-01-15 13:00:00+01:00;2026-01-15T14:00:00+01:00;NO5;Husholdning;585882,046;260344
2026-01-15 14:00:00+01:00;2026-01-15T15:00:00+01:00;NO1;Husholdning;2931091,591;1120138
2026-01-15 14:00:00+01:00;2026-01-15T15:00:00+01:00;NO2;Husholdning;1609922,565;632813
2026-01-15 14:00:00+01:00;2026-01-15T15:00:00+01:00;NO3;Husholdning;975124,073;410218
2026-01-15 14:00:00+01:00;2026-01-15T15:00:00+01:00;NO4;Husholdning;787784,363;246481
2026-01-15 14:00:00+01:00;2026-01-15T15:00:00+01:00;NO5;Husholdning;599388,166;260344
2026-01-15 15:00:00+01:00;2026-01-15T16:00:00+01:00;NO1;Husholdning;3040676,253;1120138
2026-01-15 15:00:00+01:00;2026-01-15T16:00:00+01:00;NO2;Husholdning;1693712,088;632813
2026-01-15 15:00:00+01:00;2026-01-15T16:00:00+01:00;NO3;Husholdning;1032177,081;410218
2026-01-15 15:00:00+01:00;2026-01-15T16:00:00+01:00;NO4;Husholdning;821209,911;246481
2026-01-15 15:00:00+01:00;2026-01-15T16:00:00+01:00;NO5;Husholdning;632382,608;260344
2026-01-15 16:00:00+01:00;2026-01-15T17:00:00+01:00;NO1;Husholdning;3240128,372;1120138
2026-01-15 16:00:00+01:00;2026-01-15T17:00:00+01:00;NO2;Husholdning;1804834,346;632813
2026-01-15 16:00:00+01:00;2026-01-15T17:00:00+01:00;NO3;Husholdning;1106793,838;410218
2026-01-15 16:00:00+01:00;2026-01-15T17:00:00+01:00;NO4;Husholdning;853793,318;246481
2026-01-15 16:00:00+01:00;2026-01-15T17:00:00+01:00;NO5;Husholdning;681370,37;260344
2026-01-15 17:00:00+01:00;2026-01-15T18:00:00+01:00;NO1;Husholdning;3320071,981;1120138
2026-01-15 17:00:00+01:00;2026-01-15T18:00:00+01:00;NO2;Husholdning;1825498,073;632813
2026-01-15 17:00:00+01:00;2026-01-15T18:00:00+01:00;NO3;Husholdning;1108412,075;410218
2026-01-15 17:00:00+01:00;2026-01-15T18:00:00+01:00;NO4;Husholdning;848893,104;246481
2026-01-15 17:00:00+01:00;2026-01-15T18:00:00+01:00;NO5;Husholdning;691491,929;260344
2026-01-15 18:00:00+01:00;2026-01-15T19:00:00+01:00;NO1;Husholdning;3299942,026;1120138
2026-01-15 18:00:00+01:00;2026-01-15T19:00:00+01:00;NO2;Husholdning;1811464,79;632813
2026-01-15 18:00:00+01:00;2026-01-15T19:00:00+01:00;NO3;Husholdning;1095232,577;410218
2026-01-15 18:00:00+01:00;2026-01-15T19:00:00+01:00;NO4;Husholdning;840578,336;246481
2026-01-15 18:00:00+01:00;2026-01-15T19:00:00+01:00;NO5;Husholdning;689445,151;260344
2026-01-15 19:00:00+01:00;2026-01-15T20:00:00+01:00;NO1;Husholdning;3279566,606;1120138
2026-01-15 19:00:00+01:00;2026-01-15T20:00:00+01:00;NO2;Husholdning;1807725,396;632813
2026-01-15 19:00:00+01:00;2026-01-15T20:00:00+01:00;NO3;Husholdning;1093075,416;410218
2026-01-15 19:00:00+01:00;2026-01-15T20:00:00+01:00;NO4;Husholdning;843443,319;246481
2026-01-15 19:00:00+01:00;2026-01-15T20:00:00+01:00;NO5;Husholdning;689732,372;260344
2026-01-15 20:00:00+01:00;2026-01-15T21:00:00+01:00;NO1;Husholdning;3265326,62;1120138
2026-01-15 20:00:00+01:00;2026-01-15T21:00:00+01:00;NO2;Husholdning;1807728,024;632813
2026-01-15 20:00:00+01:00;2026-01-15T21:00:00+01:00;NO3;Husholdning;1101262,302;410218
2026-01-15 20:00:00+01:00;2026-01-15T21:00:00+01:00;NO4;Husholdning;849485,009;246481
2026-01-15 20:00:00+01:00;2026-01-15T21:00:00+01:00;NO5;Husholdning;691914,339;260344
2026-01-15 21:00:00+01:00;2026-01-15T22:00:00+01:00;NO1;Husholdning;3216694,681;1120138
2026-01-15 21:00:00+01:00;2026-01-15T22:00:00+01:00;NO2;Husholdning;1780288,924;632813
2026-01-15 21:00:00+01:00;2026-01-15T22:00:00+01:00;NO3;Husholdning;1099241,223;410218
2026-01-15 21:00:00+01:00;2026-01-15T22:00:00+01:00;NO4;Husholdning;848486,173;246481
2026-01-15 21:00:00+01:00;2026-01-15T22:00:00+01:00;NO5;Husholdning;688789,853;260344
2026-01-15 22:00:00+01:00;2026-01-15T23:00:00+01:00;NO1;Husholdning;3122775,458;1120138
2026-01-15 22:00:00+01:00;2026-01-15T23:00:00+01:00;NO2;Husholdning;1731008,144;632813
2026-01-15 22:00:00+01:00;2026-01-15T23:00:00+01:00;NO3;Husholdning;1074877,315;410218
2026-01-15 22:00:00+01:00;2026-01-15T23:00:00+01:00;NO4;Husholdning;832184,676;246481
2026-01-15 22:00:00+01:00;2026-01-15T23:00:00+01:00;NO5;Husholdning;670239,45;260344
2026-01-15 23:00:00+01:00;2026-01-16T00:00:00+01:00;NO1;Husholdning;2961181,74;1120138
2026-01-15 23:00:00+01:00;2026-01-16T00:00:00+01:00;NO2;Husholdning;1641492,517;632813
2026-01-15 23:00:00+01:00;2026-01-16T00:00:00+01:00;NO3;Husholdning;1029079,559;410218
2026-01-15 23:00:00+01:00;2026-01-16T00:00:00+01:00;NO4;Husholdning;803743,955;246481
2026-01-15 23:00:00+01:00;2026-01-16T00:00:00+01:00;NO5;Husholdning;630138,168;260344
2026-01-16 00:00:00+01:00;2026-01-16T01:00:00+01:00;NO1;Husholdning;2773968,43;1120187
2026-01-16 00:00:00+01:00;2026-01-16T01:00:00+01:00;NO2;Husholdning;1535618,579;632832
2026-01-16 00:00:00+01:00;2026-01-16T01:00:00+01:00;NO3;Husholdning;966768,328;410244
2026-01-16 00:00:00+01:00;2026-01-16T01:00:00+01:00;NO4;Husholdning;762973,471;246489
2026-01-16 00:00:00+01:00;2026-01-16T01:00:00+01:00;NO5;Husholdning;586578,072;260359
2026-01-16 01:00:00+01:00;2026-01-16T02:00:00+01:00;NO1;Husholdning;2645167,163;1120187
2026-01-16 01:00:00+01:00;2026-01-16T02:00:00+01:00;NO2;Husholdning;1461824,682;632832
2026-01-16 01:00:00+01:00;2026-01-16T02:00:00+01:00;NO3;Husholdning;922920,768;410244
2026-01-16 01:00:00+01:00;2026-01-16T02:00:00+01:00;NO4;Husholdning;732801,943;246489
2026-01-16 01:00:00+01:00;2026-01-16T02:00:00+01:00;NO5;Husholdning;554112,104;260359
2026-01-16 02:00:00+01:00;2026-01-16T03:00:00+01:00;NO1;Husholdning;2556202,74;1120187
2026-01-16 02:00:00+01:00;2026-01-16T03:00:00+01:00;NO2;Husholdning;1408489,009;632832
2026-01-16 02:00:00+01:00;2026-01-16T03:00:00+01:00;NO3;Husholdning;894773,804;410244
2026-01-16 02:00:00+01:00;2026-01-16T03:00:00+01:00;NO4;Husholdning;715788,084;246489
2026-01-16 02:00:00+01:00;2026-01-16T03:00:00+01:00;NO5;Husholdning;534345,368;260359
2026-01-16 03:00:00+01:00;2026-01-16T04:00:00+01:00;NO1;Husholdning;2500611,922;1120187
2026-01-16 03:00:00+01:00;2026-01-16T04:00:00+01:00;NO2;Husholdning;1372494,211;632832
2026-01-16 03:00:00+01:00;2026-01-16T04:00:00+01:00;NO3;Husholdning;871458,573;410244
2026-01-16 03:00:00+01:00;2026-01-16T04:00:00+01:00;NO4;Husholdning;707318,904;246489
2026-01-16 03:00:00+01:00;2026-01-16T04:00:00+01:00;NO5;Husholdning;519980,706;260359
2026-01-16 04:00:00+01:00;2026-01-16T05:00:00+01:00;NO1;Husholdning;2457816,223;1120187
2026-01-16 04:00:00+01:00;2026-01-16T05:00:00+01:00;NO2;Husholdning;1347368,756;632832
2026-01-16 04:00:00+01:00;2026-01-16T05:00:00+01:00;NO3;Husholdning;852054,968;410244
2026-01-16 04:00:00+01:00;2026-01-16T05:00:00+01:00;NO4;Husholdning;700467,607;246489
2026-01-16 04:00:00+01:00;2026-01-16T05:00:00+01:00;NO5;Husholdning;509304,453;260359
2026-01-16 05:00:00+01:00;2026-01-16T06:00:00+01:00;NO1;Husholdning;2468536,423;1120187
2026-01-16 05:00:00+01:00;2026-01-16T06:00:00+01:00;NO2;Husholdning;1350286,938;632832
2026-01-16 05:00:00+01:00;2026-01-16T06:00:00+01:00;NO3;Husholdning;852190,098;410244
2026-01-16 05:00:00+01:00;2026-01-16T06:00:00+01:00;NO4;Husholdning;704716,012;246489
2026-01-16 05:00:00+01:00;2026-01-16T06:00:00+01:00;NO5;Husholdning;510155,92;260359
2026-01-16 06:00:00+01:00;2026-01-16T07:00:00+01:00;NO1;Husholdning;2601973,264;1120187
2026-01-16 06:00:00+01:00;2026-01-16T07:00:00+01:00;NO2;Husholdning;1426320,774;632832
2026-01-16 06:00:00+01:00;2026-01-16T07:00:00+01:00;NO3;Husholdning;893843,64;410244
2026-01-16 06:00:00+01:00;2026-01-16T07:00:00+01:00;NO4;Husholdning;732697,733;246489
2026-01-16 06:00:00+01:00;2026-01-16T07:00:00+01:00;NO5;Husholdning;537385,696;260359
2026-01-16 07:00:00+01:00;2026-01-16T08:00:00+01:00;NO1;Husholdning;2774045,583;1120187
2026-01-16 07:00:00+01:00;2026-01-16T08:00:00+01:00;NO2;Husholdning;1512375,084;632832
2026-01-16 07:00:00+01:00;2026-01-16T08:00:00+01:00;NO3;Husholdning;947551,531;410244
2026-01-16 07:00:00+01:00;2026-01-16T08:00:00+01:00;NO4;Husholdning;774050,561;246489
2026-01-16 07:00:00+01:00;2026-01-16T08:00:00+01:00;NO5;Husholdning;573569,115;260359
2026-01-16 08:00:00+01:00;2026-01-16T09:00:00+01:00;NO1;Husholdning;2745025,931;1120187
2026-01-16 08:00:00+01:00;2026-01-16T09:00:00+01:00;NO2;Husholdning;1496273,997;632832
2026-01-16 08:00:00+01:00;2026-01-16T09:00:00+01:00;NO3;Husholdning;938932,205;410244
2026-01-16 08:00:00+01:00;2026-01-16T09:00:00+01:00;NO4;Husholdning;771707,907;246489
2026-01-16 08:00:00+01:00;2026-01-16T09:00:00+01:00;NO5;Husholdning;572522,891;260359
2026-01-16 09:00:00+01:00;2026-01-16T10:00:00+01:00;NO1;Husholdning;2702065,058;1120187
2026-01-16 09:00:00+01:00;2026-01-16T10:00:00+01:00;NO2;Husholdning;1479160,908;632832
2026-01-16 09:00:00+01:00;2026-01-16T10:00:00+01:00;NO3;Husholdning;931180,395;410244
2026-01-16 09:00:00+01:00;2026-01-16T10:00:00+01:00;NO4;Husholdning;765714,94;246489
2026-01-16 09:00:00+01:00;2026-01-16T10:00:00+01:00;NO5;Husholdning;568349,785;260359
2026-01-16 10:00:00+01:00;2026-01-16T11:00:00+01:00;NO1;Husholdning;2682054,366;1120187
2026-01-16 10:00:00+01:00;2026-01-16T11:00:00+01:00;NO2;Husholdning;1473625,323;632832
2026-01-16 10:00:00+01:00;2026-01-16T11:00:00+01:00;NO3;Husholdning;921909,613;410244
2026-01-16 10:00:00+01:00;2026-01-16T11:00:00+01:00;NO4;Husholdning;762475,629;246489
2026-01-16 10:00:00+01:00;2026-01-16T11:00:00+01:00;NO5;Husholdning;567332,531;260359
2026-01-16 11:00:00+01:00;2026-01-16T12:00:00+01:00;NO1;Husholdning;2675960,799;1120187
2026-01-16 11:00:00+01:00;2026-01-16T12:00:00+01:00;NO2;Husholdning;1473770,094;632832
2026-01-16 11:00:00+01:00;2026-01-16T12:00:00+01:00;NO3;Husholdning;917321,152;410244
2026-01-16 11:00:00+01:00;2026-01-16T12:00:00+01:00;NO4;Husholdning;758709,356;246489
2026-01-16 11:00:00+01:00;2026-01-16T12:00:00+01:00;NO5;Husholdning;568696,481;260359
2026-01-16 12:00:00+01:00;2026-01-16T13:00:00+01:00;NO1;Husholdning;2670072,144;1120187
2026-01-16 12:00:00+01:00;2026-01-16T13:00:00+01:00;NO2;Husholdning;1471880,085;632832
2026-01-16 12:00:00+01:00;2026-01-16T13:00:00+01:00;NO3;Husholdning;906507,277;410244
2026-01-16 12:00:00+01:00;2026-01-16T13:00:00+01:00;NO4;Husholdning;757059,679;246489
2026-01-16 12:00:00+01:00;2026-01-16T13:00:00+01:00;NO5;Husholdning;570232,091;260359
2026-01-16 13:00:00+01:00;2026-01-16T14:00:00+01:00;NO1;Husholdning;2665482,004;1120187
2026-01-16 13:00:00+01:00;2026-01-16T14:00:00+01:00;NO2;Husholdning;1473239,626;632832
2026-01-16 13:00:00+01:00;2026-01-16T14:00:00+01:00;NO3;Husholdning;906716,385;410244
2026-01-16 13:00:00+01:00;2026-01-16T14:00:00+01:00;NO4;Husholdning;764470,839;246489
2026-01-16 13:00:00+01:00;2026-01-16T14:00:00+01:00;NO5;Husholdning;572992,995;260359
2026-01-16 14:00:00+01:00;2026-01-16T15:00:00+01:00;NO1;Husholdning;2706383,135;1120187
2026-01-16 14:00:00+01:00;2026-01-16T15:00:00+01:00;NO2;Husholdning;1499515,541;632832
2026-01-16 14:00:00+01:00;2026-01-16T15:00:00+01:00;NO3;Husholdning;929855,922;410244
2026-01-16 14:00:00+01:00;2026-01-16T15:00:00+01:00;NO4;Husholdning;782190,138;246489
2026-01-16 14:00:00+01:00;2026-01-16T15:00:00+01:00;NO5;Husholdning;587423,95;260359
2026-01-16 15:00:00+01:00;2026-01-16T16:00:00+01:00;NO1;Husholdning;2793033,988;1120187
2026-01-16 15:00:00+01:00;2026-01-16T16:00:00+01:00;NO2;Husholdning;1568806,4;632832
2026-01-16 15:00:00+01:00;2026-01-16T16:00:00+01:00;NO3;Husholdning;975777,958;410244
2026-01-16 15:00:00+01:00;2026-01-16T16:00:00+01:00;NO4;Husholdning;810222,49;246489
2026-01-16 15:00:00+01:00;2026-01-16T16:00:00+01:00;NO5;Husholdning;615892,435;260359
2026-01-16 16:00:00+01:00;2026-01-16T17:00:00+01:00;NO1;Husholdning;2953454,696;1120187
2026-01-16 16:00:00+01:00;2026-01-16T17:00:00+01:00;NO2;Husholdning;1665708,614;632832
2026-01-16 16:00:00+01:00;2026-01-16T17:00:00+01:00;NO3;Husholdning;1050514,39;410244
2026-01-16 16:00:00+01:00;2026-01-16T17:00:00+01:00;NO4;Husholdning;836999,019;246489
2026-01-16 16:00:00+01:00;2026-01-16T17:00:00+01:00;NO5;Husholdning;658464,247;260359
2026-01-16 17:00:00+01:00;2026-01-16T18:00:00+01:00;NO1;Husholdning;3037395,511;1120187
2026-01-16 17:00:00+01:00;2026-01-16T18:00:00+01:00;NO2;Husholdning;1701402,879;632832
2026-01-16 17:00:00+01:00;2026-01-16T18:00:00+01:00;NO3;Husholdning;1065460,225;410244
2026-01-16 17:00:00+01:00;2026-01-16T18:00:00+01:00;NO4;Husholdning;840363,637;246489
2026-01-16 17:00:00+01:00;2026-01-16T18:00:00+01:00;NO5;Husholdning;674382,853;260359
2026-01-16 18:00:00+01:00;2026-01-16T19:00:00+01:00;NO1;Husholdning;3024495,035;1120187
2026-01-16 18:00:00+01:00;2026-01-16T19:00:00+01:00;NO2;Husholdning;1693216,469;632832
2026-01-16 18:00:00+01:00;2026-01-16T19:00:00+01:00;NO3;Husholdning;1061376,788;410244
2026-01-16 18:00:00+01:00;2026-01-16T19:00:00+01:00;NO4;Husholdning;837465,144;246489
2026-01-16 18:00:00+01:00;2026-01-16T19:00:00+01:00;NO5;Husholdning;673742,205;260359
2026-01-16 19:00:00+01:00;2026-01-16T20:00:00+01:00;NO1;Husholdning;2956475,258;1120187
2026-01-16 19:00:00+01:00;2026-01-16T20:00:00+01:00;NO2;Husholdning;1662052,571;632832
2026-01-16 19:00:00+01:00;2026-01-16T20:00:00+01:00;NO3;Husholdning;1045527,86;410244
2026-01-16 19:00:00+01:00;2026-01-16T20:00:00+01:00;NO4;Husholdning;833384,93;246489
2026-01-16 19:00:00+01:00;2026-01-16T20:00:00+01:00;NO5;Husholdning;665967,954;260359
2026-01-16 20:00:00+01:00;2026-01-16T21:00:00+01:00;NO1;Husholdning;2861622,901;1120187
2026-01-16 20:00:00+01:00;2026-01-16T21:00:00+01:00;NO2;Husholdning;1613291,737;632832
2026-01-16 20:00:00+01:00;2026-01-16T21:00:00+01:00;NO3;Husholdning;1020210,455;410244
2026-01-16 20:00:00+01:00;2026-01-16T21:00:00+01:00;NO4;Husholdning;824715,241;246489
2026-01-16 20:00:00+01:00;2026-01-16T21:00:00+01:00;NO5;Husholdning;651092,275;260359
2026-01-16 21:00:00+01:00;2026-01-16T22:00:00+01:00;NO1;Husholdning;2763560,788;1120187
2026-01-16 21:00:00+01:00;2026-01-16T22:00:00+01:00;NO2;Husholdning;1566663,683;632832
2026-01-16 21:00:00+01:00;2026-01-16T22:00:00+01:00;NO3;Husholdning;989993,828;410244
2026-01-16 21:00:00+01:00;2026-01-16T22:00:00+01:00;NO4;Husholdning;813773,518;246489
2026-01-16 21:00:00+01:00;2026-01-16T22:00:00+01:00;NO5;Husholdning;634008,342;260359
2026-01-16 22:00:00+01:00;2026-01-16T23:00:00+01:00;NO1;Husholdning;2685969,169;1120187
2026-01-16 22:00:00+01:00;2026-01-16T23:00:00+01:00;NO2;Husholdning;1531580,142;632832
2026-01-16 22:00:00+01:00;2026-01-16T23:00:00+01:00;NO3;Husholdning;972603,88;410244
2026-01-16 22:00:00+01:00;2026-01-16T23:00:00+01:00;NO4;Husholdning;799024,778;246489
2026-01-16 22:00:00+01:00;2026-01-16T23:00:00+01:00;NO5;Husholdning;618446,445;260359
2026-01-16 23:00:00+01:00;2026-01-17T00:00:00+01:00;NO1;Husholdning;2591604,179;1120187
2026-01-16 23:00:00+01:00;2026-01-17T00:00:00+01:00;NO2;Husholdning;1493727,374;632832
2026-01-16 23:00:00+01:00;2026-01-17T00:00:00+01:00;NO3;Husholdning;941635,457;410244
2026-01-16 23:00:00+01:00;2026-01-17T00:00:00+01:00;NO4;Husholdning;783097,916;246489
2026-01-16 23:00:00+01:00;2026-01-17T00:00:00+01:00;NO5;Husholdning;595452,208;260359
2026-01-17 00:00:00+01:00;2026-01-17T01:00:00+01:00;NO1;Husholdning;2473687,344;1120189
2026-01-17 00:00:00+01:00;2026-01-17T01:00:00+01:00;NO2;Husholdning;1436630,05;632832
2026-01-17 00:00:00+01:00;2026-01-17T01:00:00+01:00;NO3;Husholdning;908347,139;410240
2026-01-17 00:00:00+01:00;2026-01-17T01:00:00+01:00;NO4;Husholdning;753336,329;246490
2026-01-17 00:00:00+01:00;2026-01-17T01:00:00+01:00;NO5;Husholdning;568728,618;260358
2026-01-17 01:00:00+01:00;2026-01-17T02:00:00+01:00;NO1;Husholdning;2380471,093;1120189
2026-01-17 01:00:00+01:00;2026-01-17T02:00:00+01:00;NO2;Husholdning;1381120,085;632832
2026-01-17 01:00:00+01:00;2026-01-17T02:00:00+01:00;NO3;Husholdning;866219,535;410240
2026-01-17 01:00:00+01:00;2026-01-17T02:00:00+01:00;NO4;Husholdning;727741,599;246490
2026-01-17 01:00:00+01:00;2026-01-17T02:00:00+01:00;NO5;Husholdning;542239,05;260358
2026-01-17 02:00:00+01:00;2026-01-17T03:00:00+01:00;NO1;Husholdning;2303593,717;1120189
2026-01-17 02:00:00+01:00;2026-01-17T03:00:00+01:00;NO2;Husholdning;1345302,816;632832
2026-01-17 02:00:00+01:00;2026-01-17T03:00:00+01:00;NO3;Husholdning;839084,244;410240
2026-01-17 02:00:00+01:00;2026-01-17T03:00:00+01:00;NO4;Husholdning;709738,665;246490
2026-01-17 02:00:00+01:00;2026-01-17T03:00:00+01:00;NO5;Husholdning;524516,058;260358
2026-01-17 03:00:00+01:00;2026-01-17T04:00:00+01:00;NO1;Husholdning;2251404,666;1120189
2026-01-17 03:00:00+01:00;2026-01-17T04:00:00+01:00;NO2;Husholdning;1322542,142;632832
2026-01-17 03:00:00+01:00;2026-01-17T04:00:00+01:00;NO3;Husholdning;827649,791;410240
2026-01-17 03:00:00+01:00;2026-01-17T04:00:00+01:00;NO4;Husholdning;695551,298;246490
2026-01-17 03:00:00+01:00;2026-01-17T04:00:00+01:00;NO5;Husholdning;512045,563;260358
2026-01-17 04:00:00+01:00;2026-01-17T05:00:00+01:00;NO1;Husholdning;2231596,181;1120189
2026-01-17 04:00:00+01:00;2026-01-17T05:00:00+01:00;NO2;Husholdning;1314354,117;632832
2026-01-17 04:00:00+01:00;2026-01-17T05:00:00+01:00;NO3;Husholdning;811763,648;410240
2026-01-17 04:00:00+01:00;2026-01-17T05:00:00+01:00;NO4;Husholdning;689568,518;246490
2026-01-17 04:00:00+01:00;2026-01-17T05:00:00+01:00;NO5;Husholdning;503865,457;260358
2026-01-17 05:00:00+01:00;2026-01-17T06:00:00+01:00;NO1;Husholdning;2232227,46;1120189
2026-01-17 05:00:00+01:00;2026-01-17T06:00:00+01:00;NO2;Husholdning;1315699,806;632832
2026-01-17 05:00:00+01:00;2026-01-17T06:00:00+01:00;NO3;Husholdning;800440,92;410240
2026-01-17 05:00:00+01:00;2026-01-17T06:00:00+01:00;NO4;Husholdning;687869,89;246490
2026-01-17 05:00:00+01:00;2026-01-17T06:00:00+01:00;NO5;Husholdning;500540,738;260358
2026-01-17 06:00:00+01:00;2026-01-17T07:00:00+01:00;NO1;Husholdning;2274574,481;1120189
2026-01-17 06:00:00+01:00;2026-01-17T07:00:00+01:00;NO2;Husholdning;1331505,615;632832
2026-01-17 06:00:00+01:00;2026-01-17T07:00:00+01:00;NO3;Husholdning;805131,88;410240
2026-01-17 06:00:00+01:00;2026-01-17T07:00:00+01:00;NO4;Husholdning;692779,827;246490
2026-01-17 06:00:00+01:00;2026-01-17T07:00:00+01:00;NO5;Husholdning;506118,883;260358
2026-01-17 07:00:00+01:00;2026-01-17T08:00:00+01:00;NO1;Husholdning;2358524,438;1120189
2026-01-17 07:00:00+01:00;2026-01-17T08:00:00+01:00;NO2;Husholdning;1378601,593;632832
2026-01-17 07:00:00+01:00;2026-01-17T08:00:00+01:00;NO3;Husholdning;830869,747;410240
2026-01-17 07:00:00+01:00;2026-01-17T08:00:00+01:00;NO4;Husholdning;707617,424;246490
2026-01-17 07:00:00+01:00;2026-01-17T08:00:00+01:00;NO5;Husholdning;523728,66;260358
2026-01-17 08:00:00+01:00;2026-01-17T09:00:00+01:00;NO1;Husholdning;2503222,746;1120189
2026-01-17 08:00:00+01:00;2026-01-17T09:00:00+01:00;NO2;Husholdning;1465138,931;632832
2026-01-17 08:00:00+01:00;2026-01-17T09:00:00+01:00;NO3;Husholdning;880002,654;410240
2026-01-17 08:00:00+01:00;2026-01-17T09:00:00+01:00;NO4;Husholdning;734849,381;246490
2026-01-17 08:00:00+01:00;2026-01-17T09:00:00+01:00;NO5;Husholdning;557401,918;260358
2026-01-17 09:00:00+01:00;2026-01-17T10:00:00+01:00;NO1;Husholdning;2668665,425;1120189
2026-01-17 09:00:00+01:00;2026-01-17T10:00:00+01:00;NO2;Husholdning;1561190,538;632832
2026-01-17 09:00:00+01:00;2026-01-17T10:00:00+01:00;NO3;Husholdning;940078,013;410240
2026-01-17 09:00:00+01:00;2026-01-17T10:00:00+01:00;NO4;Husholdning;767320,934;246490
2026-01-17 09:00:00+01:00;2026-01-17T10:00:00+01:00;NO5;Husholdning;595136,893;260358
2026-01-17 10:00:00+01:00;2026-01-17T11:00:00+01:00;NO1;Husholdning;2772356,896;1120189
2026-01-17 10:00:00+01:00;2026-01-17T11:00:00+01:00;NO2;Husholdning;1616636,394;632832
2026-01-17 10:00:00+01:00;2026-01-17T11:00:00+01:00;NO3;Husholdning;971169,374;410240
2026-01-17 10:00:00+01:00;2026-01-17T11:00:00+01:00;NO4;Husholdning;785894,892;246490
2026-01-17 10:00:00+01:00;2026-01-17T11:00:00+01:00;NO5;Husholdning;616725,991;260358
2026-01-17 11:00:00+01:00;2026-01-17T12:00:00+01:00;NO1;Husholdning;2810913,221;1120189
2026-01-17 11:00:00+01:00;2026-01-17T12:00:00+01:00;NO2;Husholdning;1630495,396;632832
2026-01-17 11:00:00+01:00;2026-01-17T12:00:00+01:00;NO3;Husholdning;972963,208;410240
2026-01-17 11:00:00+01:00;2026-01-17T12:00:00+01:00;NO4;Husholdning;790715,117;246490
2026-01-17 11:00:00+01:00;2026-01-17T12:00:00+01:00;NO5;Husholdning;623482,444;260358
2026-01-17 12:00:00+01:00;2026-01-17T13:00:00+01:00;NO1;Husholdning;2803476,315;1120189
2026-01-17 12:00:00+01:00;2026-01-17T13:00:00+01:00;NO2;Husholdning;1620605,817;632832
2026-01-17 12:00:00+01:00;2026-01-17T13:00:00+01:00;NO3;Husholdning;953401,85;410240
2026-01-17 12:00:00+01:00;2026-01-17T13:00:00+01:00;NO4;Husholdning;788263,132;246490
2026-01-17 12:00:00+01:00;2026-01-17T13:00:00+01:00;NO5;Husholdning;619373,07;260358
2026-01-17 13:00:00+01:00;2026-01-17T14:00:00+01:00;NO1;Husholdning;2792104,361;1120189
2026-01-17 13:00:00+01:00;2026-01-17T14:00:00+01:00;NO2;Husholdning;1611275,055;632832
2026-01-17 13:00:00+01:00;2026-01-17T14:00:00+01:00;NO3;Husholdning;942089,572;410240
2026-01-17 13:00:00+01:00;2026-01-17T14:00:00+01:00;NO4;Husholdning;788419,974;246490
2026-01-17 13:00:00+01:00;2026-01-17T14:00:00+01:00;NO5;Husholdning;614013,008;260358
2026-01-17 14:00:00+01:00;2026-01-17T15:00:00+01:00;NO1;Husholdning;2793212,904;1120189
2026-01-17 14:00:00+01:00;2026-01-17T15:00:00+01:00;NO2;Husholdning;1604252,796;632832
2026-01-17 14:00:00+01:00;2026-01-17T15:00:00+01:00;NO3;Husholdning;949619,032;410240
2026-01-17 14:00:00+01:00;2026-01-17T15:00:00+01:00;NO4;Husholdning;793683,042;246490
2026-01-17 14:00:00+01:00;2026-01-17T15:00:00+01:00;NO5;Husholdning;615373,415;260358
2026-01-17 15:00:00+01:00;2026-01-17T16:00:00+01:00;NO1;Husholdning;2835100,545;1120189
2026-01-17 15:00:00+01:00;2026-01-17T16:00:00+01:00;NO2;Husholdning;1627859,686;632832
2026-01-17 15:00:00+01:00;2026-01-17T16:00:00+01:00;NO3;Husholdning;989303,539;410240
2026-01-17 15:00:00+01:00;2026-01-17T16:00:00+01:00;NO4;Husholdning;803732,123;246490
2026-01-17 15:00:00+01:00;2026-01-17T16:00:00+01:00;NO5;Husholdning;630361,559;260358
2026-01-17 16:00:00+01:00;2026-01-17T17:00:00+01:00;NO1;Husholdning;2934507,831;1120189
2026-01-17 16:00:00+01:00;2026-01-17T17:00:00+01:00;NO2;Husholdning;1686449,826;632832
2026-01-17 16:00:00+01:00;2026-01-17T17:00:00+01:00;NO3;Husholdning;1042396,309;410240
2026-01-17 16:00:00+01:00;2026-01-17T17:00:00+01:00;NO4;Husholdning;812424,691;246490
2026-01-17 16:00:00+01:00;2026-01-17T17:00:00+01:00;NO5;Husholdning;660959,576;260358
2026-01-17 17:00:00+01:00;2026-01-17T18:00:00+01:00;NO1;Husholdning;2995939,536;1120189
2026-01-17 17:00:00+01:00;2026-01-17T18:00:00+01:00;NO2;Husholdning;1730247,769;632832
2026-01-17 17:00:00+01:00;2026-01-17T18:00:00+01:00;NO3;Husholdning;1073348,424;410240
2026-01-17 17:00:00+01:00;2026-01-17T18:00:00+01:00;NO4;Husholdning;812119,541;246490
2026-01-17 17:00:00+01:00;2026-01-17T18:00:00+01:00;NO5;Husholdning;684512,337;260358
2026-01-17 18:00:00+01:00;2026-01-17T19:00:00+01:00;NO1;Husholdning;3001887,501;1120189
2026-01-17 18:00:00+01:00;2026-01-17T19:00:00+01:00;NO2;Husholdning;1741598,314;632832
2026-01-17 18:00:00+01:00;2026-01-17T19:00:00+01:00;NO3;Husholdning;1091426,463;410240
2026-01-17 18:00:00+01:00;2026-01-17T19:00:00+01:00;NO4;Husholdning;810332,887;246490
2026-01-17 18:00:00+01:00;2026-01-17T19:00:00+01:00;NO5;Husholdning;697057,175;260358
2026-01-17 19:00:00+01:00;2026-01-17T20:00:00+01:00;NO1;Husholdning;2942769,528;1120189
2026-01-17 19:00:00+01:00;2026-01-17T20:00:00+01:00;NO2;Husholdning;1700714,211;632832
2026-01-17 19:00:00+01:00;2026-01-17T20:00:00+01:00;NO3;Husholdning;1083271,284;410240
2026-01-17 19:00:00+01:00;2026-01-17T20:00:00+01:00;NO4;Husholdning;799356,605;246490
2026-01-17 19:00:00+01:00;2026-01-17T20:00:00+01:00;NO5;Husholdning;688830,863;260358
2026-01-17 20:00:00+01:00;2026-01-17T21:00:00+01:00;NO1;Husholdning;2843950,426;1120189
2026-01-17 20:00:00+01:00;2026-01-17T21:00:00+01:00;NO2;Husholdning;1636182,622;632832
2026-01-17 20:00:00+01:00;2026-01-17T21:00:00+01:00;NO3;Husholdning;1060554,501;410240
2026-01-17 20:00:00+01:00;2026-01-17T21:00:00+01:00;NO4;Husholdning;779904,343;246490
2026-01-17 20:00:00+01:00;2026-01-17T21:00:00+01:00;NO5;Husholdning;665684,609;260358
2026-01-17 21:00:00+01:00;2026-01-17T22:00:00+01:00;NO1;Husholdning;2757676,758;1120189
2026-01-17 21:00:00+01:00;2026-01-17T22:00:00+01:00;NO2;Husholdning;1580594,327;632832
2026-01-17 21:00:00+01:00;2026-01-17T22:00:00+01:00;NO3;Husholdning;1036463,218;410240
2026-01-17 21:00:00+01:00;2026-01-17T22:00:00+01:00;NO4;Husholdning;758960,692;246490
2026-01-17 21:00:00+01:00;2026-01-17T22:00:00+01:00;NO5;Husholdning;640861,291;260358
2026-01-17 22:00:00+01:00;2026-01-17T23:00:00+01:00;NO1;Husholdning;2679985,319;1120189
2026-01-17 22:00:00+01:00;2026-01-17T23:00:00+01:00;NO2;Husholdning;1531359,015;632832
2026-01-17 22:00:00+01:00;2026-01-17T23:00:00+01:00;NO3;Husholdning;1020763,419;410240
2026-01-17 22:00:00+01:00;2026-01-17T23:00:00+01:00;NO4;Husholdning;738823,174;246490
2026-01-17 22:00:00+01:00;2026-01-17T23:00:00+01:00;NO5;Husholdning;620000,303;260358
2026-01-17 23:00:00+01:00;2026-01-18T00:00:00+01:00;NO1;Husholdning;2590193,022;1120189
2026-01-17 23:00:00+01:00;2026-01-18T00:00:00+01:00;NO2;Husholdning;1480337,041;632832
2026-01-17 23:00:00+01:00;2026-01-18T00:00:00+01:00;NO3;Husholdning;996904,936;410240
2026-01-17 23:00:00+01:00;2026-01-18T00:00:00+01:00;NO4;Husholdning;715071,921;246490
2026-01-17 23:00:00+01:00;2026-01-18T00:00:00+01:00;NO5;Husholdning;596031,9;260358
2026-01-18 00:00:00+01:00;2026-01-18T01:00:00+01:00;NO1;Husholdning;2498698,406;1120190
2026-01-18 00:00:00+01:00;2026-01-18T01:00:00+01:00;NO2;Husholdning;1425407,267;632832
2026-01-18 00:00:00+01:00;2026-01-18T01:00:00+01:00;NO3;Husholdning;967901,412;410238
2026-01-18 00:00:00+01:00;2026-01-18T01:00:00+01:00;NO4;Husholdning;692652,464;246493
2026-01-18 00:00:00+01:00;2026-01-18T01:00:00+01:00;NO5;Husholdning;573662,794;260358
2026-01-18 01:00:00+01:00;2026-01-18T02:00:00+01:00;NO1;Husholdning;2423932,777;1120190
2026-01-18 01:00:00+01:00;2026-01-18T02:00:00+01:00;NO2;Husholdning;1378194,441;632832
2026-01-18 01:00:00+01:00;2026-01-18T02:00:00+01:00;NO3;Husholdning;934059,79;410238
2026-01-18 01:00:00+01:00;2026-01-18T02:00:00+01:00;NO4;Husholdning;668075,77;246493
2026-01-18 01:00:00+01:00;2026-01-18T02:00:00+01:00;NO5;Husholdning;552018,563;260358
2026-01-18 02:00:00+01:00;2026-01-18T03:00:00+01:00;NO1;Husholdning;2348573,185;1120190
2026-01-18 02:00:00+01:00;2026-01-18T03:00:00+01:00;NO2;Husholdning;1337055,385;632832
2026-01-18 02:00:00+01:00;2026-01-18T03:00:00+01:00;NO3;Husholdning;908864,459;410238
2026-01-18 02:00:00+01:00;2026-01-18T03:00:00+01:00;NO4;Husholdning;648718,283;246493
2026-01-18 02:00:00+01:00;2026-01-18T03:00:00+01:00;NO5;Husholdning;532248,78;260358
2026-01-18 03:00:00+01:00;2026-01-18T04:00:00+01:00;NO1;Husholdning;2299307,332;1120190
2026-01-18 03:00:00+01:00;2026-01-18T04:00:00+01:00;NO2;Husholdning;1303405,16;632832
2026-01-18 03:00:00+01:00;2026-01-18T04:00:00+01:00;NO3;Husholdning;896412,01;410238
2026-01-18 03:00:00+01:00;2026-01-18T04:00:00+01:00;NO4;Husholdning;635070,905;246493
2026-01-18 03:00:00+01:00;2026-01-18T04:00:00+01:00;NO5;Husholdning;518632,294;260358
2026-01-18 04:00:00+01:00;2026-01-18T05:00:00+01:00;NO1;Husholdning;2263807,384;1120190
2026-01-18 04:00:00+01:00;2026-01-18T05:00:00+01:00;NO2;Husholdning;1284038,564;632832
2026-01-18 04:00:00+01:00;2026-01-18T05:00:00+01:00;NO3;Husholdning;886406,851;410238
2026-01-18 04:00:00+01:00;2026-01-18T05:00:00+01:00;NO4;Husholdning;626169,639;246493
2026-01-18 04:00:00+01:00;2026-01-18T05:00:00+01:00;NO5;Husholdning;508457,289;260358
2026-01-18 05:00:00+01:00;2026-01-18T06:00:00+01:00;NO1;Husholdning;2252931,721;1120190
2026-01-18 05:00:00+01:00;2026-01-18T06:00:00+01:00;NO2;Husholdning;1276749,742;632832
2026-01-18 05:00:00+01:00;2026-01-18T06:00:00+01:00;NO3;Husholdning;883426,618;410238
2026-01-18 05:00:00+01:00;2026-01-18T06:00:00+01:00;NO4;Husholdning;622178,686;246493
2026-01-18 05:00:00+01:00;2026-01-18T06:00:00+01:00;NO5;Husholdning;502515,014;260358
2026-01-18 06:00:00+01:00;2026-01-18T07:00:00+01:00;NO1;Husholdning;2267757,332;1120190
2026-01-18 06:00:00+01:00;2026-01-18T07:00:00+01:00;NO2;Husholdning;1286546,029;632832
2026-01-18 06:00:00+01:00;2026-01-18T07:00:00+01:00;NO3;Husholdning;889583,779;410238
2026-01-18 06:00:00+01:00;2026-01-18T07:00:00+01:00;NO4;Husholdning;624873,942;246493
2026-01-18 06:00:00+01:00;2026-01-18T07:00:00+01:00;NO5;Husholdning;502649,218;260358
2026-01-18 07:00:00+01:00;2026-01-18T08:00:00+01:00;NO1;Husholdning;2327077,935;1120190
2026-01-18 07:00:00+01:00;2026-01-18T08:00:00+01:00;NO2;Husholdning;1322144,97;632832
2026-01-18 07:00:00+01:00;2026-01-18T08:00:00+01:00;NO3;Husholdning;910703,047;410238
2026-01-18 07:00:00+01:00;2026-01-18T08:00:00+01:00;NO4;Husholdning;634790,121;246493
2026-01-18 07:00:00+01:00;2026-01-18T08:00:00+01:00;NO5;Husholdning;511516,299;260358
2026-01-18 08:00:00+01:00;2026-01-18T09:00:00+01:00;NO1;Husholdning;2439743,505;1120190
2026-01-18 08:00:00+01:00;2026-01-18T09:00:00+01:00;NO2;Husholdning;1389475,06;632832
2026-01-18 08:00:00+01:00;2026-01-18T09:00:00+01:00;NO3;Husholdning;954672,901;410238
2026-01-18 08:00:00+01:00;2026-01-18T09:00:00+01:00;NO4;Husholdning;656352,803;246493
2026-01-18 08:00:00+01:00;2026-01-18T09:00:00+01:00;NO5;Husholdning;535328,481;260358
2026-01-18 09:00:00+01:00;2026-01-18T10:00:00+01:00;NO1;Husholdning;2594814,116;1120190
2026-01-18 09:00:00+01:00;2026-01-18T10:00:00+01:00;NO2;Husholdning;1487811,268;632832
2026-01-18 09:00:00+01:00;2026-01-18T10:00:00+01:00;NO3;Husholdning;1012909,325;410238
2026-01-18 09:00:00+01:00;2026-01-18T10:00:00+01:00;NO4;Husholdning;688584,572;246493
2026-01-18 09:00:00+01:00;2026-01-18T10:00:00+01:00;NO5;Husholdning;570803,897;260358
2026-01-18 10:00:00+01:00;2026-01-18T11:00:00+01:00;NO1;Husholdning;2719841,046;1120190
2026-01-18 10:00:00+01:00;2026-01-18T11:00:00+01:00;NO2;Husholdning;1560964,339;632832
2026-01-18 10:00:00+01:00;2026-01-18T11:00:00+01:00;NO3;Husholdning;1052576,67;410238
2026-01-18 10:00:00+01:00;2026-01-18T11:00:00+01:00;NO4;Husholdning;715019,201;246493
2026-01-18 10:00:00+01:00;2026-01-18T11:00:00+01:00;NO5;Husholdning;599835,055;260358
2026-01-18 11:00:00+01:00;2026-01-18T12:00:00+01:00;NO1;Husholdning;2783115,658;1120190
2026-01-18 11:00:00+01:00;2026-01-18T12:00:00+01:00;NO2;Husholdning;1591574,191;632832
2026-01-18 11:00:00+01:00;2026-01-18T12:00:00+01:00;NO3;Husholdning;1065090,399;410238
2026-01-18 11:00:00+01:00;2026-01-18T12:00:00+01:00;NO4;Husholdning;727146,887;246493
2026-01-18 11:00:00+01:00;2026-01-18T12:00:00+01:00;NO5;Husholdning;617232,358;260358
2026-01-18 12:00:00+01:00;2026-01-18T13:00:00+01:00;NO1;Husholdning;2804981,295;1120190
2026-01-18 12:00:00+01:00;2026-01-18T13:00:00+01:00;NO2;Husholdning;1604840,74;632832
2026-01-18 12:00:00+01:00;2026-01-18T13:00:00+01:00;NO3;Husholdning;1060261,561;410238
2026-01-18 12:00:00+01:00;2026-01-18T13:00:00+01:00;NO4;Husholdning;731200,027;246493
2026-01-18 12:00:00+01:00;2026-01-18T13:00:00+01:00;NO5;Husholdning;624490,165;260358
2026-01-18 13:00:00+01:00;2026-01-18T14:00:00+01:00;NO1;Husholdning;2813355,755;1120190
2026-01-18 13:00:00+01:00;2026-01-18T14:00:00+01:00;NO2;Husholdning;1617039,419;632832
2026-01-18 13:00:00+01:00;2026-01-18T14:00:00+01:00;NO3;Husholdning;1061004,974;410238
2026-01-18 13:00:00+01:00;2026-01-18T14:00:00+01:00;NO4;Husholdning;736609,138;246493
2026-01-18 13:00:00+01:00;2026-01-18T14:00:00+01:00;NO5;Husholdning;629748,718;260358
2026-01-18 14:00:00+01:00;2026-01-18T15:00:00+01:00;NO1;Husholdning;2836117,221;1120190
2026-01-18 14:00:00+01:00;2026-01-18T15:00:00+01:00;NO2;Husholdning;1633329,549;632832
2026-01-18 14:00:00+01:00;2026-01-18T15:00:00+01:00;NO3;Husholdning;1079089,488;410238
2026-01-18 14:00:00+01:00;2026-01-18T15:00:00+01:00;NO4;Husholdning;751978,468;246493
2026-01-18 14:00:00+01:00;2026-01-18T15:00:00+01:00;NO5;Husholdning;637874,98;260358
2026-01-18 15:00:00+01:00;2026-01-18T16:00:00+01:00;NO1;Husholdning;2899271,149;1120190
2026-01-18 15:00:00+01:00;2026-01-18T16:00:00+01:00;NO2;Husholdning;1659732,32;632832
2026-01-18 15:00:00+01:00;2026-01-18T16:00:00+01:00;NO3;Husholdning;1115567,72;410238
2026-01-18 15:00:00+01:00;2026-01-18T16:00:00+01:00;NO4;Husholdning;770221,189;246493
2026-01-18 15:00:00+01:00;2026-01-18T16:00:00+01:00;NO5;Husholdning;651125,832;260358
2026-01-18 16:00:00+01:00;2026-01-18T17:00:00+01:00;NO1;Husholdning;3011455,684;1120190
2026-01-18 16:00:00+01:00;2026-01-18T17:00:00+01:00;NO2;Husholdning;1700359,812;632832
2026-01-18 16:00:00+01:00;2026-01-18T17:00:00+01:00;NO3;Husholdning;1147755,421;410238
2026-01-18 16:00:00+01:00;2026-01-18T17:00:00+01:00;NO4;Husholdning;774580,814;246493
2026-01-18 16:00:00+01:00;2026-01-18T17:00:00+01:00;NO5;Husholdning;667165,334;260358
2026-01-18 17:00:00+01:00;2026-01-18T18:00:00+01:00;NO1;Husholdning;3058201,521;1120190
2026-01-18 17:00:00+01:00;2026-01-18T18:00:00+01:00;NO2;Husholdning;1722479,44;632832
2026-01-18 17:00:00+01:00;2026-01-18T18:00:00+01:00;NO3;Husholdning;1151571,192;410238
2026-01-18 17:00:00+01:00;2026-01-18T18:00:00+01:00;NO4;Husholdning;766580,543;246493
2026-01-18 17:00:00+01:00;2026-01-18T18:00:00+01:00;NO5;Husholdning;671371,314;260358
2026-01-18 18:00:00+01:00;2026-01-18T19:00:00+01:00;NO1;Husholdning;3060386,121;1120190
2026-01-18 18:00:00+01:00;2026-01-18T19:00:00+01:00;NO2;Husholdning;1734951,675;632832
2026-01-18 18:00:00+01:00;2026-01-18T19:00:00+01:00;NO3;Husholdning;1151030,482;410238
2026-01-18 18:00:00+01:00;2026-01-18T19:00:00+01:00;NO4;Husholdning;761653,059;246493
2026-01-18 18:00:00+01:00;2026-01-18T19:00:00+01:00;NO5;Husholdning;673544,618;260358
2026-01-18 19:00:00+01:00;2026-01-18T20:00:00+01:00;NO1;Husholdning;3037284,77;1120190
2026-01-18 19:00:00+01:00;2026-01-18T20:00:00+01:00;NO2;Husholdning;1736097,305;632832
2026-01-18 19:00:00+01:00;2026-01-18T20:00:00+01:00;NO3;Husholdning;1148631,183;410238
2026-01-18 19:00:00+01:00;2026-01-18T20:00:00+01:00;NO4;Husholdning;761110,377;246493
2026-01-18 19:00:00+01:00;2026-01-18T20:00:00+01:00;NO5;Husholdning;673968,589;260358
2026-01-18 20:00:00+01:00;2026-01-18T21:00:00+01:00;NO1;Husholdning;2998289,729;1120190
2026-01-18 20:00:00+01:00;2026-01-18T21:00:00+01:00;NO2;Husholdning;1722586,363;632832
2026-01-18 20:00:00+01:00;2026-01-18T21:00:00+01:00;NO3;Husholdning;1144892,711;410238
2026-01-18 20:00:00+01:00;2026-01-18T21:00:00+01:00;NO4;Husholdning;759033,143;246493
2026-01-18 20:00:00+01:00;2026-01-18T21:00:00+01:00;NO5;Husholdning;670024,243;260358
2026-01-18 21:00:00+01:00;2026-01-18T22:00:00+01:00;NO1;Husholdning;2940888,761;1120190
2026-01-18 21:00:00+01:00;2026-01-18T22:00:00+01:00;NO2;Husholdning;1690128,125;632832
2026-01-18 21:00:00+01:00;2026-01-18T22:00:00+01:00;NO3;Husholdning;1135351,132;410238
2026-01-18 21:00:00+01:00;2026-01-18T22:00:00+01:00;NO4;Husholdning;748277,704;246493
2026-01-18 21:00:00+01:00;2026-01-18T22:00:00+01:00;NO5;Husholdning;658970,158;260358
2026-01-18 22:00:00+01:00;2026-01-18T23:00:00+01:00;NO1;Husholdning;2839974,024;1120190
2026-01-18 22:00:00+01:00;2026-01-18T23:00:00+01:00;NO2;Husholdning;1641515,569;632832
2026-01-18 22:00:00+01:00;2026-01-18T23:00:00+01:00;NO3;Husholdning;1111129,696;410238
2026-01-18 22:00:00+01:00;2026-01-18T23:00:00+01:00;NO4;Husholdning;736482,404;246493
2026-01-18 22:00:00+01:00;2026-01-18T23:00:00+01:00;NO5;Husholdning;636817,196;260358
2026-01-18 23:00:00+01:00;2026-01-19T00:00:00+01:00;NO1;Husholdning;2672605,33;1120190
2026-01-18 23:00:00+01:00;2026-01-19T00:00:00+01:00;NO2;Husholdning;1548706,21;632832
2026-01-18 23:00:00+01:00;2026-01-19T00:00:00+01:00;NO3;Husholdning;1051563,351;410238
2026-01-18 23:00:00+01:00;2026-01-19T00:00:00+01:00;NO4;Husholdning;709999,815;246493
2026-01-18 23:00:00+01:00;2026-01-19T00:00:00+01:00;NO5;Husholdning;596709,997;260358
2026-01-19 00:00:00+01:00;2026-01-19T01:00:00+01:00;NO1;Husholdning;2514825,56;1120211
2026-01-19 00:00:00+01:00;2026-01-19T01:00:00+01:00;NO2;Husholdning;1456508,881;632844
2026-01-19 00:00:00+01:00;2026-01-19T01:00:00+01:00;NO3;Husholdning;981665,414;410243
2026-01-19 00:00:00+01:00;2026-01-19T01:00:00+01:00;NO4;Husholdning;672102,437;246494
2026-01-19 00:00:00+01:00;2026-01-19T01:00:00+01:00;NO5;Husholdning;556157,731;260365
2026-01-19 01:00:00+01:00;2026-01-19T02:00:00+01:00;NO1;Husholdning;2402772,211;1120211
2026-01-19 01:00:00+01:00;2026-01-19T02:00:00+01:00;NO2;Husholdning;1387952,845;632844
2026-01-19 01:00:00+01:00;2026-01-19T02:00:00+01:00;NO3;Husholdning;928192,853;410243
2026-01-19 01:00:00+01:00;2026-01-19T02:00:00+01:00;NO4;Husholdning;645820,505;246494
2026-01-19 01:00:00+01:00;2026-01-19T02:00:00+01:00;NO5;Husholdning;526510,602;260365
2026-01-19 02:00:00+01:00;2026-01-19T03:00:00+01:00;NO1;Husholdning;2330968,063;1120211
2026-01-19 02:00:00+01:00;2026-01-19T03:00:00+01:00;NO2;Husholdning;1346587,043;632844
2026-01-19 02:00:00+01:00;2026-01-19T03:00:00+01:00;NO3;Husholdning;896603,663;410243
2026-01-19 02:00:00+01:00;2026-01-19T03:00:00+01:00;NO4;Husholdning;631367,521;246494
2026-01-19 02:00:00+01:00;2026-01-19T03:00:00+01:00;NO5;Husholdning;508180,257;260365
2026-01-19 03:00:00+01:00;2026-01-19T04:00:00+01:00;NO1;Husholdning;2288312,03;1120211
2026-01-19 03:00:00+01:00;2026-01-19T04:00:00+01:00;NO2;Husholdning;1323217,671;632844
2026-01-19 03:00:00+01:00;2026-01-19T04:00:00+01:00;NO3;Husholdning;875489,677;410243
2026-01-19 03:00:00+01:00;2026-01-19T04:00:00+01:00;NO4;Husholdning;623234,479;246494
2026-01-19 03:00:00+01:00;2026-01-19T04:00:00+01:00;NO5;Husholdning;497596,425;260365
2026-01-19 04:00:00+01:00;2026-01-19T05:00:00+01:00;NO1;Husholdning;2270850,849;1120211
2026-01-19 04:00:00+01:00;2026-01-19T05:00:00+01:00;NO2;Husholdning;1315174,93;632844
2026-01-19 04:00:00+01:00;2026-01-19T05:00:00+01:00;NO3;Husholdning;864402,492;410243
2026-01-19 04:00:00+01:00;2026-01-19T05:00:00+01:00;NO4;Husholdning;621809,3;246494
2026-01-19 04:00:00+01:00;2026-01-19T05:00:00+01:00;NO5;Husholdning;493047,502;260365
2026-01-19 05:00:00+01:00;2026-01-19T06:00:00+01:00;NO1;Husholdning;2306569,719;1120211
2026-01-19 05:00:00+01:00;2026-01-19T06:00:00+01:00;NO2;Husholdning;1334542,512;632844
2026-01-19 05:00:00+01:00;2026-01-19T06:00:00+01:00;NO3;Husholdning;865560,17;410243
2026-01-19 05:00:00+01:00;2026-01-19T06:00:00+01:00;NO4;Husholdning;630105,11;246494
2026-01-19 05:00:00+01:00;2026-01-19T06:00:00+01:00;NO5;Husholdning;500153,076;260365
2026-01-19 06:00:00+01:00;2026-01-19T07:00:00+01:00;NO1;Husholdning;2473818,042;1120211
2026-01-19 06:00:00+01:00;2026-01-19T07:00:00+01:00;NO2;Husholdning;1426376,856;632844
2026-01-19 06:00:00+01:00;2026-01-19T07:00:00+01:00;NO3;Husholdning;911212,074;410243
2026-01-19 06:00:00+01:00;2026-01-19T07:00:00+01:00;NO4;Husholdning;666129,133;246494
2026-01-19 06:00:00+01:00;2026-01-19T07:00:00+01:00;NO5;Husholdning;534687,586;260365
2026-01-19 07:00:00+01:00;2026-01-19T08:00:00+01:00;NO1;Husholdning;2651654,508;1120211
2026-01-19 07:00:00+01:00;2026-01-19T08:00:00+01:00;NO2;Husholdning;1522393,733;632844
2026-01-19 07:00:00+01:00;2026-01-19T08:00:00+01:00;NO3;Husholdning;960996,876;410243
2026-01-19 07:00:00+01:00;2026-01-19T08:00:00+01:00;NO4;Husholdning;710333,349;246494
2026-01-19 07:00:00+01:00;2026-01-19T08:00:00+01:00;NO5;Husholdning;573177,362;260365
2026-01-19 08:00:00+01:00;2026-01-19T09:00:00+01:00;NO1;Husholdning;2611428,855;1120211
2026-01-19 08:00:00+01:00;2026-01-19T09:00:00+01:00;NO2;Husholdning;1500522,222;632844
2026-01-19 08:00:00+01:00;2026-01-19T09:00:00+01:00;NO3;Husholdning;944284,666;410243
2026-01-19 08:00:00+01:00;2026-01-19T09:00:00+01:00;NO4;Husholdning;706857,12;246494
2026-01-19 08:00:00+01:00;2026-01-19T09:00:00+01:00;NO5;Husholdning;568353,536;260365
2026-01-19 09:00:00+01:00;2026-01-19T10:00:00+01:00;NO1;Husholdning;2566068,761;1120211
2026-01-19 09:00:00+01:00;2026-01-19T10:00:00+01:00;NO2;Husholdning;1480744,907;632844
2026-01-19 09:00:00+01:00;2026-01-19T10:00:00+01:00;NO3;Husholdning;926628,164;410243
2026-01-19 09:00:00+01:00;2026-01-19T10:00:00+01:00;NO4;Husholdning;699762,095;246494
2026-01-19 09:00:00+01:00;2026-01-19T10:00:00+01:00;NO5;Husholdning;561684,668;260365
2026-01-19 10:00:00+01:00;2026-01-19T11:00:00+01:00;NO1;Husholdning;2539008,584;1120211
2026-01-19 10:00:00+01:00;2026-01-19T11:00:00+01:00;NO2;Husholdning;1465185,763;632844
2026-01-19 10:00:00+01:00;2026-01-19T11:00:00+01:00;NO3;Husholdning;916994,528;410243
2026-01-19 10:00:00+01:00;2026-01-19T11:00:00+01:00;NO4;Husholdning;696461,147;246494
2026-01-19 10:00:00+01:00;2026-01-19T11:00:00+01:00;NO5;Husholdning;556219,134;260365
2026-01-19 11:00:00+01:00;2026-01-19T12:00:00+01:00;NO1;Husholdning;2525036,922;1120211
2026-01-19 11:00:00+01:00;2026-01-19T12:00:00+01:00;NO2;Husholdning;1451330,161;632844
2026-01-19 11:00:00+01:00;2026-01-19T12:00:00+01:00;NO3;Husholdning;911432,37;410243
2026-01-19 11:00:00+01:00;2026-01-19T12:00:00+01:00;NO4;Husholdning;693346,216;246494
2026-01-19 11:00:00+01:00;2026-01-19T12:00:00+01:00;NO5;Husholdning;553654,272;260365
2026-01-19 12:00:00+01:00;2026-01-19T13:00:00+01:00;NO1;Husholdning;2519266,118;1120211
2026-01-19 12:00:00+01:00;2026-01-19T13:00:00+01:00;NO2;Husholdning;1439969,561;632844
2026-01-19 12:00:00+01:00;2026-01-19T13:00:00+01:00;NO3;Husholdning;904469,046;410243
2026-01-19 12:00:00+01:00;2026-01-19T13:00:00+01:00;NO4;Husholdning;690854,662;246494
2026-01-19 12:00:00+01:00;2026-01-19T13:00:00+01:00;NO5;Husholdning;550001,872;260365
2026-01-19 13:00:00+01:00;2026-01-19T14:00:00+01:00;NO1;Husholdning;2525920,284;1120211
2026-01-19 13:00:00+01:00;2026-01-19T14:00:00+01:00;NO2;Husholdning;1437803,716;632844
2026-01-19 13:00:00+01:00;2026-01-19T14:00:00+01:00;NO3;Husholdning;903181,539;410243
2026-01-19 13:00:00+01:00;2026-01-19T14:00:00+01:00;NO4;Husholdning;696294,467;246494
2026-01-19 13:00:00+01:00;2026-01-19T14:00:00+01:00;NO5;Husholdning;549441,384;260365
2026-01-19 14:00:00+01:00;2026-01-19T15:00:00+01:00;NO1;Husholdning;2568232,375;1120211
2026-01-19 14:00:00+01:00;2026-01-19T15:00:00+01:00;NO2;Husholdning;1462091,903;632844
2026-01-19 14:00:00+01:00;2026-01-19T15:00:00+01:00;NO3;Husholdning;922002,466;410243
2026-01-19 14:00:00+01:00;2026-01-19T15:00:00+01:00;NO4;Husholdning;714861,762;246494
2026-01-19 14:00:00+01:00;2026-01-19T15:00:00+01:00;NO5;Husholdning;559942,498;260365
2026-01-19 15:00:00+01:00;2026-01-19T16:00:00+01:00;NO1;Husholdning;2697082,075;1120211
2026-01-19 15:00:00+01:00;2026-01-19T16:00:00+01:00;NO2;Husholdning;1559830,549;632844
2026-01-19 15:00:00+01:00;2026-01-19T16:00:00+01:00;NO3;Husholdning;983713,478;410243
2026-01-19 15:00:00+01:00;2026-01-19T16:00:00+01:00;NO4;Husholdning;752552,957;246494
2026-01-19 15:00:00+01:00;2026-01-19T16:00:00+01:00;NO5;Husholdning;595464,275;260365
2026-01-19 16:00:00+01:00;2026-01-19T17:00:00+01:00;NO1;Husholdning;2925772,966;1120211
2026-01-19 16:00:00+01:00;2026-01-19T17:00:00+01:00;NO2;Husholdning;1694306,058;632844
2026-01-19 16:00:00+01:00;2026-01-19T17:00:00+01:00;NO3;Husholdning;1066396,438;410243
2026-01-19 16:00:00+01:00;2026-01-19T17:00:00+01:00;NO4;Husholdning;789175,308;246494
2026-01-19 16:00:00+01:00;2026-01-19T17:00:00+01:00;NO5;Husholdning;646740,615;260365
2026-01-19 17:00:00+01:00;2026-01-19T18:00:00+01:00;NO1;Husholdning;3031060,699;1120211
2026-01-19 17:00:00+01:00;2026-01-19T18:00:00+01:00;NO2;Husholdning;1737165,748;632844
2026-01-19 17:00:00+01:00;2026-01-19T18:00:00+01:00;NO3;Husholdning;1074802,823;410243
2026-01-19 17:00:00+01:00;2026-01-19T18:00:00+01:00;NO4;Husholdning;787094,197;246494
2026-01-19 17:00:00+01:00;2026-01-19T18:00:00+01:00;NO5;Husholdning;663679,343;260365
2026-01-19 18:00:00+01:00;2026-01-19T19:00:00+01:00;NO1;Husholdning;3036761,436;1120211
2026-01-19 18:00:00+01:00;2026-01-19T19:00:00+01:00;NO2;Husholdning;1742777,831;632844
2026-01-19 18:00:00+01:00;2026-01-19T19:00:00+01:00;NO3;Husholdning;1063453,295;410243
2026-01-19 18:00:00+01:00;2026-01-19T19:00:00+01:00;NO4;Husholdning;777972,835;246494
2026-01-19 18:00:00+01:00;2026-01-19T19:00:00+01:00;NO5;Husholdning;663750,895;260365
2026-01-19 19:00:00+01:00;2026-01-19T20:00:00+01:00;NO1;Husholdning;3026051,029;1120211
2026-01-19 19:00:00+01:00;2026-01-19T20:00:00+01:00;NO2;Husholdning;1752801,195;632844
2026-01-19 19:00:00+01:00;2026-01-19T20:00:00+01:00;NO3;Husholdning;1066664,302;410243
2026-01-19 19:00:00+01:00;2026-01-19T20:00:00+01:00;NO4;Husholdning;781428,751;246494
2026-01-19 19:00:00+01:00;2026-01-19T20:00:00+01:00;NO5;Husholdning;665936,315;260365
2026-01-19 20:00:00+01:00;2026-01-19T21:00:00+01:00;NO1;Husholdning;3026808,571;1120211
2026-01-19 20:00:00+01:00;2026-01-19T21:00:00+01:00;NO2;Husholdning;1766980,95;632844
2026-01-19 20:00:00+01:00;2026-01-19T21:00:00+01:00;NO3;Husholdning;1075892,716;410243
2026-01-19 20:00:00+01:00;2026-01-19T21:00:00+01:00;NO4;Husholdning;788070,441;246494
2026-01-19 20:00:00+01:00;2026-01-19T21:00:00+01:00;NO5;Husholdning;674767,967;260365
2026-01-19 21:00:00+01:00;2026-01-19T22:00:00+01:00;NO1;Husholdning;2991863,795;1120211
2026-01-19 21:00:00+01:00;2026-01-19T22:00:00+01:00;NO2;Husholdning;1752461,458;632844
2026-01-19 21:00:00+01:00;2026-01-19T22:00:00+01:00;NO3;Husholdning;1076241,706;410243
2026-01-19 21:00:00+01:00;2026-01-19T22:00:00+01:00;NO4;Husholdning;788051,49;246494
2026-01-19 21:00:00+01:00;2026-01-19T22:00:00+01:00;NO5;Husholdning;676427,086;260365
2026-01-19 22:00:00+01:00;2026-01-19T23:00:00+01:00;NO1;Husholdning;2910502,054;1120211
2026-01-19 22:00:00+01:00;2026-01-19T23:00:00+01:00;NO2;Husholdning;1707019,799;632844
2026-01-19 22:00:00+01:00;2026-01-19T23:00:00+01:00;NO3;Husholdning;1058869,335;410243
2026-01-19 22:00:00+01:00;2026-01-19T23:00:00+01:00;NO4;Husholdning;779557,042;246494
2026-01-19 22:00:00+01:00;2026-01-19T23:00:00+01:00;NO5;Husholdning;660953,278;260365
2026-01-19 23:00:00+01:00;2026-01-20T00:00:00+01:00;NO1;Husholdning;2747942,6;1120211
2026-01-19 23:00:00+01:00;2026-01-20T00:00:00+01:00;NO2;Husholdning;1616553,451;632844
2026-01-19 23:00:00+01:00;2026-01-20T00:00:00+01:00;NO3;Husholdning;1014697,421;410243
2026-01-19 23:00:00+01:00;2026-01-20T00:00:00+01:00;NO4;Husholdning;752312,417;246494
2026-01-19 23:00:00+01:00;2026-01-20T00:00:00+01:00;NO5;Husholdning;625486,526;260365
2026-01-20 00:00:00+01:00;2026-01-20T01:00:00+01:00;NO1;Husholdning;2588363,126;1120253
2026-01-20 00:00:00+01:00;2026-01-20T01:00:00+01:00;NO2;Husholdning;1529145,414;632882
2026-01-20 00:00:00+01:00;2026-01-20T01:00:00+01:00;NO3;Husholdning;955611,333;410251
2026-01-20 00:00:00+01:00;2026-01-20T01:00:00+01:00;NO4;Husholdning;718569,058;246493
2026-01-20 00:00:00+01:00;2026-01-20T01:00:00+01:00;NO5;Husholdning;587394,772;260376
2026-01-20 01:00:00+01:00;2026-01-20T02:00:00+01:00;NO1;Husholdning;2478060,803;1120253
2026-01-20 01:00:00+01:00;2026-01-20T02:00:00+01:00;NO2;Husholdning;1473579,601;632882
2026-01-20 01:00:00+01:00;2026-01-20T02:00:00+01:00;NO3;Husholdning;913986,969;410251
2026-01-20 01:00:00+01:00;2026-01-20T02:00:00+01:00;NO4;Husholdning;691710,599;246493
2026-01-20 01:00:00+01:00;2026-01-20T02:00:00+01:00;NO5;Husholdning;560375,902;260376
2026-01-20 02:00:00+01:00;2026-01-20T03:00:00+01:00;NO1;Husholdning;2406440,807;1120253
2026-01-20 02:00:00+01:00;2026-01-20T03:00:00+01:00;NO2;Husholdning;1435924,155;632882
2026-01-20 02:00:00+01:00;2026-01-20T03:00:00+01:00;NO3;Husholdning;890342,561;410251
2026-01-20 02:00:00+01:00;2026-01-20T03:00:00+01:00;NO4;Husholdning;676790,845;246493
2026-01-20 02:00:00+01:00;2026-01-20T03:00:00+01:00;NO5;Husholdning;543418,633;260376
2026-01-20 03:00:00+01:00;2026-01-20T04:00:00+01:00;NO1;Husholdning;2363705,525;1120253
2026-01-20 03:00:00+01:00;2026-01-20T04:00:00+01:00;NO2;Husholdning;1418048,095;632882
2026-01-20 03:00:00+01:00;2026-01-20T04:00:00+01:00;NO3;Husholdning;876535,737;410251
2026-01-20 03:00:00+01:00;2026-01-20T04:00:00+01:00;NO4;Husholdning;671480,367;246493
2026-01-20 03:00:00+01:00;2026-01-20T04:00:00+01:00;NO5;Husholdning;532315,414;260376
2026-01-20 04:00:00+01:00;2026-01-20T05:00:00+01:00;NO1;Husholdning;2345496,095;1120253
2026-01-20 04:00:00+01:00;2026-01-20T05:00:00+01:00;NO2;Husholdning;1408991,876;632882
2026-01-20 04:00:00+01:00;2026-01-20T05:00:00+01:00;NO3;Husholdning;866393,882;410251
2026-01-20 04:00:00+01:00;2026-01-20T05:00:00+01:00;NO4;Husholdning;669971,88;246493
2026-01-20 04:00:00+01:00;2026-01-20T05:00:00+01:00;NO5;Husholdning;524515,454;260376
2026-01-20 05:00:00+01:00;2026-01-20T06:00:00+01:00;NO1;Husholdning;2386986,994;1120253
2026-01-20 05:00:00+01:00;2026-01-20T06:00:00+01:00;NO2;Husholdning;1433913,176;632882
2026-01-20 05:00:00+01:00;2026-01-20T06:00:00+01:00;NO3;Husholdning;875168,772;410251
2026-01-20 05:00:00+01:00;2026-01-20T06:00:00+01:00;NO4;Husholdning;678639,058;246493
2026-01-20 05:00:00+01:00;2026-01-20T06:00:00+01:00;NO5;Husholdning;529313,209;260376
2026-01-20 06:00:00+01:00;2026-01-20T07:00:00+01:00;NO1;Husholdning;2561155,637;1120253
2026-01-20 06:00:00+01:00;2026-01-20T07:00:00+01:00;NO2;Husholdning;1532534,594;632882
2026-01-20 06:00:00+01:00;2026-01-20T07:00:00+01:00;NO3;Husholdning;924864,287;410251
2026-01-20 06:00:00+01:00;2026-01-20T07:00:00+01:00;NO4;Husholdning;712250,99;246493
2026-01-20 06:00:00+01:00;2026-01-20T07:00:00+01:00;NO5;Husholdning;561795,676;260376
2026-01-20 07:00:00+01:00;2026-01-20T08:00:00+01:00;NO1;Husholdning;2742812,525;1120253
2026-01-20 07:00:00+01:00;2026-01-20T08:00:00+01:00;NO2;Husholdning;1629412,192;632882
2026-01-20 07:00:00+01:00;2026-01-20T08:00:00+01:00;NO3;Husholdning;982299,049;410251
2026-01-20 07:00:00+01:00;2026-01-20T08:00:00+01:00;NO4;Husholdning;755633,737;246493
2026-01-20 07:00:00+01:00;2026-01-20T08:00:00+01:00;NO5;Husholdning;597739,485;260376
2026-01-20 08:00:00+01:00;2026-01-20T09:00:00+01:00;NO1;Husholdning;2712251,55;1120253
2026-01-20 08:00:00+01:00;2026-01-20T09:00:00+01:00;NO2;Husholdning;1615377,03;632882
2026-01-20 08:00:00+01:00;2026-01-20T09:00:00+01:00;NO3;Husholdning;972349,518;410251
2026-01-20 08:00:00+01:00;2026-01-20T09:00:00+01:00;NO4;Husholdning;752352,492;246493
2026-01-20 08:00:00+01:00;2026-01-20T09:00:00+01:00;NO5;Husholdning;593265,156;260376
2026-01-20 09:00:00+01:00;2026-01-20T10:00:00+01:00;NO1;Husholdning;2667303,557;1120253
2026-01-20 09:00:00+01:00;2026-01-20T10:00:00+01:00;NO2;Husholdning;1591033,93;632882
2026-01-20 09:00:00+01:00;2026-01-20T10:00:00+01:00;NO3;Husholdning;959658,282;410251
2026-01-20 09:00:00+01:00;2026-01-20T10:00:00+01:00;NO4;Husholdning;745627,001;246493
2026-01-20 09:00:00+01:00;2026-01-20T10:00:00+01:00;NO5;Husholdning;584898,234;260376
2026-01-20 10:00:00+01:00;2026-01-20T11:00:00+01:00;NO1;Husholdning;2653136,568;1120253
2026-01-20 10:00:00+01:00;2026-01-20T11:00:00+01:00;NO2;Husholdning;1575412,187;632882
2026-01-20 10:00:00+01:00;2026-01-20T11:00:00+01:00;NO3;Husholdning;949511,647;410251
2026-01-20 10:00:00+01:00;2026-01-20T11:00:00+01:00;NO4;Husholdning;740296,473;246493
2026-01-20 10:00:00+01:00;2026-01-20T11:00:00+01:00;NO5;Husholdning;581148,755;260376
2026-01-20 11:00:00+01:00;2026-01-20T12:00:00+01:00;NO1;Husholdning;2654191,804;1120253
2026-01-20 11:00:00+01:00;2026-01-20T12:00:00+01:00;NO2;Husholdning;1563119,944;632882
2026-01-20 11:00:00+01:00;2026-01-20T12:00:00+01:00;NO3;Husholdning;942133,944;410251
2026-01-20 11:00:00+01:00;2026-01-20T12:00:00+01:00;NO4;Husholdning;737287,068;246493
2026-01-20 11:00:00+01:00;2026-01-20T12:00:00+01:00;NO5;Husholdning;578293,662;260376
2026-01-20 12:00:00+01:00;2026-01-20T13:00:00+01:00;NO1;Husholdning;2652686,351;1120253
2026-01-20 12:00:00+01:00;2026-01-20T13:00:00+01:00;NO2;Husholdning;1552952,446;632882
2026-01-20 12:00:00+01:00;2026-01-20T13:00:00+01:00;NO3;Husholdning;924501,625;410251
2026-01-20 12:00:00+01:00;2026-01-20T13:00:00+01:00;NO4;Husholdning;735458,758;246493
2026-01-20 12:00:00+01:00;2026-01-20T13:00:00+01:00;NO5;Husholdning;570688,821;260376
2026-01-20 13:00:00+01:00;2026-01-20T14:00:00+01:00;NO1;Husholdning;2661924,509;1120253
2026-01-20 13:00:00+01:00;2026-01-20T14:00:00+01:00;NO2;Husholdning;1556121,603;632882
2026-01-20 13:00:00+01:00;2026-01-20T14:00:00+01:00;NO3;Husholdning;916550,614;410251
2026-01-20 13:00:00+01:00;2026-01-20T14:00:00+01:00;NO4;Husholdning;739486,359;246493
2026-01-20 13:00:00+01:00;2026-01-20T14:00:00+01:00;NO5;Husholdning;560655,108;260376
2026-01-20 14:00:00+01:00;2026-01-20T15:00:00+01:00;NO1;Husholdning;2713757,122;1120253
2026-01-20 14:00:00+01:00;2026-01-20T15:00:00+01:00;NO2;Husholdning;1590507,949;632882
2026-01-20 14:00:00+01:00;2026-01-20T15:00:00+01:00;NO3;Husholdning;935385,406;410251
2026-01-20 14:00:00+01:00;2026-01-20T15:00:00+01:00;NO4;Husholdning;759757,209;246493
2026-01-20 14:00:00+01:00;2026-01-20T15:00:00+01:00;NO5;Husholdning;567622,643;260376
2026-01-20 15:00:00+01:00;2026-01-20T16:00:00+01:00;NO1;Husholdning;2844623,196;1120253
2026-01-20 15:00:00+01:00;2026-01-20T16:00:00+01:00;NO2;Husholdning;1686574,945;632882
2026-01-20 15:00:00+01:00;2026-01-20T16:00:00+01:00;NO3;Husholdning;1000538,999;410251
2026-01-20 15:00:00+01:00;2026-01-20T16:00:00+01:00;NO4;Husholdning;797429,184;246493
2026-01-20 15:00:00+01:00;2026-01-20T16:00:00+01:00;NO5;Husholdning;606107,585;260376
2026-01-20 16:00:00+01:00;2026-01-20T17:00:00+01:00;NO1;Husholdning;3092479,468;1120253
2026-01-20 16:00:00+01:00;2026-01-20T17:00:00+01:00;NO2;Husholdning;1821278,737;632882
2026-01-20 16:00:00+01:00;2026-01-20T17:00:00+01:00;NO3;Husholdning;1090294,308;410251
2026-01-20 16:00:00+01:00;2026-01-20T17:00:00+01:00;NO4;Husholdning;832880,207;246493
2026-01-20 16:00:00+01:00;2026-01-20T17:00:00+01:00;NO5;Husholdning;668065,325;260376
2026-01-20 17:00:00+01:00;2026-01-20T18:00:00+01:00;NO1;Husholdning;3200143,006;1120253
2026-01-20 17:00:00+01:00;2026-01-20T18:00:00+01:00;NO2;Husholdning;1865034,008;632882
2026-01-20 17:00:00+01:00;2026-01-20T18:00:00+01:00;NO3;Husholdning;1102973,195;410251
2026-01-20 17:00:00+01:00;2026-01-20T18:00:00+01:00;NO4;Husholdning;828774,696;246493
2026-01-20 17:00:00+01:00;2026-01-20T18:00:00+01:00;NO5;Husholdning;692205,639;260376
2026-01-20 18:00:00+01:00;2026-01-20T19:00:00+01:00;NO1;Husholdning;3207424,157;1120253
2026-01-20 18:00:00+01:00;2026-01-20T19:00:00+01:00;NO2;Husholdning;1872133,183;632882
2026-01-20 18:00:00+01:00;2026-01-20T19:00:00+01:00;NO3;Husholdning;1098448,166;410251
2026-01-20 18:00:00+01:00;2026-01-20T19:00:00+01:00;NO4;Husholdning;824275,995;246493
2026-01-20 18:00:00+01:00;2026-01-20T19:00:00+01:00;NO5;Husholdning;694777,303;260376
2026-01-20 19:00:00+01:00;2026-01-20T20:00:00+01:00;NO1;Husholdning;3210780,834;1120253
2026-01-20 19:00:00+01:00;2026-01-20T20:00:00+01:00;NO2;Husholdning;1876172,568;632882
2026-01-20 19:00:00+01:00;2026-01-20T20:00:00+01:00;NO3;Husholdning;1102923,363;410251
2026-01-20 19:00:00+01:00;2026-01-20T20:00:00+01:00;NO4;Husholdning;822481,889;246493
2026-01-20 19:00:00+01:00;2026-01-20T20:00:00+01:00;NO5;Husholdning;700122,701;260376
2026-01-20 20:00:00+01:00;2026-01-20T21:00:00+01:00;NO1;Husholdning;3214864,922;1120253
2026-01-20 20:00:00+01:00;2026-01-20T21:00:00+01:00;NO2;Husholdning;1882127,437;632882
2026-01-20 20:00:00+01:00;2026-01-20T21:00:00+01:00;NO3;Husholdning;1109673,924;410251
2026-01-20 20:00:00+01:00;2026-01-20T21:00:00+01:00;NO4;Husholdning;822485,881;246493
2026-01-20 20:00:00+01:00;2026-01-20T21:00:00+01:00;NO5;Husholdning;704370,068;260376
2026-01-20 21:00:00+01:00;2026-01-20T22:00:00+01:00;NO1;Husholdning;3209227,342;1120253
2026-01-20 21:00:00+01:00;2026-01-20T22:00:00+01:00;NO2;Husholdning;1876172,073;632882
2026-01-20 21:00:00+01:00;2026-01-20T22:00:00+01:00;NO3;Husholdning;1119707,341;410251
2026-01-20 21:00:00+01:00;2026-01-20T22:00:00+01:00;NO4;Husholdning;830103,739;246493
2026-01-20 21:00:00+01:00;2026-01-20T22:00:00+01:00;NO5;Husholdning;703621,643;260376
2026-01-20 22:00:00+01:00;2026-01-20T23:00:00+01:00;NO1;Husholdning;3134239,894;1120253
2026-01-20 22:00:00+01:00;2026-01-20T23:00:00+01:00;NO2;Husholdning;1834657,959;632882
2026-01-20 22:00:00+01:00;2026-01-20T23:00:00+01:00;NO3;Husholdning;1108522,927;410251
2026-01-20 22:00:00+01:00;2026-01-20T23:00:00+01:00;NO4;Husholdning;823809,17;246493
2026-01-20 22:00:00+01:00;2026-01-20T23:00:00+01:00;NO5;Husholdning;687195,755;260376
2026-01-20 23:00:00+01:00;2026-01-21T00:00:00+01:00;NO1;Husholdning;2987113,451;1120253
2026-01-20 23:00:00+01:00;2026-01-21T00:00:00+01:00;NO2;Husholdning;1749531,025;632882
2026-01-20 23:00:00+01:00;2026-01-21T00:00:00+01:00;NO3;Husholdning;1070528,348;410251
2026-01-20 23:00:00+01:00;2026-01-21T00:00:00+01:00;NO4;Husholdning;798465,365;246493
2026-01-20 23:00:00+01:00;2026-01-21T00:00:00+01:00;NO5;Husholdning;648892,795;260376
2026-01-21 00:00:00+01:00;2026-01-21T01:00:00+01:00;NO1;Husholdning;2810987,463;1120304
2026-01-21 00:00:00+01:00;2026-01-21T01:00:00+01:00;NO2;Husholdning;1648810,57;632887
2026-01-21 00:00:00+01:00;2026-01-21T01:00:00+01:00;NO3;Husholdning;1014512,752;410261
2026-01-21 00:00:00+01:00;2026-01-21T01:00:00+01:00;NO4;Husholdning;766821,601;246497
2026-01-21 00:00:00+01:00;2026-01-21T01:00:00+01:00;NO5;Husholdning;605875,918;260380
2026-01-21 01:00:00+01:00;2026-01-21T02:00:00+01:00;NO1;Husholdning;2696396,771;1120304
2026-01-21 01:00:00+01:00;2026-01-21T02:00:00+01:00;NO2;Husholdning;1581971,698;632887
2026-01-21 01:00:00+01:00;2026-01-21T02:00:00+01:00;NO3;Husholdning;968971,571;410261
2026-01-21 01:00:00+01:00;2026-01-21T02:00:00+01:00;NO4;Husholdning;742347,543;246497
2026-01-21 01:00:00+01:00;2026-01-21T02:00:00+01:00;NO5;Husholdning;575589,762;260380
2026-01-21 02:00:00+01:00;2026-01-21T03:00:00+01:00;NO1;Husholdning;2631163,24;1120304
2026-01-21 02:00:00+01:00;2026-01-21T03:00:00+01:00;NO2;Husholdning;1545858,962;632887
2026-01-21 02:00:00+01:00;2026-01-21T03:00:00+01:00;NO3;Husholdning;952435,784;410261
2026-01-21 02:00:00+01:00;2026-01-21T03:00:00+01:00;NO4;Husholdning;729614,678;246497
2026-01-21 02:00:00+01:00;2026-01-21T03:00:00+01:00;NO5;Husholdning;561971,249;260380
2026-01-21 03:00:00+01:00;2026-01-21T04:00:00+01:00;NO1;Husholdning;2589309,3;1120304
2026-01-21 03:00:00+01:00;2026-01-21T04:00:00+01:00;NO2;Husholdning;1531711,395;632887
2026-01-21 03:00:00+01:00;2026-01-21T04:00:00+01:00;NO3;Husholdning;938068,299;410261
2026-01-21 03:00:00+01:00;2026-01-21T04:00:00+01:00;NO4;Husholdning;723482,601;246497
2026-01-21 03:00:00+01:00;2026-01-21T04:00:00+01:00;NO5;Husholdning;555258,185;260380
2026-01-21 04:00:00+01:00;2026-01-21T05:00:00+01:00;NO1;Husholdning;2561110,429;1120304
2026-01-21 04:00:00+01:00;2026-01-21T05:00:00+01:00;NO2;Husholdning;1522107,289;632887
2026-01-21 04:00:00+01:00;2026-01-21T05:00:00+01:00;NO3;Husholdning;937043,614;410261
2026-01-21 04:00:00+01:00;2026-01-21T05:00:00+01:00;NO4;Husholdning;720841,576;246497
2026-01-21 04:00:00+01:00;2026-01-21T05:00:00+01:00;NO5;Husholdning;550708,493;260380
2026-01-21 05:00:00+01:00;2026-01-21T06:00:00+01:00;NO1;Husholdning;2587879,713;1120304
2026-01-21 05:00:00+01:00;2026-01-21T06:00:00+01:00;NO2;Husholdning;1542716,845;632887
2026-01-21 05:00:00+01:00;2026-01-21T06:00:00+01:00;NO3;Husholdning;945410,261;410261
2026-01-21 05:00:00+01:00;2026-01-21T06:00:00+01:00;NO4;Husholdning;726466,185;246497
2026-01-21 05:00:00+01:00;2026-01-21T06:00:00+01:00;NO5;Husholdning;557567,041;260380
2026-01-21 06:00:00+01:00;2026-01-21T07:00:00+01:00;NO1;Husholdning;2744187,513;1120304
2026-01-21 06:00:00+01:00;2026-01-21T07:00:00+01:00;NO2;Husholdning;1637967,91;632887
2026-01-21 06:00:00+01:00;2026-01-21T07:00:00+01:00;NO3;Husholdning;993446,768;410261
2026-01-21 06:00:00+01:00;2026-01-21T07:00:00+01:00;NO4;Husholdning;758079,479;246497
2026-01-21 06:00:00+01:00;2026-01-21T07:00:00+01:00;NO5;Husholdning;593164,027;260380
2026-01-21 07:00:00+01:00;2026-01-21T08:00:00+01:00;NO1;Husholdning;2919272,234;1120304
2026-01-21 07:00:00+01:00;2026-01-21T08:00:00+01:00;NO2;Husholdning;1734813,892;632887
2026-01-21 07:00:00+01:00;2026-01-21T08:00:00+01:00;NO3;Husholdning;1050050,076;410261
2026-01-21 07:00:00+01:00;2026-01-21T08:00:00+01:00;NO4;Husholdning;798178,53;246497
2026-01-21 07:00:00+01:00;2026-01-21T08:00:00+01:00;NO5;Husholdning;632950,99;260380
2026-01-21 08:00:00+01:00;2026-01-21T09:00:00+01:00;NO1;Husholdning;2875467,491;1120304
2026-01-21 08:00:00+01:00;2026-01-21T09:00:00+01:00;NO2;Husholdning;1713355,171;632887
2026-01-21 08:00:00+01:00;2026-01-21T09:00:00+01:00;NO3;Husholdning;1038604,912;410261
2026-01-21 08:00:00+01:00;2026-01-21T09:00:00+01:00;NO4;Husholdning;792509,754;246497
2026-01-21 08:00:00+01:00;2026-01-21T09:00:00+01:00;NO5;Husholdning;629089,213;260380
2026-01-21 09:00:00+01:00;2026-01-21T10:00:00+01:00;NO1;Husholdning;2816971,87;1120304
2026-01-21 09:00:00+01:00;2026-01-21T10:00:00+01:00;NO2;Husholdning;1683802,024;632887
2026-01-21 09:00:00+01:00;2026-01-21T10:00:00+01:00;NO3;Husholdning;1026609,22;410261
2026-01-21 09:00:00+01:00;2026-01-21T10:00:00+01:00;NO4;Husholdning;783192,231;246497
2026-01-21 09:00:00+01:00;2026-01-21T10:00:00+01:00;NO5;Husholdning;623523,869;260380
2026-01-21 10:00:00+01:00;2026-01-21T11:00:00+01:00;NO1;Husholdning;2798092,362;1120304
2026-01-21 10:00:00+01:00;2026-01-21T11:00:00+01:00;NO2;Husholdning;1667396,782;632887
2026-01-21 10:00:00+01:00;2026-01-21T11:00:00+01:00;NO3;Husholdning;1011733,307;410261
2026-01-21 10:00:00+01:00;2026-01-21T11:00:00+01:00;NO4;Husholdning;777321,437;246497
2026-01-21 10:00:00+01:00;2026-01-21T11:00:00+01:00;NO5;Husholdning;615435,6;260380
2026-01-21 11:00:00+01:00;2026-01-21T12:00:00+01:00;NO1;Husholdning;2789952,415;1120304
2026-01-21 11:00:00+01:00;2026-01-21T12:00:00+01:00;NO2;Husholdning;1651085,955;632887
2026-01-21 11:00:00+01:00;2026-01-21T12:00:00+01:00;NO3;Husholdning;987781,297;410261
2026-01-21 11:00:00+01:00;2026-01-21T12:00:00+01:00;NO4;Husholdning;772108,404;246497
2026-01-21 11:00:00+01:00;2026-01-21T12:00:00+01:00;NO5;Husholdning;603042,898;260380
2026-01-21 12:00:00+01:00;2026-01-21T13:00:00+01:00;NO1;Husholdning;2785028,786;1120304
2026-01-21 12:00:00+01:00;2026-01-21T13:00:00+01:00;NO2;Husholdning;1625468,243;632887
2026-01-21 12:00:00+01:00;2026-01-21T13:00:00+01:00;NO3;Husholdning;962316,118;410261
2026-01-21 12:00:00+01:00;2026-01-21T13:00:00+01:00;NO4;Husholdning;767726,297;246497
2026-01-21 12:00:00+01:00;2026-01-21T13:00:00+01:00;NO5;Husholdning;590219,779;260380
2026-01-21 13:00:00+01:00;2026-01-21T14:00:00+01:00;NO1;Husholdning;2785738,885;1120304
2026-01-21 13:00:00+01:00;2026-01-21T14:00:00+01:00;NO2;Husholdning;1617678,35;632887
2026-01-21 13:00:00+01:00;2026-01-21T14:00:00+01:00;NO3;Husholdning;945654,455;410261
2026-01-21 13:00:00+01:00;2026-01-21T14:00:00+01:00;NO4;Husholdning;771427,833;246497
2026-01-21 13:00:00+01:00;2026-01-21T14:00:00+01:00;NO5;Husholdning;586332,204;260380
2026-01-21 14:00:00+01:00;2026-01-21T15:00:00+01:00;NO1;Husholdning;2829335,766;1120304
2026-01-21 14:00:00+01:00;2026-01-21T15:00:00+01:00;NO2;Husholdning;1658152,562;632887
2026-01-21 14:00:00+01:00;2026-01-21T15:00:00+01:00;NO3;Husholdning;961684,707;410261
2026-01-21 14:00:00+01:00;2026-01-21T15:00:00+01:00;NO4;Husholdning;788010,243;246497
2026-01-21 14:00:00+01:00;2026-01-21T15:00:00+01:00;NO5;Husholdning;598676,855;260380
2026-01-21 15:00:00+01:00;2026-01-21T16:00:00+01:00;NO1;Husholdning;2950920,31;1120304
2026-01-21 15:00:00+01:00;2026-01-21T16:00:00+01:00;NO2;Husholdning;1756638,072;632887
2026-01-21 15:00:00+01:00;2026-01-21T16:00:00+01:00;NO3;Husholdning;1028376,201;410261
2026-01-21 15:00:00+01:00;2026-01-21T16:00:00+01:00;NO4;Husholdning;822891,111;246497
2026-01-21 15:00:00+01:00;2026-01-21T16:00:00+01:00;NO5;Husholdning;637848,129;260380
2026-01-21 16:00:00+01:00;2026-01-21T17:00:00+01:00;NO1;Husholdning;3163867,944;1120304
2026-01-21 16:00:00+01:00;2026-01-21T17:00:00+01:00;NO2;Husholdning;1882858,025;632887
2026-01-21 16:00:00+01:00;2026-01-21T17:00:00+01:00;NO3;Husholdning;1120483,504;410261
2026-01-21 16:00:00+01:00;2026-01-21T17:00:00+01:00;NO4;Husholdning;859956,934;246497
2026-01-21 16:00:00+01:00;2026-01-21T17:00:00+01:00;NO5;Husholdning;695891,971;260380
2026-01-21 17:00:00+01:00;2026-01-21T18:00:00+01:00;NO1;Husholdning;3259463,961;1120304
2026-01-21 17:00:00+01:00;2026-01-21T18:00:00+01:00;NO2;Husholdning;1919394,091;632887
2026-01-21 17:00:00+01:00;2026-01-21T18:00:00+01:00;NO3;Husholdning;1136431,817;410261
2026-01-21 17:00:00+01:00;2026-01-21T18:00:00+01:00;NO4;Husholdning;856541,735;246497
2026-01-21 17:00:00+01:00;2026-01-21T18:00:00+01:00;NO5;Husholdning;716987,572;260380
2026-01-21 18:00:00+01:00;2026-01-21T19:00:00+01:00;NO1;Husholdning;3257166,568;1120304
2026-01-21 18:00:00+01:00;2026-01-21T19:00:00+01:00;NO2;Husholdning;1919729,345;632887
2026-01-21 18:00:00+01:00;2026-01-21T19:00:00+01:00;NO3;Husholdning;1136082,127;410261
2026-01-21 18:00:00+01:00;2026-01-21T19:00:00+01:00;NO4;Husholdning;851435,947;246497
2026-01-21 18:00:00+01:00;2026-01-21T19:00:00+01:00;NO5;Husholdning;721894,383;260380
2026-01-21 19:00:00+01:00;2026-01-21T20:00:00+01:00;NO1;Husholdning;3242874,888;1120304
2026-01-21 19:00:00+01:00;2026-01-21T20:00:00+01:00;NO2;Husholdning;1922431,742;632887
2026-01-21 19:00:00+01:00;2026-01-21T20:00:00+01:00;NO3;Husholdning;1142657,69;410261
2026-01-21 19:00:00+01:00;2026-01-21T20:00:00+01:00;NO4;Husholdning;854481,865;246497
2026-01-21 19:00:00+01:00;2026-01-21T20:00:00+01:00;NO5;Husholdning;728901,881;260380
2026-01-21 20:00:00+01:00;2026-01-21T21:00:00+01:00;NO1;Husholdning;3245376,87;1120304
2026-01-21 20:00:00+01:00;2026-01-21T21:00:00+01:00;NO2;Husholdning;1930798,893;632887
2026-01-21 20:00:00+01:00;2026-01-21T21:00:00+01:00;NO3;Husholdning;1154208,845;410261
2026-01-21 20:00:00+01:00;2026-01-21T21:00:00+01:00;NO4;Husholdning;861968,72;246497
2026-01-21 20:00:00+01:00;2026-01-21T21:00:00+01:00;NO5;Husholdning;738292,528;260380
2026-01-21 21:00:00+01:00;2026-01-21T22:00:00+01:00;NO1;Husholdning;3215795,966;1120304
2026-01-21 21:00:00+01:00;2026-01-21T22:00:00+01:00;NO2;Husholdning;1917198,156;632887
2026-01-21 21:00:00+01:00;2026-01-21T22:00:00+01:00;NO3;Husholdning;1153982,108;410261
2026-01-21 21:00:00+01:00;2026-01-21T22:00:00+01:00;NO4;Husholdning;863751,464;246497
2026-01-21 21:00:00+01:00;2026-01-21T22:00:00+01:00;NO5;Husholdning;737133,792;260380
2026-01-21 22:00:00+01:00;2026-01-21T23:00:00+01:00;NO1;Husholdning;3129348,942;1120304
2026-01-21 22:00:00+01:00;2026-01-21T23:00:00+01:00;NO2;Husholdning;1871695,554;632887
2026-01-21 22:00:00+01:00;2026-01-21T23:00:00+01:00;NO3;Husholdning;1139028,709;410261
2026-01-21 22:00:00+01:00;2026-01-21T23:00:00+01:00;NO4;Husholdning;852078,223;246497
2026-01-21 22:00:00+01:00;2026-01-21T23:00:00+01:00;NO5;Husholdning;723314,379;260380
2026-01-21 23:00:00+01:00;2026-01-22T00:00:00+01:00;NO1;Husholdning;2959340,021;1120304
2026-01-21 23:00:00+01:00;2026-01-22T00:00:00+01:00;NO2;Husholdning;1773517,122;632887
2026-01-21 23:00:00+01:00;2026-01-22T00:00:00+01:00;NO3;Husholdning;1089362,458;410261
2026-01-21 23:00:00+01:00;2026-01-22T00:00:00+01:00;NO4;Husholdning;829883,595;246497
2026-01-21 23:00:00+01:00;2026-01-22T00:00:00+01:00;NO5;Husholdning;685341,423;260380
2026-01-22 00:00:00+01:00;2026-01-22T01:00:00+01:00;NO1;Husholdning;2785830,039;1120346
2026-01-22 00:00:00+01:00;2026-01-22T01:00:00+01:00;NO2;Husholdning;1672511,271;632927
2026-01-22 00:00:00+01:00;2026-01-22T01:00:00+01:00;NO3;Husholdning;1030903,225;410299
2026-01-22 00:00:00+01:00;2026-01-22T01:00:00+01:00;NO4;Husholdning;792746,327;246499
2026-01-22 00:00:00+01:00;2026-01-22T01:00:00+01:00;NO5;Husholdning;644242,494;260378
2026-01-22 01:00:00+01:00;2026-01-22T02:00:00+01:00;NO1;Husholdning;2662211,722;1120346
2026-01-22 01:00:00+01:00;2026-01-22T02:00:00+01:00;NO2;Husholdning;1601512,722;632927
2026-01-22 01:00:00+01:00;2026-01-22T02:00:00+01:00;NO3;Husholdning;984719,522;410299
2026-01-22 01:00:00+01:00;2026-01-22T02:00:00+01:00;NO4;Husholdning;765747,043;246499
2026-01-22 01:00:00+01:00;2026-01-22T02:00:00+01:00;NO5;Husholdning;615628,708;260378
2026-01-22 02:00:00+01:00;2026-01-22T03:00:00+01:00;NO1;Husholdning;2590990,426;1120346
2026-01-22 02:00:00+01:00;2026-01-22T03:00:00+01:00;NO2;Husholdning;1560098,098;632927
2026-01-22 02:00:00+01:00;2026-01-22T03:00:00+01:00;NO3;Husholdning;962157,206;410299
2026-01-22 02:00:00+01:00;2026-01-22T03:00:00+01:00;NO4;Husholdning;749553,656;246499
2026-01-22 02:00:00+01:00;2026-01-22T03:00:00+01:00;NO5;Husholdning;599579,813;260378
2026-01-22 03:00:00+01:00;2026-01-22T04:00:00+01:00;NO1;Husholdning;2538161,273;1120346
2026-01-22 03:00:00+01:00;2026-01-22T04:00:00+01:00;NO2;Husholdning;1534286,346;632927
2026-01-22 03:00:00+01:00;2026-01-22T04:00:00+01:00;NO3;Husholdning;946926,343;410299
2026-01-22 03:00:00+01:00;2026-01-22T04:00:00+01:00;NO4;Husholdning;741184,909;246499
2026-01-22 03:00:00+01:00;2026-01-22T04:00:00+01:00;NO5;Husholdning;589854,83;260378
2026-01-22 04:00:00+01:00;2026-01-22T05:00:00+01:00;NO1;Husholdning;2506954,577;1120346
2026-01-22 04:00:00+01:00;2026-01-22T05:00:00+01:00;NO2;Husholdning;1515643,439;632927
2026-01-22 04:00:00+01:00;2026-01-22T05:00:00+01:00;NO3;Husholdning;940432,529;410299
2026-01-22 04:00:00+01:00;2026-01-22T05:00:00+01:00;NO4;Husholdning;739098,347;246499
2026-01-22 04:00:00+01:00;2026-01-22T05:00:00+01:00;NO5;Husholdning;584099,366;260378
2026-01-22 05:00:00+01:00;2026-01-22T06:00:00+01:00;NO1;Husholdning;2526202,526;1120346
2026-01-22 05:00:00+01:00;2026-01-22T06:00:00+01:00;NO2;Husholdning;1527283,006;632927
2026-01-22 05:00:00+01:00;2026-01-22T06:00:00+01:00;NO3;Husholdning;942936,95;410299
2026-01-22 05:00:00+01:00;2026-01-22T06:00:00+01:00;NO4;Husholdning;746176,771;246499
2026-01-22 05:00:00+01:00;2026-01-22T06:00:00+01:00;NO5;Husholdning;588378,44;260378
2026-01-22 06:00:00+01:00;2026-01-22T07:00:00+01:00;NO1;Husholdning;2678769,023;1120346
2026-01-22 06:00:00+01:00;2026-01-22T07:00:00+01:00;NO2;Husholdning;1616222,289;632927
2026-01-22 06:00:00+01:00;2026-01-22T07:00:00+01:00;NO3;Husholdning;987102,524;410299
2026-01-22 06:00:00+01:00;2026-01-22T07:00:00+01:00;NO4;Husholdning;778469,355;246499
2026-01-22 06:00:00+01:00;2026-01-22T07:00:00+01:00;NO5;Husholdning;622619,988;260378
2026-01-22 07:00:00+01:00;2026-01-22T08:00:00+01:00;NO1;Husholdning;2856009,743;1120346
2026-01-22 07:00:00+01:00;2026-01-22T08:00:00+01:00;NO2;Husholdning;1708336,085;632927
2026-01-22 07:00:00+01:00;2026-01-22T08:00:00+01:00;NO3;Husholdning;1041223,312;410299
2026-01-22 07:00:00+01:00;2026-01-22T08:00:00+01:00;NO4;Husholdning;817957,429;246499
2026-01-22 07:00:00+01:00;2026-01-22T08:00:00+01:00;NO5;Husholdning;661756,466;260378
2026-01-22 08:00:00+01:00;2026-01-22T09:00:00+01:00;NO1;Husholdning;2822905,767;1120346
2026-01-22 08:00:00+01:00;2026-01-22T09:00:00+01:00;NO2;Husholdning;1689525,767;632927
2026-01-22 08:00:00+01:00;2026-01-22T09:00:00+01:00;NO3;Husholdning;1028757,785;410299
2026-01-22 08:00:00+01:00;2026-01-22T09:00:00+01:00;NO4;Husholdning;814025,647;246499
2026-01-22 08:00:00+01:00;2026-01-22T09:00:00+01:00;NO5;Husholdning;658604,791;260378
2026-01-22 09:00:00+01:00;2026-01-22T10:00:00+01:00;NO1;Husholdning;2779916,408;1120346
2026-01-22 09:00:00+01:00;2026-01-22T10:00:00+01:00;NO2;Husholdning;1667465,259;632927
2026-01-22 09:00:00+01:00;2026-01-22T10:00:00+01:00;NO3;Husholdning;1016776,653;410299
2026-01-22 09:00:00+01:00;2026-01-22T10:00:00+01:00;NO4;Husholdning;804811,155;246499
2026-01-22 09:00:00+01:00;2026-01-22T10:00:00+01:00;NO5;Husholdning;653213,948;260378
2026-01-22 10:00:00+01:00;2026-01-22T11:00:00+01:00;NO1;Husholdning;2760548,454;1120346
2026-01-22 10:00:00+01:00;2026-01-22T11:00:00+01:00;NO2;Husholdning;1647080,371;632927
2026-01-22 10:00:00+01:00;2026-01-22T11:00:00+01:00;NO3;Husholdning;1004289,629;410299
2026-01-22 10:00:00+01:00;2026-01-22T11:00:00+01:00;NO4;Husholdning;800167,081;246499
2026-01-22 10:00:00+01:00;2026-01-22T11:00:00+01:00;NO5;Husholdning;643638,704;260378
2026-01-22 11:00:00+01:00;2026-01-22T12:00:00+01:00;NO1;Husholdning;2753740,552;1120346
2026-01-22 11:00:00+01:00;2026-01-22T12:00:00+01:00;NO2;Husholdning;1620142,704;632927
2026-01-22 11:00:00+01:00;2026-01-22T12:00:00+01:00;NO3;Husholdning;982874,915;410299
2026-01-22 11:00:00+01:00;2026-01-22T12:00:00+01:00;NO4;Husholdning;795441,49;246499
2026-01-22 11:00:00+01:00;2026-01-22T12:00:00+01:00;NO5;Husholdning;625500,253;260378
2026-01-22 12:00:00+01:00;2026-01-22T13:00:00+01:00;NO1;Husholdning;2743292,57;1120346
2026-01-22 12:00:00+01:00;2026-01-22T13:00:00+01:00;NO2;Husholdning;1597696,685;632927
2026-01-22 12:00:00+01:00;2026-01-22T13:00:00+01:00;NO3;Husholdning;957373,61;410299
2026-01-22 12:00:00+01:00;2026-01-22T13:00:00+01:00;NO4;Husholdning;790621,378;246499
2026-01-22 12:00:00+01:00;2026-01-22T13:00:00+01:00;NO5;Husholdning;607971,765;260378
2026-01-22 13:00:00+01:00;2026-01-22T14:00:00+01:00;NO1;Husholdning;2747424,931;1120346
2026-01-22 13:00:00+01:00;2026-01-22T14:00:00+01:00;NO2;Husholdning;1592684,661;632927
2026-01-22 13:00:00+01:00;2026-01-22T14:00:00+01:00;NO3;Husholdning;944649,281;410299
2026-01-22 13:00:00+01:00;2026-01-22T14:00:00+01:00;NO4;Husholdning;794345,32;246499
2026-01-22 13:00:00+01:00;2026-01-22T14:00:00+01:00;NO5;Husholdning;595932,772;260378
2026-01-22 14:00:00+01:00;2026-01-22T15:00:00+01:00;NO1;Husholdning;2793137,046;1120346
2026-01-22 14:00:00+01:00;2026-01-22T15:00:00+01:00;NO2;Husholdning;1620895,511;632927
2026-01-22 14:00:00+01:00;2026-01-22T15:00:00+01:00;NO3;Husholdning;967179,45;410299
2026-01-22 14:00:00+01:00;2026-01-22T15:00:00+01:00;NO4;Husholdning;812440,657;246499
2026-01-22 14:00:00+01:00;2026-01-22T15:00:00+01:00;NO5;Husholdning;602542,805;260378
2026-01-22 15:00:00+01:00;2026-01-22T16:00:00+01:00;NO1;Husholdning;2926988,445;1120346
2026-01-22 15:00:00+01:00;2026-01-22T16:00:00+01:00;NO2;Husholdning;1717071,212;632927
2026-01-22 15:00:00+01:00;2026-01-22T16:00:00+01:00;NO3;Husholdning;1035478,378;410299
2026-01-22 15:00:00+01:00;2026-01-22T16:00:00+01:00;NO4;Husholdning;852507,443;246499
2026-01-22 15:00:00+01:00;2026-01-22T16:00:00+01:00;NO5;Husholdning;639951,747;260378
2026-01-22 16:00:00+01:00;2026-01-22T17:00:00+01:00;NO1;Husholdning;3162450,872;1120346
2026-01-22 16:00:00+01:00;2026-01-22T17:00:00+01:00;NO2;Husholdning;1853473,212;632927
2026-01-22 16:00:00+01:00;2026-01-22T17:00:00+01:00;NO3;Husholdning;1130024,851;410299
2026-01-22 16:00:00+01:00;2026-01-22T17:00:00+01:00;NO4;Husholdning;887306,147;246499
2026-01-22 16:00:00+01:00;2026-01-22T17:00:00+01:00;NO5;Husholdning;700489,318;260378
2026-01-22 17:00:00+01:00;2026-01-22T18:00:00+01:00;NO1;Husholdning;3269768,795;1120346
2026-01-22 17:00:00+01:00;2026-01-22T18:00:00+01:00;NO2;Husholdning;1908678,449;632927
2026-01-22 17:00:00+01:00;2026-01-22T18:00:00+01:00;NO3;Husholdning;1155051,395;410299
2026-01-22 17:00:00+01:00;2026-01-22T18:00:00+01:00;NO4;Husholdning;884617,464;246499
2026-01-22 17:00:00+01:00;2026-01-22T18:00:00+01:00;NO5;Husholdning;727566,721;260378
2026-01-22 18:00:00+01:00;2026-01-22T19:00:00+01:00;NO1;Husholdning;3280197,091;1120346
2026-01-22 18:00:00+01:00;2026-01-22T19:00:00+01:00;NO2;Husholdning;1922141,651;632927
2026-01-22 18:00:00+01:00;2026-01-22T19:00:00+01:00;NO3;Husholdning;1158437,187;410299
2026-01-22 18:00:00+01:00;2026-01-22T19:00:00+01:00;NO4;Husholdning;880921,298;246499
2026-01-22 18:00:00+01:00;2026-01-22T19:00:00+01:00;NO5;Husholdning;733709,825;260378
2026-01-22 19:00:00+01:00;2026-01-22T20:00:00+01:00;NO1;Husholdning;3276841,009;1120346
2026-01-22 19:00:00+01:00;2026-01-22T20:00:00+01:00;NO2;Husholdning;1932624,185;632927
2026-01-22 19:00:00+01:00;2026-01-22T20:00:00+01:00;NO3;Husholdning;1166483,874;410299
2026-01-22 19:00:00+01:00;2026-01-22T20:00:00+01:00;NO4;Husholdning;882980,042;246499
2026-01-22 19:00:00+01:00;2026-01-22T20:00:00+01:00;NO5;Husholdning;738971,223;260378
2026-01-22 20:00:00+01:00;2026-01-22T21:00:00+01:00;NO1;Husholdning;3303373,534;1120346
2026-01-22 20:00:00+01:00;2026-01-22T21:00:00+01:00;NO2;Husholdning;1956605,744;632927
2026-01-22 20:00:00+01:00;2026-01-22T21:00:00+01:00;NO3;Husholdning;1185200,887;410299
2026-01-22 20:00:00+01:00;2026-01-22T21:00:00+01:00;NO4;Husholdning;890081,416;246499
2026-01-22 20:00:00+01:00;2026-01-22T21:00:00+01:00;NO5;Husholdning;751230,364;260378
2026-01-22 21:00:00+01:00;2026-01-22T22:00:00+01:00;NO1;Husholdning;3275778,116;1120346
2026-01-22 21:00:00+01:00;2026-01-22T22:00:00+01:00;NO2;Husholdning;1943276,979;632927
2026-01-22 21:00:00+01:00;2026-01-22T22:00:00+01:00;NO3;Husholdning;1191191,145;410299
2026-01-22 21:00:00+01:00;2026-01-22T22:00:00+01:00;NO4;Husholdning;890728,531;246499
2026-01-22 21:00:00+01:00;2026-01-22T22:00:00+01:00;NO5;Husholdning;753304,817;260378
2026-01-22 22:00:00+01:00;2026-01-22T23:00:00+01:00;NO1;Husholdning;3206052,764;1120346
2026-01-22 22:00:00+01:00;2026-01-22T23:00:00+01:00;NO2;Husholdning;1908994,552;632927
2026-01-22 22:00:00+01:00;2026-01-22T23:00:00+01:00;NO3;Husholdning;1179924,653;410299
2026-01-22 22:00:00+01:00;2026-01-22T23:00:00+01:00;NO4;Husholdning;880815,742;246499
2026-01-22 22:00:00+01:00;2026-01-22T23:00:00+01:00;NO5;Husholdning;746470,025;260378
2026-01-22 23:00:00+01:00;2026-01-23T00:00:00+01:00;NO1;Husholdning;3064636,309;1120346
2026-01-22 23:00:00+01:00;2026-01-23T00:00:00+01:00;NO2;Husholdning;1836485,337;632927
2026-01-22 23:00:00+01:00;2026-01-23T00:00:00+01:00;NO3;Husholdning;1142490,043;410299
2026-01-22 23:00:00+01:00;2026-01-23T00:00:00+01:00;NO4;Husholdning;856760,357;246499
2026-01-22 23:00:00+01:00;2026-01-23T00:00:00+01:00;NO5;Husholdning;712840,919;260378
2026-01-23 00:00:00+01:00;2026-01-23T01:00:00+01:00;NO1;Husholdning;2908785,299;1120383
2026-01-23 00:00:00+01:00;2026-01-23T01:00:00+01:00;NO2;Husholdning;1740961,559;632948
2026-01-23 00:00:00+01:00;2026-01-23T01:00:00+01:00;NO3;Husholdning;1091908,444;410318
2026-01-23 00:00:00+01:00;2026-01-23T01:00:00+01:00;NO4;Husholdning;826510,593;246502
2026-01-23 00:00:00+01:00;2026-01-23T01:00:00+01:00;NO5;Husholdning;672734,384;260385
2026-01-23 01:00:00+01:00;2026-01-23T02:00:00+01:00;NO1;Husholdning;2795697,277;1120383
2026-01-23 01:00:00+01:00;2026-01-23T02:00:00+01:00;NO2;Husholdning;1678218,553;632948
2026-01-23 01:00:00+01:00;2026-01-23T02:00:00+01:00;NO3;Husholdning;1055273,804;410318
2026-01-23 01:00:00+01:00;2026-01-23T02:00:00+01:00;NO4;Husholdning;801757,587;246502
2026-01-23 01:00:00+01:00;2026-01-23T02:00:00+01:00;NO5;Husholdning;645644,967;260385
2026-01-23 02:00:00+01:00;2026-01-23T03:00:00+01:00;NO1;Husholdning;2716163,648;1120383
2026-01-23 02:00:00+01:00;2026-01-23T03:00:00+01:00;NO2;Husholdning;1638646,581;632948
2026-01-23 02:00:00+01:00;2026-01-23T03:00:00+01:00;NO3;Husholdning;1031501,434;410318
2026-01-23 02:00:00+01:00;2026-01-23T03:00:00+01:00;NO4;Husholdning;785533,435;246502
2026-01-23 02:00:00+01:00;2026-01-23T03:00:00+01:00;NO5;Husholdning;628805,152;260385
2026-01-23 03:00:00+01:00;2026-01-23T04:00:00+01:00;NO1;Husholdning;2661136,884;1120383
2026-01-23 03:00:00+01:00;2026-01-23T04:00:00+01:00;NO2;Husholdning;1612919,632;632948
2026-01-23 03:00:00+01:00;2026-01-23T04:00:00+01:00;NO3;Husholdning;1012526,423;410318
2026-01-23 03:00:00+01:00;2026-01-23T04:00:00+01:00;NO4;Husholdning;774073,18;246502
2026-01-23 03:00:00+01:00;2026-01-23T04:00:00+01:00;NO5;Husholdning;620157,511;260385
2026-01-23 04:00:00+01:00;2026-01-23T05:00:00+01:00;NO1;Husholdning;2633305,789;1120383
2026-01-23 04:00:00+01:00;2026-01-23T05:00:00+01:00;NO2;Husholdning;1599319,756;632948
2026-01-23 04:00:00+01:00;2026-01-23T05:00:00+01:00;NO3;Husholdning;1006859,464;410318
2026-01-23 04:00:00+01:00;2026-01-23T05:00:00+01:00;NO4;Husholdning;776960,587;246502
2026-01-23 04:00:00+01:00;2026-01-23T05:00:00+01:00;NO5;Husholdning;612674,168;260385
2026-01-23 05:00:00+01:00;2026-01-23T06:00:00+01:00;NO1;Husholdning;2662379,639;1120383
2026-01-23 05:00:00+01:00;2026-01-23T06:00:00+01:00;NO2;Husholdning;1615389,247;632948
2026-01-23 05:00:00+01:00;2026-01-23T06:00:00+01:00;NO3;Husholdning;1012638,872;410318
2026-01-23 05:00:00+01:00;2026-01-23T06:00:00+01:00;NO4;Husholdning;781801,346;246502
2026-01-23 05:00:00+01:00;2026-01-23T06:00:00+01:00;NO5;Husholdning;618774,036;260385
2026-01-23 06:00:00+01:00;2026-01-23T07:00:00+01:00;NO1;Husholdning;2816807,571;1120383
2026-01-23 06:00:00+01:00;2026-01-23T07:00:00+01:00;NO2;Husholdning;1704795,884;632948
2026-01-23 06:00:00+01:00;2026-01-23T07:00:00+01:00;NO3;Husholdning;1063783,743;410318
2026-01-23 06:00:00+01:00;2026-01-23T07:00:00+01:00;NO4;Husholdning;811938,709;246502
2026-01-23 06:00:00+01:00;2026-01-23T07:00:00+01:00;NO5;Husholdning;653181,277;260385
2026-01-23 07:00:00+01:00;2026-01-23T08:00:00+01:00;NO1;Husholdning;3012863,672;1120383
2026-01-23 07:00:00+01:00;2026-01-23T08:00:00+01:00;NO2;Husholdning;1804476,135;632948
2026-01-23 07:00:00+01:00;2026-01-23T08:00:00+01:00;NO3;Husholdning;1120524,103;410318
2026-01-23 07:00:00+01:00;2026-01-23T08:00:00+01:00;NO4;Husholdning;851242,344;246502
2026-01-23 07:00:00+01:00;2026-01-23T08:00:00+01:00;NO5;Husholdning;694959,606;260385
2026-01-23 08:00:00+01:00;2026-01-23T09:00:00+01:00;NO1;Husholdning;3009494,522;1120383
2026-01-23 08:00:00+01:00;2026-01-23T09:00:00+01:00;NO2;Husholdning;1797517,103;632948
2026-01-23 08:00:00+01:00;2026-01-23T09:00:00+01:00;NO3;Husholdning;1116647,197;410318
2026-01-23 08:00:00+01:00;2026-01-23T09:00:00+01:00;NO4;Husholdning;849628,833;246502
2026-01-23 08:00:00+01:00;2026-01-23T09:00:00+01:00;NO5;Husholdning;696551,823;260385
2026-01-23 09:00:00+01:00;2026-01-23T10:00:00+01:00;NO1;Husholdning;2981441,182;1120383
2026-01-23 09:00:00+01:00;2026-01-23T10:00:00+01:00;NO2;Husholdning;1782603,145;632948
2026-01-23 09:00:00+01:00;2026-01-23T10:00:00+01:00;NO3;Husholdning;1106638,459;410318
2026-01-23 09:00:00+01:00;2026-01-23T10:00:00+01:00;NO4;Husholdning;842411,141;246502
2026-01-23 09:00:00+01:00;2026-01-23T10:00:00+01:00;NO5;Husholdning;693879,25;260385
2026-01-23 10:00:00+01:00;2026-01-23T11:00:00+01:00;NO1;Husholdning;2974840,263;1120383
2026-01-23 10:00:00+01:00;2026-01-23T11:00:00+01:00;NO2;Husholdning;1762655,693;632948
2026-01-23 10:00:00+01:00;2026-01-23T11:00:00+01:00;NO3;Husholdning;1094388,328;410318
2026-01-23 10:00:00+01:00;2026-01-23T11:00:00+01:00;NO4;Husholdning;838742,762;246502
2026-01-23 10:00:00+01:00;2026-01-23T11:00:00+01:00;NO5;Husholdning;685780,391;260385
2026-01-23 11:00:00+01:00;2026-01-23T12:00:00+01:00;NO1;Husholdning;2979638,342;1120383
2026-01-23 11:00:00+01:00;2026-01-23T12:00:00+01:00;NO2;Husholdning;1746154,222;632948
2026-01-23 11:00:00+01:00;2026-01-23T12:00:00+01:00;NO3;Husholdning;1074446,88;410318
2026-01-23 11:00:00+01:00;2026-01-23T12:00:00+01:00;NO4;Husholdning;834019,889;246502
2026-01-23 11:00:00+01:00;2026-01-23T12:00:00+01:00;NO5;Husholdning;671694,714;260385
2026-01-23 12:00:00+01:00;2026-01-23T13:00:00+01:00;NO1;Husholdning;2970263,299;1120383
2026-01-23 12:00:00+01:00;2026-01-23T13:00:00+01:00;NO2;Husholdning;1727282,25;632948
2026-01-23 12:00:00+01:00;2026-01-23T13:00:00+01:00;NO3;Husholdning;1046287,958;410318
2026-01-23 12:00:00+01:00;2026-01-23T13:00:00+01:00;NO4;Husholdning;828977,075;246502
2026-01-23 12:00:00+01:00;2026-01-23T13:00:00+01:00;NO5;Husholdning;655717,668;260385
2026-01-23 13:00:00+01:00;2026-01-23T14:00:00+01:00;NO1;Husholdning;2981345,792;1120383
2026-01-23 13:00:00+01:00;2026-01-23T14:00:00+01:00;NO2;Husholdning;1728305,821;632948
2026-01-23 13:00:00+01:00;2026-01-23T14:00:00+01:00;NO3;Husholdning;1035762,339;410318
2026-01-23 13:00:00+01:00;2026-01-23T14:00:00+01:00;NO4;Husholdning;833021,017;246502
2026-01-23 13:00:00+01:00;2026-01-23T14:00:00+01:00;NO5;Husholdning;642829,602;260385
2026-01-23 14:00:00+01:00;2026-01-23T15:00:00+01:00;NO1;Husholdning;3028775,544;1120383
2026-01-23 14:00:00+01:00;2026-01-23T15:00:00+01:00;NO2;Husholdning;1764308,243;632948
2026-01-23 14:00:00+01:00;2026-01-23T15:00:00+01:00;NO3;Husholdning;1053937,988;410318
2026-01-23 14:00:00+01:00;2026-01-23T15:00:00+01:00;NO4;Husholdning;852534,164;246502
2026-01-23 14:00:00+01:00;2026-01-23T15:00:00+01:00;NO5;Husholdning;647812,448;260385
2026-01-23 15:00:00+01:00;2026-01-23T16:00:00+01:00;NO1;Husholdning;3128515,093;1120383
2026-01-23 15:00:00+01:00;2026-01-23T16:00:00+01:00;NO2;Husholdning;1839624,288;632948
2026-01-23 15:00:00+01:00;2026-01-23T16:00:00+01:00;NO3;Husholdning;1116158,08;410318
2026-01-23 15:00:00+01:00;2026-01-23T16:00:00+01:00;NO4;Husholdning;884811,906;246502
2026-01-23 15:00:00+01:00;2026-01-23T16:00:00+01:00;NO5;Husholdning;680205,8;260385
2026-01-23 16:00:00+01:00;2026-01-23T17:00:00+01:00;NO1;Husholdning;3311184,573;1120383
2026-01-23 16:00:00+01:00;2026-01-23T17:00:00+01:00;NO2;Husholdning;1952766,991;632948
2026-01-23 16:00:00+01:00;2026-01-23T17:00:00+01:00;NO3;Husholdning;1202809,744;410318
2026-01-23 16:00:00+01:00;2026-01-23T17:00:00+01:00;NO4;Husholdning;916891,168;246502
2026-01-23 16:00:00+01:00;2026-01-23T17:00:00+01:00;NO5;Husholdning;736430,091;260385
2026-01-23 17:00:00+01:00;2026-01-23T18:00:00+01:00;NO1;Husholdning;3427200,354;1120383
2026-01-23 17:00:00+01:00;2026-01-23T18:00:00+01:00;NO2;Husholdning;2015465,757;632948
2026-01-23 17:00:00+01:00;2026-01-23T18:00:00+01:00;NO3;Husholdning;1241420,381;410318
2026-01-23 17:00:00+01:00;2026-01-23T18:00:00+01:00;NO4;Husholdning;921232,468;246502
2026-01-23 17:00:00+01:00;2026-01-23T18:00:00+01:00;NO5;Husholdning;770901,968;260385
2026-01-23 18:00:00+01:00;2026-01-23T19:00:00+01:00;NO1;Husholdning;3426944,948;1120383
2026-01-23 18:00:00+01:00;2026-01-23T19:00:00+01:00;NO2;Husholdning;2019586,377;632948
2026-01-23 18:00:00+01:00;2026-01-23T19:00:00+01:00;NO3;Husholdning;1247844,475;410318
2026-01-23 18:00:00+01:00;2026-01-23T19:00:00+01:00;NO4;Husholdning;925443,297;246502
2026-01-23 18:00:00+01:00;2026-01-23T19:00:00+01:00;NO5;Husholdning;777288,124;260385
2026-01-23 19:00:00+01:00;2026-01-23T20:00:00+01:00;NO1;Husholdning;3373331,274;1120383
2026-01-23 19:00:00+01:00;2026-01-23T20:00:00+01:00;NO2;Husholdning;1995084,845;632948
2026-01-23 19:00:00+01:00;2026-01-23T20:00:00+01:00;NO3;Husholdning;1241480,835;410318
2026-01-23 19:00:00+01:00;2026-01-23T20:00:00+01:00;NO4;Husholdning;921196,38;246502
2026-01-23 19:00:00+01:00;2026-01-23T20:00:00+01:00;NO5;Husholdning;773529,169;260385
2026-01-23 20:00:00+01:00;2026-01-23T21:00:00+01:00;NO1;Husholdning;3298554,499;1120383
2026-01-23 20:00:00+01:00;2026-01-23T21:00:00+01:00;NO2;Husholdning;1951362,857;632948
2026-01-23 20:00:00+01:00;2026-01-23T21:00:00+01:00;NO3;Husholdning;1229814,919;410318
2026-01-23 20:00:00+01:00;2026-01-23T21:00:00+01:00;NO4;Husholdning;910797,264;246502
2026-01-23 20:00:00+01:00;2026-01-23T21:00:00+01:00;NO5;Husholdning;765409,993;260385
2026-01-23 21:00:00+01:00;2026-01-23T22:00:00+01:00;NO1;Husholdning;3214048,173;1120383
2026-01-23 21:00:00+01:00;2026-01-23T22:00:00+01:00;NO2;Husholdning;1905159,166;632948
2026-01-23 21:00:00+01:00;2026-01-23T22:00:00+01:00;NO3;Husholdning;1212556,621;410318
2026-01-23 21:00:00+01:00;2026-01-23T22:00:00+01:00;NO4;Husholdning;898940,044;246502
2026-01-23 21:00:00+01:00;2026-01-23T22:00:00+01:00;NO5;Husholdning;753858,629;260385
2026-01-23 22:00:00+01:00;2026-01-23T23:00:00+01:00;NO1;Husholdning;3152741,788;1120383
2026-01-23 22:00:00+01:00;2026-01-23T23:00:00+01:00;NO2;Husholdning;1864072,376;632948
2026-01-23 22:00:00+01:00;2026-01-23T23:00:00+01:00;NO3;Husholdning;1200261,511;410318
2026-01-23 22:00:00+01:00;2026-01-23T23:00:00+01:00;NO4;Husholdning;884263,167;246502
2026-01-23 22:00:00+01:00;2026-01-23T23:00:00+01:00;NO5;Husholdning;740134,08;260385
2026-01-23 23:00:00+01:00;2026-01-24T00:00:00+01:00;NO1;Husholdning;3064583,682;1120383
2026-01-23 23:00:00+01:00;2026-01-24T00:00:00+01:00;NO2;Husholdning;1816441,979;632948
2026-01-23 23:00:00+01:00;2026-01-24T00:00:00+01:00;NO3;Husholdning;1180261,904;410318
2026-01-23 23:00:00+01:00;2026-01-24T00:00:00+01:00;NO4;Husholdning;870210,472;246502
2026-01-23 23:00:00+01:00;2026-01-24T00:00:00+01:00;NO5;Husholdning;721977,548;260385
2026-01-24 00:00:00+01:00;2026-01-24T01:00:00+01:00;NO1;Husholdning;2944342,828;1120383
2026-01-24 00:00:00+01:00;2026-01-24T01:00:00+01:00;NO2;Husholdning;1748469,115;632947
2026-01-24 00:00:00+01:00;2026-01-24T01:00:00+01:00;NO3;Husholdning;1142641,331;410322
2026-01-24 00:00:00+01:00;2026-01-24T01:00:00+01:00;NO4;Husholdning;845757,145;246504
2026-01-24 00:00:00+01:00;2026-01-24T01:00:00+01:00;NO5;Husholdning;695381,481;260385
2026-01-24 01:00:00+01:00;2026-01-24T02:00:00+01:00;NO1;Husholdning;2850433,418;1120383
2026-01-24 01:00:00+01:00;2026-01-24T02:00:00+01:00;NO2;Husholdning;1691865,628;632947
2026-01-24 01:00:00+01:00;2026-01-24T02:00:00+01:00;NO3;Husholdning;1107878,647;410322
2026-01-24 01:00:00+01:00;2026-01-24T02:00:00+01:00;NO4;Husholdning;823778,056;246504
2026-01-24 01:00:00+01:00;2026-01-24T02:00:00+01:00;NO5;Husholdning;671854,285;260385
2026-01-24 02:00:00+01:00;2026-01-24T03:00:00+01:00;NO1;Husholdning;2783190,007;1120383
2026-01-24 02:00:00+01:00;2026-01-24T03:00:00+01:00;NO2;Husholdning;1650978,63;632947
2026-01-24 02:00:00+01:00;2026-01-24T03:00:00+01:00;NO3;Husholdning;1090734,0;410322
2026-01-24 02:00:00+01:00;2026-01-24T03:00:00+01:00;NO4;Husholdning;811699,089;246504
2026-01-24 02:00:00+01:00;2026-01-24T03:00:00+01:00;NO5;Husholdning;656452,993;260385
2026-01-24 03:00:00+01:00;2026-01-24T04:00:00+01:00;NO1;Husholdning;2736456,967;1120383
2026-01-24 03:00:00+01:00;2026-01-24T04:00:00+01:00;NO2;Husholdning;1623737,547;632947
2026-01-24 03:00:00+01:00;2026-01-24T04:00:00+01:00;NO3;Husholdning;1082499,855;410322
2026-01-24 03:00:00+01:00;2026-01-24T04:00:00+01:00;NO4;Husholdning;803508,627;246504
2026-01-24 03:00:00+01:00;2026-01-24T04:00:00+01:00;NO5;Husholdning;646108,455;260385
2026-01-24 04:00:00+01:00;2026-01-24T05:00:00+01:00;NO1;Husholdning;2708465,313;1120383
2026-01-24 04:00:00+01:00;2026-01-24T05:00:00+01:00;NO2;Husholdning;1608403,526;632947
2026-01-24 04:00:00+01:00;2026-01-24T05:00:00+01:00;NO3;Husholdning;1076388,692;410322
2026-01-24 04:00:00+01:00;2026-01-24T05:00:00+01:00;NO4;Husholdning;799051,966;246504
2026-01-24 04:00:00+01:00;2026-01-24T05:00:00+01:00;NO5;Husholdning;638545,87;260385
2026-01-24 05:00:00+01:00;2026-01-24T06:00:00+01:00;NO1;Husholdning;2698598,019;1120383
2026-01-24 05:00:00+01:00;2026-01-24T06:00:00+01:00;NO2;Husholdning;1606076,231;632947
2026-01-24 05:00:00+01:00;2026-01-24T06:00:00+01:00;NO3;Husholdning;1073169,021;410322
2026-01-24 05:00:00+01:00;2026-01-24T06:00:00+01:00;NO4;Husholdning;798657,047;246504
2026-01-24 05:00:00+01:00;2026-01-24T06:00:00+01:00;NO5;Husholdning;636206,788;260385
2026-01-24 06:00:00+01:00;2026-01-24T07:00:00+01:00;NO1;Husholdning;2717727,029;1120383
2026-01-24 06:00:00+01:00;2026-01-24T07:00:00+01:00;NO2;Husholdning;1618216,561;632947
2026-01-24 06:00:00+01:00;2026-01-24T07:00:00+01:00;NO3;Husholdning;1077708,589;410322
2026-01-24 06:00:00+01:00;2026-01-24T07:00:00+01:00;NO4;Husholdning;804603,899;246504
2026-01-24 06:00:00+01:00;2026-01-24T07:00:00+01:00;NO5;Husholdning;642325,466;260385
2026-01-24 07:00:00+01:00;2026-01-24T08:00:00+01:00;NO1;Husholdning;2804828,313;1120383
2026-01-24 07:00:00+01:00;2026-01-24T08:00:00+01:00;NO2;Husholdning;1667008,111;632947
2026-01-24 07:00:00+01:00;2026-01-24T08:00:00+01:00;NO3;Husholdning;1106219,41;410322
2026-01-24 07:00:00+01:00;2026-01-24T08:00:00+01:00;NO4;Husholdning;821386,557;246504
2026-01-24 07:00:00+01:00;2026-01-24T08:00:00+01:00;NO5;Husholdning;661218,707;260385
2026-01-24 08:00:00+01:00;2026-01-24T09:00:00+01:00;NO1;Husholdning;2944881,112;1120383
2026-01-24 08:00:00+01:00;2026-01-24T09:00:00+01:00;NO2;Husholdning;1754948,414;632947
2026-01-24 08:00:00+01:00;2026-01-24T09:00:00+01:00;NO3;Husholdning;1157388,389;410322
2026-01-24 08:00:00+01:00;2026-01-24T09:00:00+01:00;NO4;Husholdning;849139,622;246504
2026-01-24 08:00:00+01:00;2026-01-24T09:00:00+01:00;NO5;Husholdning;695432,42;260385
2026-01-24 09:00:00+01:00;2026-01-24T10:00:00+01:00;NO1;Husholdning;3099029,08;1120383
2026-01-24 09:00:00+01:00;2026-01-24T10:00:00+01:00;NO2;Husholdning;1845772,706;632947
2026-01-24 09:00:00+01:00;2026-01-24T10:00:00+01:00;NO3;Husholdning;1211094,619;410322
2026-01-24 09:00:00+01:00;2026-01-24T10:00:00+01:00;NO4;Husholdning;881641,636;246504
2026-01-24 09:00:00+01:00;2026-01-24T10:00:00+01:00;NO5;Husholdning;735987,364;260385
2026-01-24 10:00:00+01:00;2026-01-24T11:00:00+01:00;NO1;Husholdning;3197162,34;1120383
2026-01-24 10:00:00+01:00;2026-01-24T11:00:00+01:00;NO2;Husholdning;1885237,089;632947
2026-01-24 10:00:00+01:00;2026-01-24T11:00:00+01:00;NO3;Husholdning;1229753,193;410322
2026-01-24 10:00:00+01:00;2026-01-24T11:00:00+01:00;NO4;Husholdning;896456,895;246504
2026-01-24 10:00:00+01:00;2026-01-24T11:00:00+01:00;NO5;Husholdning;751834,73;260385
2026-01-24 11:00:00+01:00;2026-01-24T12:00:00+01:00;NO1;Husholdning;3218798,428;1120383
2026-01-24 11:00:00+01:00;2026-01-24T12:00:00+01:00;NO2;Husholdning;1874864,593;632947
2026-01-24 11:00:00+01:00;2026-01-24T12:00:00+01:00;NO3;Husholdning;1213414,319;410322
2026-01-24 11:00:00+01:00;2026-01-24T12:00:00+01:00;NO4;Husholdning;894588,624;246504
2026-01-24 11:00:00+01:00;2026-01-24T12:00:00+01:00;NO5;Husholdning;745335,573;260385
2026-01-24 12:00:00+01:00;2026-01-24T13:00:00+01:00;NO1;Husholdning;3209174,093;1120383
2026-01-24 12:00:00+01:00;2026-01-24T13:00:00+01:00;NO2;Husholdning;1848228,373;632947
2026-01-24 12:00:00+01:00;2026-01-24T13:00:00+01:00;NO3;Husholdning;1184691,407;410322
2026-01-24 12:00:00+01:00;2026-01-24T13:00:00+01:00;NO4;Husholdning;886427,466;246504
2026-01-24 12:00:00+01:00;2026-01-24T13:00:00+01:00;NO5;Husholdning;728306,724;260385
2026-01-24 13:00:00+01:00;2026-01-24T14:00:00+01:00;NO1;Husholdning;3190467,371;1120383
2026-01-24 13:00:00+01:00;2026-01-24T14:00:00+01:00;NO2;Husholdning;1824413,265;632947
2026-01-24 13:00:00+01:00;2026-01-24T14:00:00+01:00;NO3;Husholdning;1164481,369;410322
2026-01-24 13:00:00+01:00;2026-01-24T14:00:00+01:00;NO4;Husholdning;881161,469;246504
2026-01-24 13:00:00+01:00;2026-01-24T14:00:00+01:00;NO5;Husholdning;710679,575;260385
2026-01-24 14:00:00+01:00;2026-01-24T15:00:00+01:00;NO1;Husholdning;3178591,258;1120383
2026-01-24 14:00:00+01:00;2026-01-24T15:00:00+01:00;NO2;Husholdning;1816312,133;632947
2026-01-24 14:00:00+01:00;2026-01-24T15:00:00+01:00;NO3;Husholdning;1163389,88;410322
2026-01-24 14:00:00+01:00;2026-01-24T15:00:00+01:00;NO4;Husholdning;888029,308;246504
2026-01-24 14:00:00+01:00;2026-01-24T15:00:00+01:00;NO5;Husholdning;707009,279;260385
2026-01-24 15:00:00+01:00;2026-01-24T16:00:00+01:00;NO1;Husholdning;3220177,824;1120383
2026-01-24 15:00:00+01:00;2026-01-24T16:00:00+01:00;NO2;Husholdning;1844934,752;632947
2026-01-24 15:00:00+01:00;2026-01-24T16:00:00+01:00;NO3;Husholdning;1189955,321;410322
2026-01-24 15:00:00+01:00;2026-01-24T16:00:00+01:00;NO4;Husholdning;902118,677;246504
2026-01-24 15:00:00+01:00;2026-01-24T16:00:00+01:00;NO5;Husholdning;721587,253;260385
2026-01-24 16:00:00+01:00;2026-01-24T17:00:00+01:00;NO1;Husholdning;3321401,961;1120383
2026-01-24 16:00:00+01:00;2026-01-24T17:00:00+01:00;NO2;Husholdning;1911906,967;632947
2026-01-24 16:00:00+01:00;2026-01-24T17:00:00+01:00;NO3;Husholdning;1233322,952;410322
2026-01-24 16:00:00+01:00;2026-01-24T17:00:00+01:00;NO4;Husholdning;913951,188;246504
2026-01-24 16:00:00+01:00;2026-01-24T17:00:00+01:00;NO5;Husholdning;752620,168;260385
2026-01-24 17:00:00+01:00;2026-01-24T18:00:00+01:00;NO1;Husholdning;3396668,689;1120383
2026-01-24 17:00:00+01:00;2026-01-24T18:00:00+01:00;NO2;Husholdning;1981441,546;632947
2026-01-24 17:00:00+01:00;2026-01-24T18:00:00+01:00;NO3;Husholdning;1265449,76;410322
2026-01-24 17:00:00+01:00;2026-01-24T18:00:00+01:00;NO4;Husholdning;918094,811;246504
2026-01-24 17:00:00+01:00;2026-01-24T18:00:00+01:00;NO5;Husholdning;785171,597;260385
2026-01-24 18:00:00+01:00;2026-01-24T19:00:00+01:00;NO1;Husholdning;3414539,002;1120383
2026-01-24 18:00:00+01:00;2026-01-24T19:00:00+01:00;NO2;Husholdning;2005848,522;632947
2026-01-24 18:00:00+01:00;2026-01-24T19:00:00+01:00;NO3;Husholdning;1274693,216;410322
2026-01-24 18:00:00+01:00;2026-01-24T19:00:00+01:00;NO4;Husholdning;916874,519;246504
2026-01-24 18:00:00+01:00;2026-01-24T19:00:00+01:00;NO5;Husholdning;796544,58;260385
2026-01-24 19:00:00+01:00;2026-01-24T20:00:00+01:00;NO1;Husholdning;3349895,828;1120383
2026-01-24 19:00:00+01:00;2026-01-24T20:00:00+01:00;NO2;Husholdning;1973747,652;632947
2026-01-24 19:00:00+01:00;2026-01-24T20:00:00+01:00;NO3;Husholdning;1257384,597;410322
2026-01-24 19:00:00+01:00;2026-01-24T20:00:00+01:00;NO4;Husholdning;905579,534;246504
2026-01-24 19:00:00+01:00;2026-01-24T20:00:00+01:00;NO5;Husholdning;787586,418;260385
2026-01-24 20:00:00+01:00;2026-01-24T21:00:00+01:00;NO1;Husholdning;3258247,152;1120383
2026-01-24 20:00:00+01:00;2026-01-24T21:00:00+01:00;NO2;Husholdning;1919124,436;632947
2026-01-24 20:00:00+01:00;2026-01-24T21:00:00+01:00;NO3;Husholdning;1226929,086;410322
2026-01-24 20:00:00+01:00;2026-01-24T21:00:00+01:00;NO4;Husholdning;887105,004;246504
2026-01-24 20:00:00+01:00;2026-01-24T21:00:00+01:00;NO5;Husholdning;764583,339;260385
2026-01-24 21:00:00+01:00;2026-01-24T22:00:00+01:00;NO1;Husholdning;3163481,615;1120383
2026-01-24 21:00:00+01:00;2026-01-24T22:00:00+01:00;NO2;Husholdning;1867126,033;632947
2026-01-24 21:00:00+01:00;2026-01-24T22:00:00+01:00;NO3;Husholdning;1199311,098;410322
2026-01-24 21:00:00+01:00;2026-01-24T22:00:00+01:00;NO4;Husholdning;868163,921;246504
2026-01-24 21:00:00+01:00;2026-01-24T22:00:00+01:00;NO5;Husholdning;744851,246;260385
2026-01-24 22:00:00+01:00;2026-01-24T23:00:00+01:00;NO1;Husholdning;3082793,639;1120383
2026-01-24 22:00:00+01:00;2026-01-24T23:00:00+01:00;NO2;Husholdning;1813349,655;632947
2026-01-24 22:00:00+01:00;2026-01-24T23:00:00+01:00;NO3;Husholdning;1174374,184;410322
2026-01-24 22:00:00+01:00;2026-01-24T23:00:00+01:00;NO4;Husholdning;849882,491;246504
2026-01-24 22:00:00+01:00;2026-01-24T23:00:00+01:00;NO5;Husholdning;724092,571;260385
2026-01-24 23:00:00+01:00;2026-01-25T00:00:00+01:00;NO1;Husholdning;2996468,638;1120383
2026-01-24 23:00:00+01:00;2026-01-25T00:00:00+01:00;NO2;Husholdning;1760898,521;632947
2026-01-24 23:00:00+01:00;2026-01-25T00:00:00+01:00;NO3;Husholdning;1151891,135;410322
2026-01-24 23:00:00+01:00;2026-01-25T00:00:00+01:00;NO4;Husholdning;832388,722;246504
2026-01-24 23:00:00+01:00;2026-01-25T00:00:00+01:00;NO5;Husholdning;709281,488;260385
2026-01-25 00:00:00+01:00;2026-01-25T01:00:00+01:00;NO1;Husholdning;2900443,53;1120390
2026-01-25 00:00:00+01:00;2026-01-25T01:00:00+01:00;NO2;Husholdning;1705645,582;632946
2026-01-25 00:00:00+01:00;2026-01-25T01:00:00+01:00;NO3;Husholdning;1122698,412;410326
2026-01-25 00:00:00+01:00;2026-01-25T01:00:00+01:00;NO4;Husholdning;807726,513;246502
2026-01-25 00:00:00+01:00;2026-01-25T01:00:00+01:00;NO5;Husholdning;689705,973;260385
2026-01-25 01:00:00+01:00;2026-01-25T02:00:00+01:00;NO1;Husholdning;2823021,47;1120390
2026-01-25 01:00:00+01:00;2026-01-25T02:00:00+01:00;NO2;Husholdning;1655980,438;632946
2026-01-25 01:00:00+01:00;2026-01-25T02:00:00+01:00;NO3;Husholdning;1092870,668;410326
2026-01-25 01:00:00+01:00;2026-01-25T02:00:00+01:00;NO4;Husholdning;787111,119;246502
2026-01-25 01:00:00+01:00;2026-01-25T02:00:00+01:00;NO5;Husholdning;672578,504;260385
2026-01-25 02:00:00+01:00;2026-01-25T03:00:00+01:00;NO1;Husholdning;2768805,833;1120390
2026-01-25 02:00:00+01:00;2026-01-25T03:00:00+01:00;NO2;Husholdning;1618561,204;632946
2026-01-25 02:00:00+01:00;2026-01-25T03:00:00+01:00;NO3;Husholdning;1076204,604;410326
2026-01-25 02:00:00+01:00;2026-01-25T03:00:00+01:00;NO4;Husholdning;771447,605;246502
2026-01-25 02:00:00+01:00;2026-01-25T03:00:00+01:00;NO5;Husholdning;659303,828;260385
2026-01-25 03:00:00+01:00;2026-01-25T04:00:00+01:00;NO1;Husholdning;2726442,107;1120390
2026-01-25 03:00:00+01:00;2026-01-25T04:00:00+01:00;NO2;Husholdning;1595060,2;632946
2026-01-25 03:00:00+01:00;2026-01-25T04:00:00+01:00;NO3;Husholdning;1062991,291;410326
2026-01-25 03:00:00+01:00;2026-01-25T04:00:00+01:00;NO4;Husholdning;760233,369;246502
2026-01-25 03:00:00+01:00;2026-01-25T04:00:00+01:00;NO5;Husholdning;650998,452;260385
2026-01-25 04:00:00+01:00;2026-01-25T05:00:00+01:00;NO1;Husholdning;2699017,731;1120390
2026-01-25 04:00:00+01:00;2026-01-25T05:00:00+01:00;NO2;Husholdning;1582769,855;632946
2026-01-25 04:00:00+01:00;2026-01-25T05:00:00+01:00;NO3;Husholdning;1056827,406;410326
2026-01-25 04:00:00+01:00;2026-01-25T05:00:00+01:00;NO4;Husholdning;753039,358;246502
2026-01-25 04:00:00+01:00;2026-01-25T05:00:00+01:00;NO5;Husholdning;648161,042;260385
2026-01-25 05:00:00+01:00;2026-01-25T06:00:00+01:00;NO1;Husholdning;2693728,24;1120390
2026-01-25 05:00:00+01:00;2026-01-25T06:00:00+01:00;NO2;Husholdning;1581575,071;632946
2026-01-25 05:00:00+01:00;2026-01-25T06:00:00+01:00;NO3;Husholdning;1052127,699;410326
2026-01-25 05:00:00+01:00;2026-01-25T06:00:00+01:00;NO4;Husholdning;749317,386;246502
2026-01-25 05:00:00+01:00;2026-01-25T06:00:00+01:00;NO5;Husholdning;648503,727;260385
2026-01-25 06:00:00+01:00;2026-01-25T07:00:00+01:00;NO1;Husholdning;2704768,453;1120390
2026-01-25 06:00:00+01:00;2026-01-25T07:00:00+01:00;NO2;Husholdning;1593434,097;632946
2026-01-25 06:00:00+01:00;2026-01-25T07:00:00+01:00;NO3;Husholdning;1055417,318;410326
2026-01-25 06:00:00+01:00;2026-01-25T07:00:00+01:00;NO4;Husholdning;749415,349;246502
2026-01-25 06:00:00+01:00;2026-01-25T07:00:00+01:00;NO5;Husholdning;650887,287;260385
2026-01-25 07:00:00+01:00;2026-01-25T08:00:00+01:00;NO1;Husholdning;2772513,66;1120390
2026-01-25 07:00:00+01:00;2026-01-25T08:00:00+01:00;NO2;Husholdning;1632098,559;632946
2026-01-25 07:00:00+01:00;2026-01-25T08:00:00+01:00;NO3;Husholdning;1074576,547;410326
2026-01-25 07:00:00+01:00;2026-01-25T08:00:00+01:00;NO4;Husholdning;759874,161;246502
2026-01-25 07:00:00+01:00;2026-01-25T08:00:00+01:00;NO5;Husholdning;662403,584;260385
2026-01-25 08:00:00+01:00;2026-01-25T09:00:00+01:00;NO1;Husholdning;2894031,581;1120390
2026-01-25 08:00:00+01:00;2026-01-25T09:00:00+01:00;NO2;Husholdning;1706861,438;632946
2026-01-25 08:00:00+01:00;2026-01-25T09:00:00+01:00;NO3;Husholdning;1118770,458;410326
2026-01-25 08:00:00+01:00;2026-01-25T09:00:00+01:00;NO4;Husholdning;779621,541;246502
2026-01-25 08:00:00+01:00;2026-01-25T09:00:00+01:00;NO5;Husholdning;691155,833;260385
2026-01-25 09:00:00+01:00;2026-01-25T10:00:00+01:00;NO1;Husholdning;3052194,652;1120390
2026-01-25 09:00:00+01:00;2026-01-25T10:00:00+01:00;NO2;Husholdning;1807492,586;632946
2026-01-25 09:00:00+01:00;2026-01-25T10:00:00+01:00;NO3;Husholdning;1179371,563;410326
2026-01-25 09:00:00+01:00;2026-01-25T10:00:00+01:00;NO4;Husholdning;807499,506;246502
2026-01-25 09:00:00+01:00;2026-01-25T10:00:00+01:00;NO5;Husholdning;728316,023;260385
2026-01-25 10:00:00+01:00;2026-01-25T11:00:00+01:00;NO1;Husholdning;3164961,34;1120390
2026-01-25 10:00:00+01:00;2026-01-25T11:00:00+01:00;NO2;Husholdning;1872259,195;632946
2026-01-25 10:00:00+01:00;2026-01-25T11:00:00+01:00;NO3;Husholdning;1215082,505;410326
2026-01-25 10:00:00+01:00;2026-01-25T11:00:00+01:00;NO4;Husholdning;831490,77;246502
2026-01-25 10:00:00+01:00;2026-01-25T11:00:00+01:00;NO5;Husholdning;754659,1;260385
2026-01-25 11:00:00+01:00;2026-01-25T12:00:00+01:00;NO1;Husholdning;3194433,202;1120390
2026-01-25 11:00:00+01:00;2026-01-25T12:00:00+01:00;NO2;Husholdning;1887030,894;632946
2026-01-25 11:00:00+01:00;2026-01-25T12:00:00+01:00;NO3;Husholdning;1211800,371;410326
2026-01-25 11:00:00+01:00;2026-01-25T12:00:00+01:00;NO4;Husholdning;839285,822;246502
2026-01-25 11:00:00+01:00;2026-01-25T12:00:00+01:00;NO5;Husholdning;757596,513;260385
2026-01-25 12:00:00+01:00;2026-01-25T13:00:00+01:00;NO1;Husholdning;3200630,681;1120390
2026-01-25 12:00:00+01:00;2026-01-25T13:00:00+01:00;NO2;Husholdning;1883222,531;632946
2026-01-25 12:00:00+01:00;2026-01-25T13:00:00+01:00;NO3;Husholdning;1193443,51;410326
2026-01-25 12:00:00+01:00;2026-01-25T13:00:00+01:00;NO4;Husholdning;843572,418;246502
2026-01-25 12:00:00+01:00;2026-01-25T13:00:00+01:00;NO5;Husholdning;754101,185;260385
2026-01-25 13:00:00+01:00;2026-01-25T14:00:00+01:00;NO1;Husholdning;3195183,336;1120390
2026-01-25 13:00:00+01:00;2026-01-25T14:00:00+01:00;NO2;Husholdning;1882847,316;632946
2026-01-25 13:00:00+01:00;2026-01-25T14:00:00+01:00;NO3;Husholdning;1187189,222;410326
2026-01-25 13:00:00+01:00;2026-01-25T14:00:00+01:00;NO4;Husholdning;850009,293;246502
2026-01-25 13:00:00+01:00;2026-01-25T14:00:00+01:00;NO5;Husholdning;750589,613;260385
2026-01-25 14:00:00+01:00;2026-01-25T15:00:00+01:00;NO1;Husholdning;3214693,026;1120390
2026-01-25 14:00:00+01:00;2026-01-25T15:00:00+01:00;NO2;Husholdning;1894215,296;632946
2026-01-25 14:00:00+01:00;2026-01-25T15:00:00+01:00;NO3;Husholdning;1201240,052;410326
2026-01-25 14:00:00+01:00;2026-01-25T15:00:00+01:00;NO4;Husholdning;862138,32;246502
2026-01-25 14:00:00+01:00;2026-01-25T15:00:00+01:00;NO5;Husholdning;756043,451;260385
2026-01-25 15:00:00+01:00;2026-01-25T16:00:00+01:00;NO1;Husholdning;3283790,794;1120390
2026-01-25 15:00:00+01:00;2026-01-25T16:00:00+01:00;NO2;Husholdning;1926632,901;632946
2026-01-25 15:00:00+01:00;2026-01-25T16:00:00+01:00;NO3;Husholdning;1240572,631;410326
2026-01-25 15:00:00+01:00;2026-01-25T16:00:00+01:00;NO4;Husholdning;877704,76;246502
2026-01-25 15:00:00+01:00;2026-01-25T16:00:00+01:00;NO5;Husholdning;775138,71;260385
2026-01-25 16:00:00+01:00;2026-01-25T17:00:00+01:00;NO1;Husholdning;3420006,574;1120390
2026-01-25 16:00:00+01:00;2026-01-25T17:00:00+01:00;NO2;Husholdning;1974651,582;632946
2026-01-25 16:00:00+01:00;2026-01-25T17:00:00+01:00;NO3;Husholdning;1285630,071;410326
2026-01-25 16:00:00+01:00;2026-01-25T17:00:00+01:00;NO4;Husholdning;882057,541;246502
2026-01-25 16:00:00+01:00;2026-01-25T17:00:00+01:00;NO5;Husholdning;797521,262;260385
2026-01-25 17:00:00+01:00;2026-01-25T18:00:00+01:00;NO1;Husholdning;3511396,822;1120390
2026-01-25 17:00:00+01:00;2026-01-25T18:00:00+01:00;NO2;Husholdning;2023855,694;632946
2026-01-25 17:00:00+01:00;2026-01-25T18:00:00+01:00;NO3;Husholdning;1304959,682;410326
2026-01-25 17:00:00+01:00;2026-01-25T18:00:00+01:00;NO4;Husholdning;874032,544;246502
2026-01-25 17:00:00+01:00;2026-01-25T18:00:00+01:00;NO5;Husholdning;810582,771;260385
2026-01-25 18:00:00+01:00;2026-01-25T19:00:00+01:00;NO1;Husholdning;3526320,131;1120390
2026-01-25 18:00:00+01:00;2026-01-25T19:00:00+01:00;NO2;Husholdning;2039174,081;632946
2026-01-25 18:00:00+01:00;2026-01-25T19:00:00+01:00;NO3;Husholdning;1311781,083;410326
2026-01-25 18:00:00+01:00;2026-01-25T19:00:00+01:00;NO4;Husholdning;868500,605;246502
2026-01-25 18:00:00+01:00;2026-01-25T19:00:00+01:00;NO5;Husholdning;812636,409;260385
2026-01-25 19:00:00+01:00;2026-01-25T20:00:00+01:00;NO1;Husholdning;3515303,838;1120390
2026-01-25 19:00:00+01:00;2026-01-25T20:00:00+01:00;NO2;Husholdning;2040702,61;632946
2026-01-25 19:00:00+01:00;2026-01-25T20:00:00+01:00;NO3;Husholdning;1318805,81;410326
2026-01-25 19:00:00+01:00;2026-01-25T20:00:00+01:00;NO4;Husholdning;864600,867;246502
2026-01-25 19:00:00+01:00;2026-01-25T20:00:00+01:00;NO5;Husholdning;811472,783;260385
2026-01-25 20:00:00+01:00;2026-01-25T21:00:00+01:00;NO1;Husholdning;3498961,595;1120390
2026-01-25 20:00:00+01:00;2026-01-25T21:00:00+01:00;NO2;Husholdning;2035847,521;632946
2026-01-25 20:00:00+01:00;2026-01-25T21:00:00+01:00;NO3;Husholdning;1325231,063;410326
2026-01-25 20:00:00+01:00;2026-01-25T21:00:00+01:00;NO4;Husholdning;863190,508;246502
2026-01-25 20:00:00+01:00;2026-01-25T21:00:00+01:00;NO5;Husholdning;814020,267;260385
2026-01-25 21:00:00+01:00;2026-01-25T22:00:00+01:00;NO1;Husholdning;3447103,54;1120390
2026-01-25 21:00:00+01:00;2026-01-25T22:00:00+01:00;NO2;Husholdning;2005270,136;632946
2026-01-25 21:00:00+01:00;2026-01-25T22:00:00+01:00;NO3;Husholdning;1317700,998;410326
2026-01-25 21:00:00+01:00;2026-01-25T22:00:00+01:00;NO4;Husholdning;854460,802;246502
2026-01-25 21:00:00+01:00;2026-01-25T22:00:00+01:00;NO5;Husholdning;802944,464;260385
2026-01-25 22:00:00+01:00;2026-01-25T23:00:00+01:00;NO1;Husholdning;3354056,157;1120390
2026-01-25 22:00:00+01:00;2026-01-25T23:00:00+01:00;NO2;Husholdning;1951468,376;632946
2026-01-25 22:00:00+01:00;2026-01-25T23:00:00+01:00;NO3;Husholdning;1302649,087;410326
2026-01-25 22:00:00+01:00;2026-01-25T23:00:00+01:00;NO4;Husholdning;836306,121;246502
2026-01-25 22:00:00+01:00;2026-01-25T23:00:00+01:00;NO5;Husholdning;781855,402;260385
2026-01-25 23:00:00+01:00;2026-01-26T00:00:00+01:00;NO1;Husholdning;3196457,525;1120390
2026-01-25 23:00:00+01:00;2026-01-26T00:00:00+01:00;NO2;Husholdning;1855022,358;632946
2026-01-25 23:00:00+01:00;2026-01-26T00:00:00+01:00;NO3;Husholdning;1259017,196;410326
2026-01-25 23:00:00+01:00;2026-01-26T00:00:00+01:00;NO4;Husholdning;806602,886;246502
2026-01-25 23:00:00+01:00;2026-01-26T00:00:00+01:00;NO5;Husholdning;740372,934;260385
2026-01-26 00:00:00+01:00;2026-01-26T01:00:00+01:00;NO1;Husholdning;3046487,89;1120432
2026-01-26 00:00:00+01:00;2026-01-26T01:00:00+01:00;NO2;Husholdning;1764582,238;632966
2026-01-26 00:00:00+01:00;2026-01-26T01:00:00+01:00;NO3;Husholdning;1210863,495;410350
2026-01-26 00:00:00+01:00;2026-01-26T01:00:00+01:00;NO4;Husholdning;775208,21;246506
2026-01-26 00:00:00+01:00;2026-01-26T01:00:00+01:00;NO5;Husholdning;701886,961;260391
2026-01-26 01:00:00+01:00;2026-01-26T02:00:00+01:00;NO1;Husholdning;2951019,336;1120432
2026-01-26 01:00:00+01:00;2026-01-26T02:00:00+01:00;NO2;Husholdning;1700660,712;632966
2026-01-26 01:00:00+01:00;2026-01-26T02:00:00+01:00;NO3;Husholdning;1173631,979;410350
2026-01-26 01:00:00+01:00;2026-01-26T02:00:00+01:00;NO4;Husholdning;747045,316;246506
2026-01-26 01:00:00+01:00;2026-01-26T02:00:00+01:00;NO5;Husholdning;674597,808;260391
2026-01-26 02:00:00+01:00;2026-01-26T03:00:00+01:00;NO1;Husholdning;2910607,728;1120432
2026-01-26 02:00:00+01:00;2026-01-26T03:00:00+01:00;NO2;Husholdning;1669580,923;632966
2026-01-26 02:00:00+01:00;2026-01-26T03:00:00+01:00;NO3;Husholdning;1156629,216;410350
2026-01-26 02:00:00+01:00;2026-01-26T03:00:00+01:00;NO4;Husholdning;731376,305;246506
2026-01-26 02:00:00+01:00;2026-01-26T03:00:00+01:00;NO5;Husholdning;663618,867;260391
2026-01-26 03:00:00+01:00;2026-01-26T04:00:00+01:00;NO1;Husholdning;2892248,943;1120432
2026-01-26 03:00:00+01:00;2026-01-26T04:00:00+01:00;NO2;Husholdning;1651757,688;632966
2026-01-26 03:00:00+01:00;2026-01-26T04:00:00+01:00;NO3;Husholdning;1145323,579;410350
2026-01-26 03:00:00+01:00;2026-01-26T04:00:00+01:00;NO4;Husholdning;724971,366;246506
2026-01-26 03:00:00+01:00;2026-01-26T04:00:00+01:00;NO5;Husholdning;658643,911;260391
2026-01-26 04:00:00+01:00;2026-01-26T05:00:00+01:00;NO1;Husholdning;2903563,823;1120432
2026-01-26 04:00:00+01:00;2026-01-26T05:00:00+01:00;NO2;Husholdning;1646966,537;632966
2026-01-26 04:00:00+01:00;2026-01-26T05:00:00+01:00;NO3;Husholdning;1140753,741;410350
2026-01-26 04:00:00+01:00;2026-01-26T05:00:00+01:00;NO4;Husholdning;724526,733;246506
2026-01-26 04:00:00+01:00;2026-01-26T05:00:00+01:00;NO5;Husholdning;657570,84;260391
2026-01-26 05:00:00+01:00;2026-01-26T06:00:00+01:00;NO1;Husholdning;2982277,486;1120432
2026-01-26 05:00:00+01:00;2026-01-26T06:00:00+01:00;NO2;Husholdning;1674705,73;632966
2026-01-26 05:00:00+01:00;2026-01-26T06:00:00+01:00;NO3;Husholdning;1156452,751;410350
2026-01-26 05:00:00+01:00;2026-01-26T06:00:00+01:00;NO4;Husholdning;734457,771;246506
2026-01-26 05:00:00+01:00;2026-01-26T06:00:00+01:00;NO5;Husholdning;671728,239;260391
2026-01-26 06:00:00+01:00;2026-01-26T07:00:00+01:00;NO1;Husholdning;3193320,375;1120432
2026-01-26 06:00:00+01:00;2026-01-26T07:00:00+01:00;NO2;Husholdning;1781693,433;632966
2026-01-26 06:00:00+01:00;2026-01-26T07:00:00+01:00;NO3;Husholdning;1205466,988;410350
2026-01-26 06:00:00+01:00;2026-01-26T07:00:00+01:00;NO4;Husholdning;768874,619;246506
2026-01-26 06:00:00+01:00;2026-01-26T07:00:00+01:00;NO5;Husholdning;710995,263;260391
2026-01-26 07:00:00+01:00;2026-01-26T08:00:00+01:00;NO1;Husholdning;3407606,564;1120432
2026-01-26 07:00:00+01:00;2026-01-26T08:00:00+01:00;NO2;Husholdning;1889818,141;632966
2026-01-26 07:00:00+01:00;2026-01-26T08:00:00+01:00;NO3;Husholdning;1260159,384;410350
2026-01-26 07:00:00+01:00;2026-01-26T08:00:00+01:00;NO4;Husholdning;809291,342;246506
2026-01-26 07:00:00+01:00;2026-01-26T08:00:00+01:00;NO5;Husholdning;754318,351;260391
2026-01-26 08:00:00+01:00;2026-01-26T09:00:00+01:00;NO1;Husholdning;3392973,302;1120432
2026-01-26 08:00:00+01:00;2026-01-26T09:00:00+01:00;NO2;Husholdning;1881742,686;632966
2026-01-26 08:00:00+01:00;2026-01-26T09:00:00+01:00;NO3;Husholdning;1243847,793;410350
2026-01-26 08:00:00+01:00;2026-01-26T09:00:00+01:00;NO4;Husholdning;805623,981;246506
2026-01-26 08:00:00+01:00;2026-01-26T09:00:00+01:00;NO5;Husholdning;753950,265;260391
2026-01-26 09:00:00+01:00;2026-01-26T10:00:00+01:00;NO1;Husholdning;3357760,291;1120432
2026-01-26 09:00:00+01:00;2026-01-26T10:00:00+01:00;NO2;Husholdning;1866738,215;632966
2026-01-26 09:00:00+01:00;2026-01-26T10:00:00+01:00;NO3;Husholdning;1227609,399;410350
2026-01-26 09:00:00+01:00;2026-01-26T10:00:00+01:00;NO4;Husholdning;798410,391;246506
2026-01-26 09:00:00+01:00;2026-01-26T10:00:00+01:00;NO5;Husholdning;749218,578;260391
2026-01-26 10:00:00+01:00;2026-01-26T11:00:00+01:00;NO1;Husholdning;3294290,335;1120432
2026-01-26 10:00:00+01:00;2026-01-26T11:00:00+01:00;NO2;Husholdning;1832700,265;632966
2026-01-26 10:00:00+01:00;2026-01-26T11:00:00+01:00;NO3;Husholdning;1208473,761;410350
2026-01-26 10:00:00+01:00;2026-01-26T11:00:00+01:00;NO4;Husholdning;790840,762;246506
2026-01-26 10:00:00+01:00;2026-01-26T11:00:00+01:00;NO5;Husholdning;736532,95;260391
2026-01-26 11:00:00+01:00;2026-01-26T12:00:00+01:00;NO1;Husholdning;3208277,621;1120432
2026-01-26 11:00:00+01:00;2026-01-26T12:00:00+01:00;NO2;Husholdning;1787931,848;632966
2026-01-26 11:00:00+01:00;2026-01-26T12:00:00+01:00;NO3;Husholdning;1181423,088;410350
2026-01-26 11:00:00+01:00;2026-01-26T12:00:00+01:00;NO4;Husholdning;785825,369;246506
2026-01-26 11:00:00+01:00;2026-01-26T12:00:00+01:00;NO5;Husholdning;716721,929;260391
2026-01-26 12:00:00+01:00;2026-01-26T13:00:00+01:00;NO1;Husholdning;3127411,128;1120432
2026-01-26 12:00:00+01:00;2026-01-26T13:00:00+01:00;NO2;Husholdning;1741190,51;632966
2026-01-26 12:00:00+01:00;2026-01-26T13:00:00+01:00;NO3;Husholdning;1151449,1;410350
2026-01-26 12:00:00+01:00;2026-01-26T13:00:00+01:00;NO4;Husholdning;781322,658;246506
2026-01-26 12:00:00+01:00;2026-01-26T13:00:00+01:00;NO5;Husholdning;694127,265;260391
2026-01-26 13:00:00+01:00;2026-01-26T14:00:00+01:00;NO1;Husholdning;3069847,522;1120432
2026-01-26 13:00:00+01:00;2026-01-26T14:00:00+01:00;NO2;Husholdning;1709798,569;632966
2026-01-26 13:00:00+01:00;2026-01-26T14:00:00+01:00;NO3;Husholdning;1134717,411;410350
2026-01-26 13:00:00+01:00;2026-01-26T14:00:00+01:00;NO4;Husholdning;785272,659;246506
2026-01-26 13:00:00+01:00;2026-01-26T14:00:00+01:00;NO5;Husholdning;682521,018;260391
2026-01-26 14:00:00+01:00;2026-01-26T15:00:00+01:00;NO1;Husholdning;3074911,972;1120432
2026-01-26 14:00:00+01:00;2026-01-26T15:00:00+01:00;NO2;Husholdning;1721629,449;632966
2026-01-26 14:00:00+01:00;2026-01-26T15:00:00+01:00;NO3;Husholdning;1144626,147;410350
2026-01-26 14:00:00+01:00;2026-01-26T15:00:00+01:00;NO4;Husholdning;801617,528;246506
2026-01-26 14:00:00+01:00;2026-01-26T15:00:00+01:00;NO5;Husholdning;685381,258;260391
2026-01-26 15:00:00+01:00;2026-01-26T16:00:00+01:00;NO1;Husholdning;3209569,921;1120432
2026-01-26 15:00:00+01:00;2026-01-26T16:00:00+01:00;NO2;Husholdning;1827481,243;632966
2026-01-26 15:00:00+01:00;2026-01-26T16:00:00+01:00;NO3;Husholdning;1208689,183;410350
2026-01-26 15:00:00+01:00;2026-01-26T16:00:00+01:00;NO4;Husholdning;838191,192;246506
2026-01-26 15:00:00+01:00;2026-01-26T16:00:00+01:00;NO5;Husholdning;721429,561;260391
2026-01-26 16:00:00+01:00;2026-01-26T17:00:00+01:00;NO1;Husholdning;3508594,597;1120432
2026-01-26 16:00:00+01:00;2026-01-26T17:00:00+01:00;NO2;Husholdning;1989713,573;632966
2026-01-26 16:00:00+01:00;2026-01-26T17:00:00+01:00;NO3;Husholdning;1307622,621;410350
2026-01-26 16:00:00+01:00;2026-01-26T17:00:00+01:00;NO4;Husholdning;872389,434;246506
2026-01-26 16:00:00+01:00;2026-01-26T17:00:00+01:00;NO5;Husholdning;782167,744;260391
2026-01-26 17:00:00+01:00;2026-01-26T18:00:00+01:00;NO1;Husholdning;3684988,399;1120432
2026-01-26 17:00:00+01:00;2026-01-26T18:00:00+01:00;NO2;Husholdning;2066944,691;632966
2026-01-26 17:00:00+01:00;2026-01-26T18:00:00+01:00;NO3;Husholdning;1334811,445;410350
2026-01-26 17:00:00+01:00;2026-01-26T18:00:00+01:00;NO4;Husholdning;867208,702;246506
2026-01-26 17:00:00+01:00;2026-01-26T18:00:00+01:00;NO5;Husholdning;811908,934;260391
2026-01-26 18:00:00+01:00;2026-01-26T19:00:00+01:00;NO1;Husholdning;3724022,198;1120432
2026-01-26 18:00:00+01:00;2026-01-26T19:00:00+01:00;NO2;Husholdning;2091370,973;632966
2026-01-26 18:00:00+01:00;2026-01-26T19:00:00+01:00;NO3;Husholdning;1333687,053;410350
2026-01-26 18:00:00+01:00;2026-01-26T19:00:00+01:00;NO4;Husholdning;858399,871;246506
2026-01-26 18:00:00+01:00;2026-01-26T19:00:00+01:00;NO5;Husholdning;819811,73;260391
2026-01-26 19:00:00+01:00;2026-01-26T20:00:00+01:00;NO1;Husholdning;3732146,515;1120432
2026-01-26 19:00:00+01:00;2026-01-26T20:00:00+01:00;NO2;Husholdning;2108184,279;632966
2026-01-26 19:00:00+01:00;2026-01-26T20:00:00+01:00;NO3;Husholdning;1338929,275;410350
2026-01-26 19:00:00+01:00;2026-01-26T20:00:00+01:00;NO4;Husholdning;858860,159;246506
2026-01-26 19:00:00+01:00;2026-01-26T20:00:00+01:00;NO5;Husholdning;827841,449;260391
2026-01-26 20:00:00+01:00;2026-01-26T21:00:00+01:00;NO1;Husholdning;3747293,927;1120432
2026-01-26 20:00:00+01:00;2026-01-26T21:00:00+01:00;NO2;Husholdning;2120629,901;632966
2026-01-26 20:00:00+01:00;2026-01-26T21:00:00+01:00;NO3;Husholdning;1355324,792;410350
2026-01-26 20:00:00+01:00;2026-01-26T21:00:00+01:00;NO4;Husholdning;863716,232;246506
2026-01-26 20:00:00+01:00;2026-01-26T21:00:00+01:00;NO5;Husholdning;838816,251;260391
2026-01-26 21:00:00+01:00;2026-01-26T22:00:00+01:00;NO1;Husholdning;3711606,051;1120432
2026-01-26 21:00:00+01:00;2026-01-26T22:00:00+01:00;NO2;Husholdning;2107961,486;632966
2026-01-26 21:00:00+01:00;2026-01-26T22:00:00+01:00;NO3;Husholdning;1360843,038;410350
2026-01-26 21:00:00+01:00;2026-01-26T22:00:00+01:00;NO4;Husholdning;862061,827;246506
2026-01-26 21:00:00+01:00;2026-01-26T22:00:00+01:00;NO5;Husholdning;840378,107;260391
2026-01-26 22:00:00+01:00;2026-01-26T23:00:00+01:00;NO1;Husholdning;3617597,766;1120432
2026-01-26 22:00:00+01:00;2026-01-26T23:00:00+01:00;NO2;Husholdning;2061524,428;632966
2026-01-26 22:00:00+01:00;2026-01-26T23:00:00+01:00;NO3;Husholdning;1346637,036;410350
2026-01-26 22:00:00+01:00;2026-01-26T23:00:00+01:00;NO4;Husholdning;849391,102;246506
2026-01-26 22:00:00+01:00;2026-01-26T23:00:00+01:00;NO5;Husholdning;825727,066;260391
2026-01-26 23:00:00+01:00;2026-01-27T00:00:00+01:00;NO1;Husholdning;3445111,901;1120432
2026-01-26 23:00:00+01:00;2026-01-27T00:00:00+01:00;NO2;Husholdning;1966550,3;632966
2026-01-26 23:00:00+01:00;2026-01-27T00:00:00+01:00;NO3;Husholdning;1304834,635;410350
2026-01-26 23:00:00+01:00;2026-01-27T00:00:00+01:00;NO4;Husholdning;820130,813;246506
2026-01-26 23:00:00+01:00;2026-01-27T00:00:00+01:00;NO5;Husholdning;784838,481;260391
2026-01-27 00:00:00+01:00;2026-01-27T01:00:00+01:00;NO1;Husholdning;3269172,862;1120446
2026-01-27 00:00:00+01:00;2026-01-27T01:00:00+01:00;NO2;Husholdning;1864909,179;633006
2026-01-27 00:00:00+01:00;2026-01-27T01:00:00+01:00;NO3;Husholdning;1249921,459;410374
2026-01-27 00:00:00+01:00;2026-01-27T01:00:00+01:00;NO4;Husholdning;783575,908;246510
2026-01-27 00:00:00+01:00;2026-01-27T01:00:00+01:00;NO5;Husholdning;743073,855;260406
2026-01-27 01:00:00+01:00;2026-01-27T02:00:00+01:00;NO1;Husholdning;3153474,37;1120446
2026-01-27 01:00:00+01:00;2026-01-27T02:00:00+01:00;NO2;Husholdning;1801696,179;633006
2026-01-27 01:00:00+01:00;2026-01-27T02:00:00+01:00;NO3;Husholdning;1215641,576;410374
2026-01-27 01:00:00+01:00;2026-01-27T02:00:00+01:00;NO4;Husholdning;757660,867;246510
2026-01-27 01:00:00+01:00;2026-01-27T02:00:00+01:00;NO5;Husholdning;715863,892;260406
2026-01-27 02:00:00+01:00;2026-01-27T03:00:00+01:00;NO1;Husholdning;3090782,722;1120446
2026-01-27 02:00:00+01:00;2026-01-27T03:00:00+01:00;NO2;Husholdning;1765470,851;633006
2026-01-27 02:00:00+01:00;2026-01-27T03:00:00+01:00;NO3;Husholdning;1203297,577;410374
2026-01-27 02:00:00+01:00;2026-01-27T03:00:00+01:00;NO4;Husholdning;745455,713;246510
2026-01-27 02:00:00+01:00;2026-01-27T03:00:00+01:00;NO5;Husholdning;702493,429;260406
2026-01-27 03:00:00+01:00;2026-01-27T04:00:00+01:00;NO1;Husholdning;3035828,416;1120446
2026-01-27 03:00:00+01:00;2026-01-27T04:00:00+01:00;NO2;Husholdning;1738885,081;633006
2026-01-27 03:00:00+01:00;2026-01-27T04:00:00+01:00;NO3;Husholdning;1193233,138;410374
2026-01-27 03:00:00+01:00;2026-01-27T04:00:00+01:00;NO4;Husholdning;738330,67;246510
2026-01-27 03:00:00+01:00;2026-01-27T04:00:00+01:00;NO5;Husholdning;692313,165;260406
2026-01-27 04:00:00+01:00;2026-01-27T05:00:00+01:00;NO1;Husholdning;2999276,21;1120446
2026-01-27 04:00:00+01:00;2026-01-27T05:00:00+01:00;NO2;Husholdning;1725322,742;633006
2026-01-27 04:00:00+01:00;2026-01-27T05:00:00+01:00;NO3;Husholdning;1187048,112;410374
2026-01-27 04:00:00+01:00;2026-01-27T05:00:00+01:00;NO4;Husholdning;736726,897;246510
2026-01-27 04:00:00+01:00;2026-01-27T05:00:00+01:00;NO5;Husholdning;688784,211;260406
2026-01-27 05:00:00+01:00;2026-01-27T06:00:00+01:00;NO1;Husholdning;3022289,195;1120446
2026-01-27 05:00:00+01:00;2026-01-27T06:00:00+01:00;NO2;Husholdning;1742193,13;633006
2026-01-27 05:00:00+01:00;2026-01-27T06:00:00+01:00;NO3;Husholdning;1195253,659;410374
2026-01-27 05:00:00+01:00;2026-01-27T06:00:00+01:00;NO4;Husholdning;741821,207;246510
2026-01-27 05:00:00+01:00;2026-01-27T06:00:00+01:00;NO5;Husholdning;695278,995;260406
2026-01-27 06:00:00+01:00;2026-01-27T07:00:00+01:00;NO1;Husholdning;3169587,259;1120446
2026-01-27 06:00:00+01:00;2026-01-27T07:00:00+01:00;NO2;Husholdning;1828236,159;633006
2026-01-27 06:00:00+01:00;2026-01-27T07:00:00+01:00;NO3;Husholdning;1243256,261;410374
2026-01-27 06:00:00+01:00;2026-01-27T07:00:00+01:00;NO4;Husholdning;772666,031;246510
2026-01-27 06:00:00+01:00;2026-01-27T07:00:00+01:00;NO5;Husholdning;733357,415;260406
2026-01-27 07:00:00+01:00;2026-01-27T08:00:00+01:00;NO1;Husholdning;3332776,854;1120446
2026-01-27 07:00:00+01:00;2026-01-27T08:00:00+01:00;NO2;Husholdning;1917536,949;633006
2026-01-27 07:00:00+01:00;2026-01-27T08:00:00+01:00;NO3;Husholdning;1295304,711;410374
2026-01-27 07:00:00+01:00;2026-01-27T08:00:00+01:00;NO4;Husholdning;812397,056;246510
2026-01-27 07:00:00+01:00;2026-01-27T08:00:00+01:00;NO5;Husholdning;769205,295;260406
2026-01-27 08:00:00+01:00;2026-01-27T09:00:00+01:00;NO1;Husholdning;3282473,218;1120446
2026-01-27 08:00:00+01:00;2026-01-27T09:00:00+01:00;NO2;Husholdning;1890992,252;633006
2026-01-27 08:00:00+01:00;2026-01-27T09:00:00+01:00;NO3;Husholdning;1277815,304;410374
2026-01-27 08:00:00+01:00;2026-01-27T09:00:00+01:00;NO4;Husholdning;806664,705;246510
2026-01-27 08:00:00+01:00;2026-01-27T09:00:00+01:00;NO5;Husholdning;766908,885;260406
2026-01-27 09:00:00+01:00;2026-01-27T10:00:00+01:00;NO1;Husholdning;3219320,174;1120446
2026-01-27 09:00:00+01:00;2026-01-27T10:00:00+01:00;NO2;Husholdning;1863656,079;633006
2026-01-27 09:00:00+01:00;2026-01-27T10:00:00+01:00;NO3;Husholdning;1263438,116;410374
2026-01-27 09:00:00+01:00;2026-01-27T10:00:00+01:00;NO4;Husholdning;798617,706;246510
2026-01-27 09:00:00+01:00;2026-01-27T10:00:00+01:00;NO5;Husholdning;760179,07;260406
2026-01-27 10:00:00+01:00;2026-01-27T11:00:00+01:00;NO1;Husholdning;3181642,43;1120446
2026-01-27 10:00:00+01:00;2026-01-27T11:00:00+01:00;NO2;Husholdning;1841481,841;633006
2026-01-27 10:00:00+01:00;2026-01-27T11:00:00+01:00;NO3;Husholdning;1243539,888;410374
2026-01-27 10:00:00+01:00;2026-01-27T11:00:00+01:00;NO4;Husholdning;793380,685;246510
2026-01-27 10:00:00+01:00;2026-01-27T11:00:00+01:00;NO5;Husholdning;746408,637;260406
2026-01-27 11:00:00+01:00;2026-01-27T12:00:00+01:00;NO1;Husholdning;3160656,537;1120446
2026-01-27 11:00:00+01:00;2026-01-27T12:00:00+01:00;NO2;Husholdning;1805010,402;633006
2026-01-27 11:00:00+01:00;2026-01-27T12:00:00+01:00;NO3;Husholdning;1212627,623;410374
2026-01-27 11:00:00+01:00;2026-01-27T12:00:00+01:00;NO4;Husholdning;789518,447;246510
2026-01-27 11:00:00+01:00;2026-01-27T12:00:00+01:00;NO5;Husholdning;724547,614;260406
2026-01-27 12:00:00+01:00;2026-01-27T13:00:00+01:00;NO1;Husholdning;3144673,525;1120446
2026-01-27 12:00:00+01:00;2026-01-27T13:00:00+01:00;NO2;Husholdning;1771550,554;633006
2026-01-27 12:00:00+01:00;2026-01-27T13:00:00+01:00;NO3;Husholdning;1181175,55;410374
2026-01-27 12:00:00+01:00;2026-01-27T13:00:00+01:00;NO4;Husholdning;787649,098;246510
2026-01-27 12:00:00+01:00;2026-01-27T13:00:00+01:00;NO5;Husholdning;704320,599;260406
2026-01-27 13:00:00+01:00;2026-01-27T14:00:00+01:00;NO1;Husholdning;3144796,823;1120446
2026-01-27 13:00:00+01:00;2026-01-27T14:00:00+01:00;NO2;Husholdning;1756170,551;633006
2026-01-27 13:00:00+01:00;2026-01-27T14:00:00+01:00;NO3;Husholdning;1163217,062;410374
2026-01-27 13:00:00+01:00;2026-01-27T14:00:00+01:00;NO4;Husholdning;794011,384;246510
2026-01-27 13:00:00+01:00;2026-01-27T14:00:00+01:00;NO5;Husholdning;690564,593;260406
2026-01-27 14:00:00+01:00;2026-01-27T15:00:00+01:00;NO1;Husholdning;3188698,774;1120446
2026-01-27 14:00:00+01:00;2026-01-27T15:00:00+01:00;NO2;Husholdning;1776855,169;633006
2026-01-27 14:00:00+01:00;2026-01-27T15:00:00+01:00;NO3;Husholdning;1174736,129;410374
2026-01-27 14:00:00+01:00;2026-01-27T15:00:00+01:00;NO4;Husholdning;811973,821;246510
2026-01-27 14:00:00+01:00;2026-01-27T15:00:00+01:00;NO5;Husholdning;692085,547;260406
2026-01-27 15:00:00+01:00;2026-01-27T16:00:00+01:00;NO1;Husholdning;3322256,064;1120446
2026-01-27 15:00:00+01:00;2026-01-27T16:00:00+01:00;NO2;Husholdning;1876710,338;633006
2026-01-27 15:00:00+01:00;2026-01-27T16:00:00+01:00;NO3;Husholdning;1241374,67;410374
2026-01-27 15:00:00+01:00;2026-01-27T16:00:00+01:00;NO4;Husholdning;851018,2;246510
2026-01-27 15:00:00+01:00;2026-01-27T16:00:00+01:00;NO5;Husholdning;728518,788;260406
2026-01-27 16:00:00+01:00;2026-01-27T17:00:00+01:00;NO1;Husholdning;3557609,327;1120446
2026-01-27 16:00:00+01:00;2026-01-27T17:00:00+01:00;NO2;Husholdning;2014003,662;633006
2026-01-27 16:00:00+01:00;2026-01-27T17:00:00+01:00;NO3;Husholdning;1342960,351;410374
2026-01-27 16:00:00+01:00;2026-01-27T17:00:00+01:00;NO4;Husholdning;888412,869;246510
2026-01-27 16:00:00+01:00;2026-01-27T17:00:00+01:00;NO5;Husholdning;791083,067;260406
2026-01-27 17:00:00+01:00;2026-01-27T18:00:00+01:00;NO1;Husholdning;3678140,936;1120446
2026-01-27 17:00:00+01:00;2026-01-27T18:00:00+01:00;NO2;Husholdning;2072367,444;633006
2026-01-27 17:00:00+01:00;2026-01-27T18:00:00+01:00;NO3;Husholdning;1372321,6;410374
2026-01-27 17:00:00+01:00;2026-01-27T18:00:00+01:00;NO4;Husholdning;886789,833;246510
2026-01-27 17:00:00+01:00;2026-01-27T18:00:00+01:00;NO5;Husholdning;823246,762;260406
2026-01-27 18:00:00+01:00;2026-01-27T19:00:00+01:00;NO1;Husholdning;3692704,354;1120446
2026-01-27 18:00:00+01:00;2026-01-27T19:00:00+01:00;NO2;Husholdning;2087709,492;633006
2026-01-27 18:00:00+01:00;2026-01-27T19:00:00+01:00;NO3;Husholdning;1373822,148;410374
2026-01-27 18:00:00+01:00;2026-01-27T19:00:00+01:00;NO4;Husholdning;882606,882;246510
2026-01-27 18:00:00+01:00;2026-01-27T19:00:00+01:00;NO5;Husholdning;832741,27;260406
2026-01-27 19:00:00+01:00;2026-01-27T20:00:00+01:00;NO1;Husholdning;3679901,66;1120446
2026-01-27 19:00:00+01:00;2026-01-27T20:00:00+01:00;NO2;Husholdning;2101649,985;633006
2026-01-27 19:00:00+01:00;2026-01-27T20:00:00+01:00;NO3;Husholdning;1384983,535;410374
2026-01-27 19:00:00+01:00;2026-01-27T20:00:00+01:00;NO4;Husholdning;888060,936;246510
2026-01-27 19:00:00+01:00;2026-01-27T20:00:00+01:00;NO5;Husholdning;843098,044;260406
2026-01-27 20:00:00+01:00;2026-01-27T21:00:00+01:00;NO1;Husholdning;3697866,527;1120446
2026-01-27 20:00:00+01:00;2026-01-27T21:00:00+01:00;NO2;Husholdning;2119012,837;633006
2026-01-27 20:00:00+01:00;2026-01-27T21:00:00+01:00;NO3;Husholdning;1404364,727;410374
2026-01-27 20:00:00+01:00;2026-01-27T21:00:00+01:00;NO4;Husholdning;898314,035;246510
2026-01-27 20:00:00+01:00;2026-01-27T21:00:00+01:00;NO5;Husholdning;857133,574;260406
2026-01-27 21:00:00+01:00;2026-01-27T22:00:00+01:00;NO1;Husholdning;3682396,285;1120446
2026-01-27 21:00:00+01:00;2026-01-27T22:00:00+01:00;NO2;Husholdning;2115889,747;633006
2026-01-27 21:00:00+01:00;2026-01-27T22:00:00+01:00;NO3;Husholdning;1405800,295;410374
2026-01-27 21:00:00+01:00;2026-01-27T22:00:00+01:00;NO4;Husholdning;899171,637;246510
2026-01-27 21:00:00+01:00;2026-01-27T22:00:00+01:00;NO5;Husholdning;861651,419;260406
2026-01-27 22:00:00+01:00;2026-01-27T23:00:00+01:00;NO1;Husholdning;3592917,619;1120446
2026-01-27 22:00:00+01:00;2026-01-27T23:00:00+01:00;NO2;Husholdning;2071257,03;633006
2026-01-27 22:00:00+01:00;2026-01-27T23:00:00+01:00;NO3;Husholdning;1391366,123;410374
2026-01-27 22:00:00+01:00;2026-01-27T23:00:00+01:00;NO4;Husholdning;887902,039;246510
2026-01-27 22:00:00+01:00;2026-01-27T23:00:00+01:00;NO5;Husholdning;848162,788;260406
2026-01-27 23:00:00+01:00;2026-01-28T00:00:00+01:00;NO1;Husholdning;3436819,45;1120446
2026-01-27 23:00:00+01:00;2026-01-28T00:00:00+01:00;NO2;Husholdning;1985403,598;633006
2026-01-27 23:00:00+01:00;2026-01-28T00:00:00+01:00;NO3;Husholdning;1348036,944;410374
2026-01-27 23:00:00+01:00;2026-01-28T00:00:00+01:00;NO4;Husholdning;859891,784;246510
2026-01-27 23:00:00+01:00;2026-01-28T00:00:00+01:00;NO5;Husholdning;811188,14;260406
2026-01-28 00:00:00+01:00;2026-01-28T01:00:00+01:00;NO1;Husholdning;3269203,234;1120462
2026-01-28 00:00:00+01:00;2026-01-28T01:00:00+01:00;NO2;Husholdning;1890340,529;633032
2026-01-28 00:00:00+01:00;2026-01-28T01:00:00+01:00;NO3;Husholdning;1292424,351;410380
2026-01-28 00:00:00+01:00;2026-01-28T01:00:00+01:00;NO4;Husholdning;828672,832;246534
2026-01-28 00:00:00+01:00;2026-01-28T01:00:00+01:00;NO5;Husholdning;769973,371;260407
2026-01-28 01:00:00+01:00;2026-01-28T02:00:00+01:00;NO1;Husholdning;3163837,203;1120462
2026-01-28 01:00:00+01:00;2026-01-28T02:00:00+01:00;NO2;Husholdning;1833872,4;633032
2026-01-28 01:00:00+01:00;2026-01-28T02:00:00+01:00;NO3;Husholdning;1254622,393;410380
2026-01-28 01:00:00+01:00;2026-01-28T02:00:00+01:00;NO4;Husholdning;802276,255;246534
2026-01-28 01:00:00+01:00;2026-01-28T02:00:00+01:00;NO5;Husholdning;743679,632;260407
2026-01-28 02:00:00+01:00;2026-01-28T03:00:00+01:00;NO1;Husholdning;3089734,458;1120462
2026-01-28 02:00:00+01:00;2026-01-28T03:00:00+01:00;NO2;Husholdning;1794442,241;633032
2026-01-28 02:00:00+01:00;2026-01-28T03:00:00+01:00;NO3;Husholdning;1228471,386;410380
2026-01-28 02:00:00+01:00;2026-01-28T03:00:00+01:00;NO4;Husholdning;786281,759;246534
2026-01-28 02:00:00+01:00;2026-01-28T03:00:00+01:00;NO5;Husholdning;727194,728;260407
2026-01-28 03:00:00+01:00;2026-01-28T04:00:00+01:00;NO1;Husholdning;3044816,503;1120462
2026-01-28 03:00:00+01:00;2026-01-28T04:00:00+01:00;NO2;Husholdning;1771239,54;633032
2026-01-28 03:00:00+01:00;2026-01-28T04:00:00+01:00;NO3;Husholdning;1214344,682;410380
2026-01-28 03:00:00+01:00;2026-01-28T04:00:00+01:00;NO4;Husholdning;778719,763;246534
2026-01-28 03:00:00+01:00;2026-01-28T04:00:00+01:00;NO5;Husholdning;718328,565;260407
2026-01-28 04:00:00+01:00;2026-01-28T05:00:00+01:00;NO1;Husholdning;3023642,444;1120462
2026-01-28 04:00:00+01:00;2026-01-28T05:00:00+01:00;NO2;Husholdning;1759158,92;633032
2026-01-28 04:00:00+01:00;2026-01-28T05:00:00+01:00;NO3;Husholdning;1206266,665;410380
2026-01-28 04:00:00+01:00;2026-01-28T05:00:00+01:00;NO4;Husholdning;780237,792;246534
2026-01-28 04:00:00+01:00;2026-01-28T05:00:00+01:00;NO5;Husholdning;713630,69;260407
2026-01-28 05:00:00+01:00;2026-01-28T06:00:00+01:00;NO1;Husholdning;3049788,681;1120462
2026-01-28 05:00:00+01:00;2026-01-28T06:00:00+01:00;NO2;Husholdning;1777964,126;633032
2026-01-28 05:00:00+01:00;2026-01-28T06:00:00+01:00;NO3;Husholdning;1210271,072;410380
2026-01-28 05:00:00+01:00;2026-01-28T06:00:00+01:00;NO4;Husholdning;789049,351;246534
2026-01-28 05:00:00+01:00;2026-01-28T06:00:00+01:00;NO5;Husholdning;717979,981;260407
2026-01-28 06:00:00+01:00;2026-01-28T07:00:00+01:00;NO1;Husholdning;3215710,39;1120462
2026-01-28 06:00:00+01:00;2026-01-28T07:00:00+01:00;NO2;Husholdning;1874994,249;633032
2026-01-28 06:00:00+01:00;2026-01-28T07:00:00+01:00;NO3;Husholdning;1258055,176;410380
2026-01-28 06:00:00+01:00;2026-01-28T07:00:00+01:00;NO4;Husholdning;819866,431;246534
2026-01-28 06:00:00+01:00;2026-01-28T07:00:00+01:00;NO5;Husholdning;753401,582;260407
2026-01-28 07:00:00+01:00;2026-01-28T08:00:00+01:00;NO1;Husholdning;3390200,86;1120462
2026-01-28 07:00:00+01:00;2026-01-28T08:00:00+01:00;NO2;Husholdning;1971435,755;633032
2026-01-28 07:00:00+01:00;2026-01-28T08:00:00+01:00;NO3;Husholdning;1307158,788;410380
2026-01-28 07:00:00+01:00;2026-01-28T08:00:00+01:00;NO4;Husholdning;859049,791;246534
2026-01-28 07:00:00+01:00;2026-01-28T08:00:00+01:00;NO5;Husholdning;793389,592;260407
2026-01-28 08:00:00+01:00;2026-01-28T09:00:00+01:00;NO1;Husholdning;3344247,301;1120462
2026-01-28 08:00:00+01:00;2026-01-28T09:00:00+01:00;NO2;Husholdning;1943625,886;633032
2026-01-28 08:00:00+01:00;2026-01-28T09:00:00+01:00;NO3;Husholdning;1287486,403;410380
2026-01-28 08:00:00+01:00;2026-01-28T09:00:00+01:00;NO4;Husholdning;851367,187;246534
2026-01-28 08:00:00+01:00;2026-01-28T09:00:00+01:00;NO5;Husholdning;786859,799;260407
2026-01-28 09:00:00+01:00;2026-01-28T10:00:00+01:00;NO1;Husholdning;3289916,199;1120462
2026-01-28 09:00:00+01:00;2026-01-28T10:00:00+01:00;NO2;Husholdning;1914613,189;633032
2026-01-28 09:00:00+01:00;2026-01-28T10:00:00+01:00;NO3;Husholdning;1272553,609;410380
2026-01-28 09:00:00+01:00;2026-01-28T10:00:00+01:00;NO4;Husholdning;842596,15;246534
2026-01-28 09:00:00+01:00;2026-01-28T10:00:00+01:00;NO5;Husholdning;779600,358;260407
2026-01-28 10:00:00+01:00;2026-01-28T11:00:00+01:00;NO1;Husholdning;3259200,829;1120462
2026-01-28 10:00:00+01:00;2026-01-28T11:00:00+01:00;NO2;Husholdning;1898105,304;633032
2026-01-28 10:00:00+01:00;2026-01-28T11:00:00+01:00;NO3;Husholdning;1251034,429;410380
2026-01-28 10:00:00+01:00;2026-01-28T11:00:00+01:00;NO4;Husholdning;834037,497;246534
2026-01-28 10:00:00+01:00;2026-01-28T11:00:00+01:00;NO5;Husholdning;768495,156;260407
2026-01-28 11:00:00+01:00;2026-01-28T12:00:00+01:00;NO1;Husholdning;3235301,844;1120462
2026-01-28 11:00:00+01:00;2026-01-28T12:00:00+01:00;NO2;Husholdning;1875629,158;633032
2026-01-28 11:00:00+01:00;2026-01-28T12:00:00+01:00;NO3;Husholdning;1216617,974;410380
2026-01-28 11:00:00+01:00;2026-01-28T12:00:00+01:00;NO4;Husholdning;827011,893;246534
2026-01-28 11:00:00+01:00;2026-01-28T12:00:00+01:00;NO5;Husholdning;754979,606;260407
2026-01-28 12:00:00+01:00;2026-01-28T13:00:00+01:00;NO1;Husholdning;3216432,271;1120462
2026-01-28 12:00:00+01:00;2026-01-28T13:00:00+01:00;NO2;Husholdning;1852186,707;633032
2026-01-28 12:00:00+01:00;2026-01-28T13:00:00+01:00;NO3;Husholdning;1183051,304;410380
2026-01-28 12:00:00+01:00;2026-01-28T13:00:00+01:00;NO4;Husholdning;821486,982;246534
2026-01-28 12:00:00+01:00;2026-01-28T13:00:00+01:00;NO5;Husholdning;737546,309;260407
2026-01-28 13:00:00+01:00;2026-01-28T14:00:00+01:00;NO1;Husholdning;3200790,372;1120462
2026-01-28 13:00:00+01:00;2026-01-28T14:00:00+01:00;NO2;Husholdning;1836196,34;633032
2026-01-28 13:00:00+01:00;2026-01-28T14:00:00+01:00;NO3;Husholdning;1161926,051;410380
2026-01-28 13:00:00+01:00;2026-01-28T14:00:00+01:00;NO4;Husholdning;824580,542;246534
2026-01-28 13:00:00+01:00;2026-01-28T14:00:00+01:00;NO5;Husholdning;719267,991;260407
2026-01-28 14:00:00+01:00;2026-01-28T15:00:00+01:00;NO1;Husholdning;3246853,449;1120462
2026-01-28 14:00:00+01:00;2026-01-28T15:00:00+01:00;NO2;Husholdning;1869553,155;633032
2026-01-28 14:00:00+01:00;2026-01-28T15:00:00+01:00;NO3;Husholdning;1176252,074;410380
2026-01-28 14:00:00+01:00;2026-01-28T15:00:00+01:00;NO4;Husholdning;842742,668;246534
2026-01-28 14:00:00+01:00;2026-01-28T15:00:00+01:00;NO5;Husholdning;716376,477;260407
2026-01-28 15:00:00+01:00;2026-01-28T16:00:00+01:00;NO1;Husholdning;3370543,733;1120462
2026-01-28 15:00:00+01:00;2026-01-28T16:00:00+01:00;NO2;Husholdning;1970813,813;633032
2026-01-28 15:00:00+01:00;2026-01-28T16:00:00+01:00;NO3;Husholdning;1247167,848;410380
2026-01-28 15:00:00+01:00;2026-01-28T16:00:00+01:00;NO4;Husholdning;882587,746;246534
2026-01-28 15:00:00+01:00;2026-01-28T16:00:00+01:00;NO5;Husholdning;747679,914;260407
2026-01-28 16:00:00+01:00;2026-01-28T17:00:00+01:00;NO1;Husholdning;3616199,262;1120462
2026-01-28 16:00:00+01:00;2026-01-28T17:00:00+01:00;NO2;Husholdning;2103692,372;633032
2026-01-28 16:00:00+01:00;2026-01-28T17:00:00+01:00;NO3;Husholdning;1348947,511;410380
2026-01-28 16:00:00+01:00;2026-01-28T17:00:00+01:00;NO4;Husholdning;922718,085;246534
2026-01-28 16:00:00+01:00;2026-01-28T17:00:00+01:00;NO5;Husholdning;807856,63;260407
2026-01-28 17:00:00+01:00;2026-01-28T18:00:00+01:00;NO1;Husholdning;3738519,246;1120462
2026-01-28 17:00:00+01:00;2026-01-28T18:00:00+01:00;NO2;Husholdning;2146765,246;633032
2026-01-28 17:00:00+01:00;2026-01-28T18:00:00+01:00;NO3;Husholdning;1377311,224;410380
2026-01-28 17:00:00+01:00;2026-01-28T18:00:00+01:00;NO4;Husholdning;922507,458;246534
2026-01-28 17:00:00+01:00;2026-01-28T18:00:00+01:00;NO5;Husholdning;834246,549;260407
2026-01-28 18:00:00+01:00;2026-01-28T19:00:00+01:00;NO1;Husholdning;3738261,112;1120462
2026-01-28 18:00:00+01:00;2026-01-28T19:00:00+01:00;NO2;Husholdning;2153493,437;633032
2026-01-28 18:00:00+01:00;2026-01-28T19:00:00+01:00;NO3;Husholdning;1379097,214;410380
2026-01-28 18:00:00+01:00;2026-01-28T19:00:00+01:00;NO4;Husholdning;918681,831;246534
2026-01-28 18:00:00+01:00;2026-01-28T19:00:00+01:00;NO5;Husholdning;840799,461;260407
2026-01-28 19:00:00+01:00;2026-01-28T20:00:00+01:00;NO1;Husholdning;3730041,665;1120462
2026-01-28 19:00:00+01:00;2026-01-28T20:00:00+01:00;NO2;Husholdning;2160970,433;633032
2026-01-28 19:00:00+01:00;2026-01-28T20:00:00+01:00;NO3;Husholdning;1388323,24;410380
2026-01-28 19:00:00+01:00;2026-01-28T20:00:00+01:00;NO4;Husholdning;924514,358;246534
2026-01-28 19:00:00+01:00;2026-01-28T20:00:00+01:00;NO5;Husholdning;849010,436;260407
2026-01-28 20:00:00+01:00;2026-01-28T21:00:00+01:00;NO1;Husholdning;3728466,768;1120462
2026-01-28 20:00:00+01:00;2026-01-28T21:00:00+01:00;NO2;Husholdning;2173126,604;633032
2026-01-28 20:00:00+01:00;2026-01-28T21:00:00+01:00;NO3;Husholdning;1407750,296;410380
2026-01-28 20:00:00+01:00;2026-01-28T21:00:00+01:00;NO4;Husholdning;935145,732;246534
2026-01-28 20:00:00+01:00;2026-01-28T21:00:00+01:00;NO5;Husholdning;860900,245;260407
2026-01-28 21:00:00+01:00;2026-01-28T22:00:00+01:00;NO1;Husholdning;3702670,673;1120462
2026-01-28 21:00:00+01:00;2026-01-28T22:00:00+01:00;NO2;Husholdning;2159763,563;633032
2026-01-28 21:00:00+01:00;2026-01-28T22:00:00+01:00;NO3;Husholdning;1413759,525;410380
2026-01-28 21:00:00+01:00;2026-01-28T22:00:00+01:00;NO4;Husholdning;930699,908;246534
2026-01-28 21:00:00+01:00;2026-01-28T22:00:00+01:00;NO5;Husholdning;864153,666;260407
2026-01-28 22:00:00+01:00;2026-01-28T23:00:00+01:00;NO1;Husholdning;3620475,796;1120462
2026-01-28 22:00:00+01:00;2026-01-28T23:00:00+01:00;NO2;Husholdning;2115085,033;633032
2026-01-28 22:00:00+01:00;2026-01-28T23:00:00+01:00;NO3;Husholdning;1396086,049;410380
2026-01-28 22:00:00+01:00;2026-01-28T23:00:00+01:00;NO4;Husholdning;915964,199;246534
2026-01-28 22:00:00+01:00;2026-01-28T23:00:00+01:00;NO5;Husholdning;850935,8;260407
2026-01-28 23:00:00+01:00;2026-01-29T00:00:00+01:00;NO1;Husholdning;3460130,598;1120462
2026-01-28 23:00:00+01:00;2026-01-29T00:00:00+01:00;NO2;Husholdning;2024141,276;633032
2026-01-28 23:00:00+01:00;2026-01-29T00:00:00+01:00;NO3;Husholdning;1356411,167;410380
2026-01-28 23:00:00+01:00;2026-01-29T00:00:00+01:00;NO4;Husholdning;893003,898;246534
2026-01-28 23:00:00+01:00;2026-01-29T00:00:00+01:00;NO5;Husholdning;813385,692;260407
2026-01-29 00:00:00+01:00;2026-01-29T01:00:00+01:00;NO1;Husholdning;3291822,338;1120469
2026-01-29 00:00:00+01:00;2026-01-29T01:00:00+01:00;NO2;Husholdning;1926820,413;633059
2026-01-29 00:00:00+01:00;2026-01-29T01:00:00+01:00;NO3;Husholdning;1307423,052;410400
2026-01-29 00:00:00+01:00;2026-01-29T01:00:00+01:00;NO4;Husholdning;867496,887;246537
2026-01-29 00:00:00+01:00;2026-01-29T01:00:00+01:00;NO5;Husholdning;771483,603;260410
2026-01-29 01:00:00+01:00;2026-01-29T02:00:00+01:00;NO1;Husholdning;3184642,908;1120469
2026-01-29 01:00:00+01:00;2026-01-29T02:00:00+01:00;NO2;Husholdning;1861288,575;633059
2026-01-29 01:00:00+01:00;2026-01-29T02:00:00+01:00;NO3;Husholdning;1266834,415;410400
2026-01-29 01:00:00+01:00;2026-01-29T02:00:00+01:00;NO4;Husholdning;841119,922;246537
2026-01-29 01:00:00+01:00;2026-01-29T02:00:00+01:00;NO5;Husholdning;743510,124;260410
2026-01-29 02:00:00+01:00;2026-01-29T03:00:00+01:00;NO1;Husholdning;3123046,198;1120469
2026-01-29 02:00:00+01:00;2026-01-29T03:00:00+01:00;NO2;Husholdning;1818972,017;633059
2026-01-29 02:00:00+01:00;2026-01-29T03:00:00+01:00;NO3;Husholdning;1245108,265;410400
2026-01-29 02:00:00+01:00;2026-01-29T03:00:00+01:00;NO4;Husholdning;826867,45;246537
2026-01-29 02:00:00+01:00;2026-01-29T03:00:00+01:00;NO5;Husholdning;724833,898;260410
2026-01-29 03:00:00+01:00;2026-01-29T04:00:00+01:00;NO1;Husholdning;3084088,583;1120469
2026-01-29 03:00:00+01:00;2026-01-29T04:00:00+01:00;NO2;Husholdning;1792726,029;633059
2026-01-29 03:00:00+01:00;2026-01-29T04:00:00+01:00;NO3;Husholdning;1238075,67;410400
2026-01-29 03:00:00+01:00;2026-01-29T04:00:00+01:00;NO4;Husholdning;819978,758;246537
2026-01-29 03:00:00+01:00;2026-01-29T04:00:00+01:00;NO5;Husholdning;711917,958;260410
2026-01-29 04:00:00+01:00;2026-01-29T05:00:00+01:00;NO1;Husholdning;3062987,372;1120469
2026-01-29 04:00:00+01:00;2026-01-29T05:00:00+01:00;NO2;Husholdning;1774452,914;633059
2026-01-29 04:00:00+01:00;2026-01-29T05:00:00+01:00;NO3;Husholdning;1230872,769;410400
2026-01-29 04:00:00+01:00;2026-01-29T05:00:00+01:00;NO4;Husholdning;819606,775;246537
2026-01-29 04:00:00+01:00;2026-01-29T05:00:00+01:00;NO5;Husholdning;704384,179;260410
2026-01-29 05:00:00+01:00;2026-01-29T06:00:00+01:00;NO1;Husholdning;3104262,99;1120469
2026-01-29 05:00:00+01:00;2026-01-29T06:00:00+01:00;NO2;Husholdning;1788887,043;633059
2026-01-29 05:00:00+01:00;2026-01-29T06:00:00+01:00;NO3;Husholdning;1240197,839;410400
2026-01-29 05:00:00+01:00;2026-01-29T06:00:00+01:00;NO4;Husholdning;829328,912;246537
2026-01-29 05:00:00+01:00;2026-01-29T06:00:00+01:00;NO5;Husholdning;710096,967;260410
2026-01-29 06:00:00+01:00;2026-01-29T07:00:00+01:00;NO1;Husholdning;3288600,257;1120469
2026-01-29 06:00:00+01:00;2026-01-29T07:00:00+01:00;NO2;Husholdning;1880805,722;633059
2026-01-29 06:00:00+01:00;2026-01-29T07:00:00+01:00;NO3;Husholdning;1285725,41;410400
2026-01-29 06:00:00+01:00;2026-01-29T07:00:00+01:00;NO4;Husholdning;859535,572;246537
2026-01-29 06:00:00+01:00;2026-01-29T07:00:00+01:00;NO5;Husholdning;742554,466;260410
2026-01-29 07:00:00+01:00;2026-01-29T08:00:00+01:00;NO1;Husholdning;3491913,198;1120469
2026-01-29 07:00:00+01:00;2026-01-29T08:00:00+01:00;NO2;Husholdning;1978069,003;633059
2026-01-29 07:00:00+01:00;2026-01-29T08:00:00+01:00;NO3;Husholdning;1337025,035;410400
2026-01-29 07:00:00+01:00;2026-01-29T08:00:00+01:00;NO4;Husholdning;897883,027;246537
2026-01-29 07:00:00+01:00;2026-01-29T08:00:00+01:00;NO5;Husholdning;779792,747;260410
2026-01-29 08:00:00+01:00;2026-01-29T09:00:00+01:00;NO1;Husholdning;3475022,241;1120469
2026-01-29 08:00:00+01:00;2026-01-29T09:00:00+01:00;NO2;Husholdning;1962424,122;633059
2026-01-29 08:00:00+01:00;2026-01-29T09:00:00+01:00;NO3;Husholdning;1320275,938;410400
2026-01-29 08:00:00+01:00;2026-01-29T09:00:00+01:00;NO4;Husholdning;891137,298;246537
2026-01-29 08:00:00+01:00;2026-01-29T09:00:00+01:00;NO5;Husholdning;774428,441;260410
2026-01-29 09:00:00+01:00;2026-01-29T10:00:00+01:00;NO1;Husholdning;3428091,459;1120469
2026-01-29 09:00:00+01:00;2026-01-29T10:00:00+01:00;NO2;Husholdning;1937930,066;633059
2026-01-29 09:00:00+01:00;2026-01-29T10:00:00+01:00;NO3;Husholdning;1305355,27;410400
2026-01-29 09:00:00+01:00;2026-01-29T10:00:00+01:00;NO4;Husholdning;882778,171;246537
2026-01-29 09:00:00+01:00;2026-01-29T10:00:00+01:00;NO5;Husholdning;766416,656;260410
2026-01-29 10:00:00+01:00;2026-01-29T11:00:00+01:00;NO1;Husholdning;3371793,466;1120469
2026-01-29 10:00:00+01:00;2026-01-29T11:00:00+01:00;NO2;Husholdning;1917928,603;633059
2026-01-29 10:00:00+01:00;2026-01-29T11:00:00+01:00;NO3;Husholdning;1287002,47;410400
2026-01-29 10:00:00+01:00;2026-01-29T11:00:00+01:00;NO4;Husholdning;873727,653;246537
2026-01-29 10:00:00+01:00;2026-01-29T11:00:00+01:00;NO5;Husholdning;759059,542;260410
2026-01-29 11:00:00+01:00;2026-01-29T12:00:00+01:00;NO1;Husholdning;3323111,276;1120469
2026-01-29 11:00:00+01:00;2026-01-29T12:00:00+01:00;NO2;Husholdning;1897133,24;633059
2026-01-29 11:00:00+01:00;2026-01-29T12:00:00+01:00;NO3;Husholdning;1260136,526;410400
2026-01-29 11:00:00+01:00;2026-01-29T12:00:00+01:00;NO4;Husholdning;864744,442;246537
2026-01-29 11:00:00+01:00;2026-01-29T12:00:00+01:00;NO5;Husholdning;748269,842;260410
2026-01-29 12:00:00+01:00;2026-01-29T13:00:00+01:00;NO1;Husholdning;3293803,946;1120469
2026-01-29 12:00:00+01:00;2026-01-29T13:00:00+01:00;NO2;Husholdning;1878928,157;633059
2026-01-29 12:00:00+01:00;2026-01-29T13:00:00+01:00;NO3;Husholdning;1236563,883;410400
2026-01-29 12:00:00+01:00;2026-01-29T13:00:00+01:00;NO4;Husholdning;856704,609;246537
2026-01-29 12:00:00+01:00;2026-01-29T13:00:00+01:00;NO5;Husholdning;735662,784;260410
2026-01-29 13:00:00+01:00;2026-01-29T14:00:00+01:00;NO1;Husholdning;3283902,355;1120469
2026-01-29 13:00:00+01:00;2026-01-29T14:00:00+01:00;NO2;Husholdning;1869953,421;633059
2026-01-29 13:00:00+01:00;2026-01-29T14:00:00+01:00;NO3;Husholdning;1221251,114;410400
2026-01-29 13:00:00+01:00;2026-01-29T14:00:00+01:00;NO4;Husholdning;856654,944;246537
2026-01-29 13:00:00+01:00;2026-01-29T14:00:00+01:00;NO5;Husholdning;722480,584;260410
2026-01-29 14:00:00+01:00;2026-01-29T15:00:00+01:00;NO1;Husholdning;3317821,943;1120469
2026-01-29 14:00:00+01:00;2026-01-29T15:00:00+01:00;NO2;Husholdning;1890709,373;633059
2026-01-29 14:00:00+01:00;2026-01-29T15:00:00+01:00;NO3;Husholdning;1238393,989;410400
2026-01-29 14:00:00+01:00;2026-01-29T15:00:00+01:00;NO4;Husholdning;875236,538;246537
2026-01-29 14:00:00+01:00;2026-01-29T15:00:00+01:00;NO5;Husholdning;724928,478;260410
2026-01-29 15:00:00+01:00;2026-01-29T16:00:00+01:00;NO1;Husholdning;3460831,002;1120469
2026-01-29 15:00:00+01:00;2026-01-29T16:00:00+01:00;NO2;Husholdning;1988113,687;633059
2026-01-29 15:00:00+01:00;2026-01-29T16:00:00+01:00;NO3;Husholdning;1302787,193;410400
2026-01-29 15:00:00+01:00;2026-01-29T16:00:00+01:00;NO4;Husholdning;914210,888;246537
2026-01-29 15:00:00+01:00;2026-01-29T16:00:00+01:00;NO5;Husholdning;755912,293;260410
2026-01-29 16:00:00+01:00;2026-01-29T17:00:00+01:00;NO1;Husholdning;3714715,612;1120469
2026-01-29 16:00:00+01:00;2026-01-29T17:00:00+01:00;NO2;Husholdning;2121177,748;633059
2026-01-29 16:00:00+01:00;2026-01-29T17:00:00+01:00;NO3;Husholdning;1396374,382;410400
2026-01-29 16:00:00+01:00;2026-01-29T17:00:00+01:00;NO4;Husholdning;953165,225;246537
2026-01-29 16:00:00+01:00;2026-01-29T17:00:00+01:00;NO5;Husholdning;811163,218;260410
2026-01-29 17:00:00+01:00;2026-01-29T18:00:00+01:00;NO1;Husholdning;3846993,45;1120469
2026-01-29 17:00:00+01:00;2026-01-29T18:00:00+01:00;NO2;Husholdning;2178010,626;633059
2026-01-29 17:00:00+01:00;2026-01-29T18:00:00+01:00;NO3;Husholdning;1423588,271;410400
2026-01-29 17:00:00+01:00;2026-01-29T18:00:00+01:00;NO4;Husholdning;949854,312;246537
2026-01-29 17:00:00+01:00;2026-01-29T18:00:00+01:00;NO5;Husholdning;839222,241;260410
2026-01-29 18:00:00+01:00;2026-01-29T19:00:00+01:00;NO1;Husholdning;3857738,474;1120469
2026-01-29 18:00:00+01:00;2026-01-29T19:00:00+01:00;NO2;Husholdning;2189550,707;633059
2026-01-29 18:00:00+01:00;2026-01-29T19:00:00+01:00;NO3;Husholdning;1423204,65;410400
2026-01-29 18:00:00+01:00;2026-01-29T19:00:00+01:00;NO4;Husholdning;945932,986;246537
2026-01-29 18:00:00+01:00;2026-01-29T19:00:00+01:00;NO5;Husholdning;844303,965;260410
2026-01-29 19:00:00+01:00;2026-01-29T20:00:00+01:00;NO1;Husholdning;3868565,584;1120469
2026-01-29 19:00:00+01:00;2026-01-29T20:00:00+01:00;NO2;Husholdning;2206346,702;633059
2026-01-29 19:00:00+01:00;2026-01-29T20:00:00+01:00;NO3;Husholdning;1432400,706;410400
2026-01-29 19:00:00+01:00;2026-01-29T20:00:00+01:00;NO4;Husholdning;948971,041;246537
2026-01-29 19:00:00+01:00;2026-01-29T20:00:00+01:00;NO5;Husholdning;852026,494;260410
2026-01-29 20:00:00+01:00;2026-01-29T21:00:00+01:00;NO1;Husholdning;3863943,911;1120469
2026-01-29 20:00:00+01:00;2026-01-29T21:00:00+01:00;NO2;Husholdning;2217042,773;633059
2026-01-29 20:00:00+01:00;2026-01-29T21:00:00+01:00;NO3;Husholdning;1443357,343;410400
2026-01-29 20:00:00+01:00;2026-01-29T21:00:00+01:00;NO4;Husholdning;952532,946;246537
2026-01-29 20:00:00+01:00;2026-01-29T21:00:00+01:00;NO5;Husholdning;859497,474;260410
2026-01-29 21:00:00+01:00;2026-01-29T22:00:00+01:00;NO1;Husholdning;3827658,222;1120469
2026-01-29 21:00:00+01:00;2026-01-29T22:00:00+01:00;NO2;Husholdning;2202077,468;633059
2026-01-29 21:00:00+01:00;2026-01-29T22:00:00+01:00;NO3;Husholdning;1447726,055;410400
2026-01-29 21:00:00+01:00;2026-01-29T22:00:00+01:00;NO4;Husholdning;953107,876;246537
2026-01-29 21:00:00+01:00;2026-01-29T22:00:00+01:00;NO5;Husholdning;859523,348;260410
2026-01-29 22:00:00+01:00;2026-01-29T23:00:00+01:00;NO1;Husholdning;3750558,518;1120469
2026-01-29 22:00:00+01:00;2026-01-29T23:00:00+01:00;NO2;Husholdning;2160715,589;633059
2026-01-29 22:00:00+01:00;2026-01-29T23:00:00+01:00;NO3;Husholdning;1439107,132;410400
2026-01-29 22:00:00+01:00;2026-01-29T23:00:00+01:00;NO4;Husholdning;941442,959;246537
2026-01-29 22:00:00+01:00;2026-01-29T23:00:00+01:00;NO5;Husholdning;845931,593;260410
2026-01-29 23:00:00+01:00;2026-01-30T00:00:00+01:00;NO1;Husholdning;3595401,019;1120469
2026-01-29 23:00:00+01:00;2026-01-30T00:00:00+01:00;NO2;Husholdning;2077036,746;633059
2026-01-29 23:00:00+01:00;2026-01-30T00:00:00+01:00;NO3;Husholdning;1401051,787;410400
2026-01-29 23:00:00+01:00;2026-01-30T00:00:00+01:00;NO4;Husholdning;916231,675;246537
2026-01-29 23:00:00+01:00;2026-01-30T00:00:00+01:00;NO5;Husholdning;816273,498;260410
2026-01-30 00:00:00+01:00;2026-01-30T01:00:00+01:00;NO1;Husholdning;3427614,243;1120496
2026-01-30 00:00:00+01:00;2026-01-30T01:00:00+01:00;NO2;Husholdning;1974955,599;633103
2026-01-30 00:00:00+01:00;2026-01-30T01:00:00+01:00;NO3;Husholdning;1346566,481;410417
2026-01-30 00:00:00+01:00;2026-01-30T01:00:00+01:00;NO4;Husholdning;882985,048;246537
2026-01-30 00:00:00+01:00;2026-01-30T01:00:00+01:00;NO5;Husholdning;778554,371;260409
2026-01-30 01:00:00+01:00;2026-01-30T02:00:00+01:00;NO1;Husholdning;3308375,043;1120496
2026-01-30 01:00:00+01:00;2026-01-30T02:00:00+01:00;NO2;Husholdning;1899661,679;633103
2026-01-30 01:00:00+01:00;2026-01-30T02:00:00+01:00;NO3;Husholdning;1299935,214;410417
2026-01-30 01:00:00+01:00;2026-01-30T02:00:00+01:00;NO4;Husholdning;859183,974;246537
2026-01-30 01:00:00+01:00;2026-01-30T02:00:00+01:00;NO5;Husholdning;747452,264;260409
2026-01-30 02:00:00+01:00;2026-01-30T03:00:00+01:00;NO1;Husholdning;3226725,273;1120496
2026-01-30 02:00:00+01:00;2026-01-30T03:00:00+01:00;NO2;Husholdning;1854626,085;633103
2026-01-30 02:00:00+01:00;2026-01-30T03:00:00+01:00;NO3;Husholdning;1277274,448;410417
2026-01-30 02:00:00+01:00;2026-01-30T03:00:00+01:00;NO4;Husholdning;847242,119;246537
2026-01-30 02:00:00+01:00;2026-01-30T03:00:00+01:00;NO5;Husholdning;731125,029;260409
2026-01-30 03:00:00+01:00;2026-01-30T04:00:00+01:00;NO1;Husholdning;3177975,991;1120496
2026-01-30 03:00:00+01:00;2026-01-30T04:00:00+01:00;NO2;Husholdning;1828681,84;633103
2026-01-30 03:00:00+01:00;2026-01-30T04:00:00+01:00;NO3;Husholdning;1259123,444;410417
2026-01-30 03:00:00+01:00;2026-01-30T04:00:00+01:00;NO4;Husholdning;840253,702;246537
2026-01-30 03:00:00+01:00;2026-01-30T04:00:00+01:00;NO5;Husholdning;721735,699;260409
2026-01-30 04:00:00+01:00;2026-01-30T05:00:00+01:00;NO1;Husholdning;3137411,518;1120496
2026-01-30 04:00:00+01:00;2026-01-30T05:00:00+01:00;NO2;Husholdning;1808759,708;633103
2026-01-30 04:00:00+01:00;2026-01-30T05:00:00+01:00;NO3;Husholdning;1248574,923;410417
2026-01-30 04:00:00+01:00;2026-01-30T05:00:00+01:00;NO4;Husholdning;837291,557;246537
2026-01-30 04:00:00+01:00;2026-01-30T05:00:00+01:00;NO5;Husholdning;714664,814;260409
2026-01-30 05:00:00+01:00;2026-01-30T06:00:00+01:00;NO1;Husholdning;3154458,639;1120496
2026-01-30 05:00:00+01:00;2026-01-30T06:00:00+01:00;NO2;Husholdning;1819405,688;633103
2026-01-30 05:00:00+01:00;2026-01-30T06:00:00+01:00;NO3;Husholdning;1248113,896;410417
2026-01-30 05:00:00+01:00;2026-01-30T06:00:00+01:00;NO4;Husholdning;846357,14;246537
2026-01-30 05:00:00+01:00;2026-01-30T06:00:00+01:00;NO5;Husholdning;718029,279;260409
2026-01-30 06:00:00+01:00;2026-01-30T07:00:00+01:00;NO1;Husholdning;3291185,328;1120496
2026-01-30 06:00:00+01:00;2026-01-30T07:00:00+01:00;NO2;Husholdning;1893071,82;633103
2026-01-30 06:00:00+01:00;2026-01-30T07:00:00+01:00;NO3;Husholdning;1286202,677;410417
2026-01-30 06:00:00+01:00;2026-01-30T07:00:00+01:00;NO4;Husholdning;875176,266;246537
2026-01-30 06:00:00+01:00;2026-01-30T07:00:00+01:00;NO5;Husholdning;743859,876;260409
2026-01-30 07:00:00+01:00;2026-01-30T08:00:00+01:00;NO1;Husholdning;3468223,673;1120496
2026-01-30 07:00:00+01:00;2026-01-30T08:00:00+01:00;NO2;Husholdning;1983377,118;633103
2026-01-30 07:00:00+01:00;2026-01-30T08:00:00+01:00;NO3;Husholdning;1326631,988;410417
2026-01-30 07:00:00+01:00;2026-01-30T08:00:00+01:00;NO4;Husholdning;914138,065;246537
2026-01-30 07:00:00+01:00;2026-01-30T08:00:00+01:00;NO5;Husholdning;774186,173;260409
2026-01-30 08:00:00+01:00;2026-01-30T09:00:00+01:00;NO1;Husholdning;3445524,008;1120496
2026-01-30 08:00:00+01:00;2026-01-30T09:00:00+01:00;NO2;Husholdning;1967465,697;633103
2026-01-30 08:00:00+01:00;2026-01-30T09:00:00+01:00;NO3;Husholdning;1312739,489;410417
2026-01-30 08:00:00+01:00;2026-01-30T09:00:00+01:00;NO4;Husholdning;911572,937;246537
2026-01-30 08:00:00+01:00;2026-01-30T09:00:00+01:00;NO5;Husholdning;780063,274;260409
2026-01-30 09:00:00+01:00;2026-01-30T10:00:00+01:00;NO1;Husholdning;3409072,983;1120496
2026-01-30 09:00:00+01:00;2026-01-30T10:00:00+01:00;NO2;Husholdning;1949915,347;633103
2026-01-30 09:00:00+01:00;2026-01-30T10:00:00+01:00;NO3;Husholdning;1299972,578;410417
2026-01-30 09:00:00+01:00;2026-01-30T10:00:00+01:00;NO4;Husholdning;905545,946;246537
2026-01-30 09:00:00+01:00;2026-01-30T10:00:00+01:00;NO5;Husholdning;780445,321;260409
2026-01-30 10:00:00+01:00;2026-01-30T11:00:00+01:00;NO1;Husholdning;3364794,445;1120496
2026-01-30 10:00:00+01:00;2026-01-30T11:00:00+01:00;NO2;Husholdning;1930345,34;633103
2026-01-30 10:00:00+01:00;2026-01-30T11:00:00+01:00;NO3;Husholdning;1281353,814;410417
2026-01-30 10:00:00+01:00;2026-01-30T11:00:00+01:00;NO4;Husholdning;899642,599;246537
2026-01-30 10:00:00+01:00;2026-01-30T11:00:00+01:00;NO5;Husholdning;780347,469;260409
2026-01-30 11:00:00+01:00;2026-01-30T12:00:00+01:00;NO1;Husholdning;3338678,83;1120496
2026-01-30 11:00:00+01:00;2026-01-30T12:00:00+01:00;NO2;Husholdning;1910704,739;633103
2026-01-30 11:00:00+01:00;2026-01-30T12:00:00+01:00;NO3;Husholdning;1250304,277;410417
2026-01-30 11:00:00+01:00;2026-01-30T12:00:00+01:00;NO4;Husholdning;888033,461;246537
2026-01-30 11:00:00+01:00;2026-01-30T12:00:00+01:00;NO5;Husholdning;771796,969;260409
2026-01-30 12:00:00+01:00;2026-01-30T13:00:00+01:00;NO1;Husholdning;3305393,48;1120496
2026-01-30 12:00:00+01:00;2026-01-30T13:00:00+01:00;NO2;Husholdning;1891032,438;633103
2026-01-30 12:00:00+01:00;2026-01-30T13:00:00+01:00;NO3;Husholdning;1220690,548;410417
2026-01-30 12:00:00+01:00;2026-01-30T13:00:00+01:00;NO4;Husholdning;879685,494;246537
2026-01-30 12:00:00+01:00;2026-01-30T13:00:00+01:00;NO5;Husholdning;759738,722;260409
2026-01-30 13:00:00+01:00;2026-01-30T14:00:00+01:00;NO1;Husholdning;3284395,553;1120496
2026-01-30 13:00:00+01:00;2026-01-30T14:00:00+01:00;NO2;Husholdning;1886971,872;633103
2026-01-30 13:00:00+01:00;2026-01-30T14:00:00+01:00;NO3;Husholdning;1209105,656;410417
2026-01-30 13:00:00+01:00;2026-01-30T14:00:00+01:00;NO4;Husholdning;880985,368;246537
2026-01-30 13:00:00+01:00;2026-01-30T14:00:00+01:00;NO5;Husholdning;751908,362;260409
2026-01-30 14:00:00+01:00;2026-01-30T15:00:00+01:00;NO1;Husholdning;3314855,923;1120496
2026-01-30 14:00:00+01:00;2026-01-30T15:00:00+01:00;NO2;Husholdning;1915832,597;633103
2026-01-30 14:00:00+01:00;2026-01-30T15:00:00+01:00;NO3;Husholdning;1221530,467;410417
2026-01-30 14:00:00+01:00;2026-01-30T15:00:00+01:00;NO4;Husholdning;898851,399;246537
2026-01-30 14:00:00+01:00;2026-01-30T15:00:00+01:00;NO5;Husholdning;754396,473;260409
2026-01-30 15:00:00+01:00;2026-01-30T16:00:00+01:00;NO1;Husholdning;3398553,689;1120496
2026-01-30 15:00:00+01:00;2026-01-30T16:00:00+01:00;NO2;Husholdning;1989659,539;633103
2026-01-30 15:00:00+01:00;2026-01-30T16:00:00+01:00;NO3;Husholdning;1271585,815;410417
2026-01-30 15:00:00+01:00;2026-01-30T16:00:00+01:00;NO4;Husholdning;931738,99;246537
2026-01-30 15:00:00+01:00;2026-01-30T16:00:00+01:00;NO5;Husholdning;779130,334;260409
2026-01-30 16:00:00+01:00;2026-01-30T17:00:00+01:00;NO1;Husholdning;3575960,882;1120496
2026-01-30 16:00:00+01:00;2026-01-30T17:00:00+01:00;NO2;Husholdning;2091071,308;633103
2026-01-30 16:00:00+01:00;2026-01-30T17:00:00+01:00;NO3;Husholdning;1345103,944;410417
2026-01-30 16:00:00+01:00;2026-01-30T17:00:00+01:00;NO4;Husholdning;965038,235;246537
2026-01-30 16:00:00+01:00;2026-01-30T17:00:00+01:00;NO5;Husholdning;817439,685;260409
2026-01-30 17:00:00+01:00;2026-01-30T18:00:00+01:00;NO1;Husholdning;3695526,497;1120496
2026-01-30 17:00:00+01:00;2026-01-30T18:00:00+01:00;NO2;Husholdning;2145518,991;633103
2026-01-30 17:00:00+01:00;2026-01-30T18:00:00+01:00;NO3;Husholdning;1377752,242;410417
2026-01-30 17:00:00+01:00;2026-01-30T18:00:00+01:00;NO4;Husholdning;970317,903;246537
2026-01-30 17:00:00+01:00;2026-01-30T18:00:00+01:00;NO5;Husholdning;840314,023;260409
2026-01-30 18:00:00+01:00;2026-01-30T19:00:00+01:00;NO1;Husholdning;3689964,325;1120496
2026-01-30 18:00:00+01:00;2026-01-30T19:00:00+01:00;NO2;Husholdning;2149369,905;633103
2026-01-30 18:00:00+01:00;2026-01-30T19:00:00+01:00;NO3;Husholdning;1378925,176;410417
2026-01-30 18:00:00+01:00;2026-01-30T19:00:00+01:00;NO4;Husholdning;967182,22;246537
2026-01-30 18:00:00+01:00;2026-01-30T19:00:00+01:00;NO5;Husholdning;848388,411;260409
2026-01-30 19:00:00+01:00;2026-01-30T20:00:00+01:00;NO1;Husholdning;3625175,177;1120496
2026-01-30 19:00:00+01:00;2026-01-30T20:00:00+01:00;NO2;Husholdning;2118378,269;633103
2026-01-30 19:00:00+01:00;2026-01-30T20:00:00+01:00;NO3;Husholdning;1367141,373;410417
2026-01-30 19:00:00+01:00;2026-01-30T20:00:00+01:00;NO4;Husholdning;962468,892;246537
2026-01-30 19:00:00+01:00;2026-01-30T20:00:00+01:00;NO5;Husholdning;843573,766;260409
2026-01-30 20:00:00+01:00;2026-01-30T21:00:00+01:00;NO1;Husholdning;3537585,69;1120496
2026-01-30 20:00:00+01:00;2026-01-30T21:00:00+01:00;NO2;Husholdning;2074761,959;633103
2026-01-30 20:00:00+01:00;2026-01-30T21:00:00+01:00;NO3;Husholdning;1342769,11;410417
2026-01-30 20:00:00+01:00;2026-01-30T21:00:00+01:00;NO4;Husholdning;953198,647;246537
2026-01-30 20:00:00+01:00;2026-01-30T21:00:00+01:00;NO5;Husholdning;831768,1;260409
2026-01-30 21:00:00+01:00;2026-01-30T22:00:00+01:00;NO1;Husholdning;3454886,823;1120496
2026-01-30 21:00:00+01:00;2026-01-30T22:00:00+01:00;NO2;Husholdning;2024884,048;633103
2026-01-30 21:00:00+01:00;2026-01-30T22:00:00+01:00;NO3;Husholdning;1323214,007;410417
2026-01-30 21:00:00+01:00;2026-01-30T22:00:00+01:00;NO4;Husholdning;938998,633;246537
2026-01-30 21:00:00+01:00;2026-01-30T22:00:00+01:00;NO5;Husholdning;818215,313;260409
2026-01-30 22:00:00+01:00;2026-01-30T23:00:00+01:00;NO1;Husholdning;3383943,542;1120496
2026-01-30 22:00:00+01:00;2026-01-30T23:00:00+01:00;NO2;Husholdning;1983671,987;633103
2026-01-30 22:00:00+01:00;2026-01-30T23:00:00+01:00;NO3;Husholdning;1302589,808;410417
2026-01-30 22:00:00+01:00;2026-01-30T23:00:00+01:00;NO4;Husholdning;925740,743;246537
2026-01-30 22:00:00+01:00;2026-01-30T23:00:00+01:00;NO5;Husholdning;800492,6;260409
2026-01-30 23:00:00+01:00;2026-01-31T00:00:00+01:00;NO1;Husholdning;3296593,781;1120496
2026-01-30 23:00:00+01:00;2026-01-31T00:00:00+01:00;NO2;Husholdning;1932458,191;633103
2026-01-30 23:00:00+01:00;2026-01-31T00:00:00+01:00;NO3;Husholdning;1274072,926;410417
2026-01-30 23:00:00+01:00;2026-01-31T00:00:00+01:00;NO4;Husholdning;909616,101;246537
2026-01-30 23:00:00+01:00;2026-01-31T00:00:00+01:00;NO5;Husholdning;775958,298;260409
2026-01-31 00:00:00+01:00;2026-01-31T01:00:00+01:00;NO1;Husholdning;3176055,814;1120498
2026-01-31 00:00:00+01:00;2026-01-31T01:00:00+01:00;NO2;Husholdning;1872419,541;633101
2026-01-31 00:00:00+01:00;2026-01-31T01:00:00+01:00;NO3;Husholdning;1229923,709;410416
2026-01-31 00:00:00+01:00;2026-01-31T01:00:00+01:00;NO4;Husholdning;885232,978;246533
2026-01-31 00:00:00+01:00;2026-01-31T01:00:00+01:00;NO5;Husholdning;749579,758;260407
2026-01-31 01:00:00+01:00;2026-01-31T02:00:00+01:00;NO1;Husholdning;3058862,501;1120498
2026-01-31 01:00:00+01:00;2026-01-31T02:00:00+01:00;NO2;Husholdning;1807074,435;633101
2026-01-31 01:00:00+01:00;2026-01-31T02:00:00+01:00;NO3;Husholdning;1192258,447;410416
2026-01-31 01:00:00+01:00;2026-01-31T02:00:00+01:00;NO4;Husholdning;863564,53;246533
2026-01-31 01:00:00+01:00;2026-01-31T02:00:00+01:00;NO5;Husholdning;720982,357;260407
2026-01-31 02:00:00+01:00;2026-01-31T03:00:00+01:00;NO1;Husholdning;2986942,511;1120498
2026-01-31 02:00:00+01:00;2026-01-31T03:00:00+01:00;NO2;Husholdning;1765536,028;633101
2026-01-31 02:00:00+01:00;2026-01-31T03:00:00+01:00;NO3;Husholdning;1170616,155;410416
2026-01-31 02:00:00+01:00;2026-01-31T03:00:00+01:00;NO4;Husholdning;845107,516;246533
2026-01-31 02:00:00+01:00;2026-01-31T03:00:00+01:00;NO5;Husholdning;698741,794;260407
2026-01-31 03:00:00+01:00;2026-01-31T04:00:00+01:00;NO1;Husholdning;2937006,119;1120498
2026-01-31 03:00:00+01:00;2026-01-31T04:00:00+01:00;NO2;Husholdning;1738028,615;633101
2026-01-31 03:00:00+01:00;2026-01-31T04:00:00+01:00;NO3;Husholdning;1158077,257;410416
2026-01-31 03:00:00+01:00;2026-01-31T04:00:00+01:00;NO4;Husholdning;836056,678;246533
2026-01-31 03:00:00+01:00;2026-01-31T04:00:00+01:00;NO5;Husholdning;687857,252;260407
2026-01-31 04:00:00+01:00;2026-01-31T05:00:00+01:00;NO1;Husholdning;2911426,591;1120498
2026-01-31 04:00:00+01:00;2026-01-31T05:00:00+01:00;NO2;Husholdning;1719732,695;633101
2026-01-31 04:00:00+01:00;2026-01-31T05:00:00+01:00;NO3;Husholdning;1148873,444;410416
2026-01-31 04:00:00+01:00;2026-01-31T05:00:00+01:00;NO4;Husholdning;832266,591;246533
2026-01-31 04:00:00+01:00;2026-01-31T05:00:00+01:00;NO5;Husholdning;681137,737;260407
2026-01-31 05:00:00+01:00;2026-01-31T06:00:00+01:00;NO1;Husholdning;2899603,231;1120498
2026-01-31 05:00:00+01:00;2026-01-31T06:00:00+01:00;NO2;Husholdning;1712866,855;633101
2026-01-31 05:00:00+01:00;2026-01-31T06:00:00+01:00;NO3;Husholdning;1140439,959;410416
2026-01-31 05:00:00+01:00;2026-01-31T06:00:00+01:00;NO4;Husholdning;832037,125;246533
2026-01-31 05:00:00+01:00;2026-01-31T06:00:00+01:00;NO5;Husholdning;676375,151;260407
2026-01-31 06:00:00+01:00;2026-01-31T07:00:00+01:00;NO1;Husholdning;2914562,078;1120498
2026-01-31 06:00:00+01:00;2026-01-31T07:00:00+01:00;NO2;Husholdning;1721260,632;633101
2026-01-31 06:00:00+01:00;2026-01-31T07:00:00+01:00;NO3;Husholdning;1142593,121;410416
2026-01-31 06:00:00+01:00;2026-01-31T07:00:00+01:00;NO4;Husholdning;838785,873;246533
2026-01-31 06:00:00+01:00;2026-01-31T07:00:00+01:00;NO5;Husholdning;679797,387;260407
2026-01-31 07:00:00+01:00;2026-01-31T08:00:00+01:00;NO1;Husholdning;2988950,688;1120498
2026-01-31 07:00:00+01:00;2026-01-31T08:00:00+01:00;NO2;Husholdning;1760963,412;633101
2026-01-31 07:00:00+01:00;2026-01-31T08:00:00+01:00;NO3;Husholdning;1166612,723;410416
2026-01-31 07:00:00+01:00;2026-01-31T08:00:00+01:00;NO4;Husholdning;853809,752;246533
2026-01-31 07:00:00+01:00;2026-01-31T08:00:00+01:00;NO5;Husholdning;693370,05;260407
2026-01-31 08:00:00+01:00;2026-01-31T09:00:00+01:00;NO1;Husholdning;3129165,887;1120498
2026-01-31 08:00:00+01:00;2026-01-31T09:00:00+01:00;NO2;Husholdning;1841992,578;633101
2026-01-31 08:00:00+01:00;2026-01-31T09:00:00+01:00;NO3;Husholdning;1215630,177;410416
2026-01-31 08:00:00+01:00;2026-01-31T09:00:00+01:00;NO4;Husholdning;883779,909;246533
2026-01-31 08:00:00+01:00;2026-01-31T09:00:00+01:00;NO5;Husholdning;726014,139;260407
2026-01-31 09:00:00+01:00;2026-01-31T10:00:00+01:00;NO1;Husholdning;3287732,778;1120498
2026-01-31 09:00:00+01:00;2026-01-31T10:00:00+01:00;NO2;Husholdning;1932001,758;633101
2026-01-31 09:00:00+01:00;2026-01-31T10:00:00+01:00;NO3;Husholdning;1270826,323;410416
2026-01-31 09:00:00+01:00;2026-01-31T10:00:00+01:00;NO4;Husholdning;915053,779;246533
2026-01-31 09:00:00+01:00;2026-01-31T10:00:00+01:00;NO5;Husholdning;759073,962;260407
2026-01-31 10:00:00+01:00;2026-01-31T11:00:00+01:00;NO1;Husholdning;3369544,863;1120498
2026-01-31 10:00:00+01:00;2026-01-31T11:00:00+01:00;NO2;Husholdning;1984603,158;633101
2026-01-31 10:00:00+01:00;2026-01-31T11:00:00+01:00;NO3;Husholdning;1286481,449;410416
2026-01-31 10:00:00+01:00;2026-01-31T11:00:00+01:00;NO4;Husholdning;929709,072;246533
2026-01-31 10:00:00+01:00;2026-01-31T11:00:00+01:00;NO5;Husholdning;781626,506;260407
2026-01-31 11:00:00+01:00;2026-01-31T12:00:00+01:00;NO1;Husholdning;3384038,108;1120498
2026-01-31 11:00:00+01:00;2026-01-31T12:00:00+01:00;NO2;Husholdning;1993120,196;633101
2026-01-31 11:00:00+01:00;2026-01-31T12:00:00+01:00;NO3;Husholdning;1272532,938;410416
2026-01-31 11:00:00+01:00;2026-01-31T12:00:00+01:00;NO4;Husholdning;929803,125;246533
2026-01-31 11:00:00+01:00;2026-01-31T12:00:00+01:00;NO5;Husholdning;782953,131;260407
2026-01-31 12:00:00+01:00;2026-01-31T13:00:00+01:00;NO1;Husholdning;3366743,404;1120498
2026-01-31 12:00:00+01:00;2026-01-31T13:00:00+01:00;NO2;Husholdning;1977586,409;633101
2026-01-31 12:00:00+01:00;2026-01-31T13:00:00+01:00;NO3;Husholdning;1251263,396;410416
2026-01-31 12:00:00+01:00;2026-01-31T13:00:00+01:00;NO4;Husholdning;923592,767;246533
2026-01-31 12:00:00+01:00;2026-01-31T13:00:00+01:00;NO5;Husholdning;773810,385;260407
2026-01-31 13:00:00+01:00;2026-01-31T14:00:00+01:00;NO1;Husholdning;3342997,099;1120498
2026-01-31 13:00:00+01:00;2026-01-31T14:00:00+01:00;NO2;Husholdning;1959762,291;633101
2026-01-31 13:00:00+01:00;2026-01-31T14:00:00+01:00;NO3;Husholdning;1240705,713;410416
2026-01-31 13:00:00+01:00;2026-01-31T14:00:00+01:00;NO4;Husholdning;920411,453;246533
2026-01-31 13:00:00+01:00;2026-01-31T14:00:00+01:00;NO5;Husholdning;766794,215;260407
2026-01-31 14:00:00+01:00;2026-01-31T15:00:00+01:00;NO1;Husholdning;3326192,433;1120498
2026-01-31 14:00:00+01:00;2026-01-31T15:00:00+01:00;NO2;Husholdning;1949091,329;633101
2026-01-31 14:00:00+01:00;2026-01-31T15:00:00+01:00;NO3;Husholdning;1234655,816;410416
2026-01-31 14:00:00+01:00;2026-01-31T15:00:00+01:00;NO4;Husholdning;927003,172;246533
2026-01-31 14:00:00+01:00;2026-01-31T15:00:00+01:00;NO5;Husholdning;766404,685;260407
2026-01-31 15:00:00+01:00;2026-01-31T16:00:00+01:00;NO1;Husholdning;3347995,468;1120498
2026-01-31 15:00:00+01:00;2026-01-31T16:00:00+01:00;NO2;Husholdning;1962200,817;633101
2026-01-31 15:00:00+01:00;2026-01-31T16:00:00+01:00;NO3;Husholdning;1259325,808;410416
2026-01-31 15:00:00+01:00;2026-01-31T16:00:00+01:00;NO4;Husholdning;942110,509;246533
2026-01-31 15:00:00+01:00;2026-01-31T16:00:00+01:00;NO5;Husholdning;775835,948;260407
2026-01-31 16:00:00+01:00;2026-01-31T17:00:00+01:00;NO1;Husholdning;3438285,247;1120498
2026-01-31 16:00:00+01:00;2026-01-31T17:00:00+01:00;NO2;Husholdning;1997653,254;633101
2026-01-31 16:00:00+01:00;2026-01-31T17:00:00+01:00;NO3;Husholdning;1300188,678;410416
2026-01-31 16:00:00+01:00;2026-01-31T17:00:00+01:00;NO4;Husholdning;957624,724;246533
2026-01-31 16:00:00+01:00;2026-01-31T17:00:00+01:00;NO5;Husholdning;793470,982;260407
2026-01-31 17:00:00+01:00;2026-01-31T18:00:00+01:00;NO1;Husholdning;3541667,624;1120498
2026-01-31 17:00:00+01:00;2026-01-31T18:00:00+01:00;NO2;Husholdning;2055846,044;633101
2026-01-31 17:00:00+01:00;2026-01-31T18:00:00+01:00;NO3;Husholdning;1330791,637;410416
2026-01-31 17:00:00+01:00;2026-01-31T18:00:00+01:00;NO4;Husholdning;965352,445;246533
2026-01-31 17:00:00+01:00;2026-01-31T18:00:00+01:00;NO5;Husholdning;810765,586;260407
2026-01-31 18:00:00+01:00;2026-01-31T19:00:00+01:00;NO1;Husholdning;3583561,018;1120498
2026-01-31 18:00:00+01:00;2026-01-31T19:00:00+01:00;NO2;Husholdning;2083613,329;633101
2026-01-31 18:00:00+01:00;2026-01-31T19:00:00+01:00;NO3;Husholdning;1336637,345;410416
2026-01-31 18:00:00+01:00;2026-01-31T19:00:00+01:00;NO4;Husholdning;965946,377;246533
2026-01-31 18:00:00+01:00;2026-01-31T19:00:00+01:00;NO5;Husholdning;819815,927;260407
2026-01-31 19:00:00+01:00;2026-01-31T20:00:00+01:00;NO1;Husholdning;3533471,23;1120498
2026-01-31 19:00:00+01:00;2026-01-31T20:00:00+01:00;NO2;Husholdning;2047732,512;633101
2026-01-31 19:00:00+01:00;2026-01-31T20:00:00+01:00;NO3;Husholdning;1320640,84;410416
2026-01-31 19:00:00+01:00;2026-01-31T20:00:00+01:00;NO4;Husholdning;955952,9;246533
2026-01-31 19:00:00+01:00;2026-01-31T20:00:00+01:00;NO5;Husholdning;808099,981;260407
2026-01-31 20:00:00+01:00;2026-01-31T21:00:00+01:00;NO1;Husholdning;3445042,413;1120498
2026-01-31 20:00:00+01:00;2026-01-31T21:00:00+01:00;NO2;Husholdning;1988345,602;633101
2026-01-31 20:00:00+01:00;2026-01-31T21:00:00+01:00;NO3;Husholdning;1287730,545;410416
2026-01-31 20:00:00+01:00;2026-01-31T21:00:00+01:00;NO4;Husholdning;937447,408;246533
2026-01-31 20:00:00+01:00;2026-01-31T21:00:00+01:00;NO5;Husholdning;784308,719;260407
2026-01-31 21:00:00+01:00;2026-01-31T22:00:00+01:00;NO1;Husholdning;3361173,611;1120498
2026-01-31 21:00:00+01:00;2026-01-31T22:00:00+01:00;NO2;Husholdning;1930123,241;633101
2026-01-31 21:00:00+01:00;2026-01-31T22:00:00+01:00;NO3;Husholdning;1247520,794;410416
2026-01-31 21:00:00+01:00;2026-01-31T22:00:00+01:00;NO4;Husholdning;917916,812;246533
2026-01-31 21:00:00+01:00;2026-01-31T22:00:00+01:00;NO5;Husholdning;756793,03;260407
2026-01-31 22:00:00+01:00;2026-01-31T23:00:00+01:00;NO1;Husholdning;3285723,583;1120498
2026-01-31 22:00:00+01:00;2026-01-31T23:00:00+01:00;NO2;Husholdning;1881864,962;633101
2026-01-31 22:00:00+01:00;2026-01-31T23:00:00+01:00;NO3;Husholdning;1219648,75;410416
2026-01-31 22:00:00+01:00;2026-01-31T23:00:00+01:00;NO4;Husholdning;902952,738;246533
2026-01-31 22:00:00+01:00;2026-01-31T23:00:00+01:00;NO5;Husholdning;735758,452;260407
2026-01-31 23:00:00+01:00;2026-02-01T00:00:00+01:00;NO1;Husholdning;3202976,205;1120498
2026-01-31 23:00:00+01:00;2026-02-01T00:00:00+01:00;NO2;Husholdning;1833475,956;633101
2026-01-31 23:00:00+01:00;2026-02-01T00:00:00+01:00;NO3;Husholdning;1183667,01;410416
2026-01-31 23:00:00+01:00;2026-02-01T00:00:00+01:00;NO4;Husholdning;886187,53;246533
2026-01-31 23:00:00+01:00;2026-02-01T00:00:00+01:00;NO5;Husholdning;712225,616;260407
