Latitude (decimal degrees):	58.832
Longitude (decimal degrees):	5.773
Elevation (m):	117
Radiation database:	PVGIS-SARAH3


Slope: 0 deg. 
Azimuth: 0 deg. 
time,Gb(i),Gd(i),Gr(i),H_sun,T2m,WS10m,Int
20230101:0011,0.0,0.0,0.0,0.0,-0.04,2.76,0.0
20230101:0111,0.0,0.0,0.0,0.0,-0.45,2.9,0.0
20230101:0211,0.0,0.0,0.0,0.0,-0.69,3.1,0.0
20230101:0311,0.0,0.0,0.0,0.0,-1.01,3.03,0.0
20230101:0411,0.0,0.0,0.0,0.0,-1.29,3.03,0.0
20230101:0511,0.0,0.0,0.0,0.0,-1.63,3.03,0.0
20230101:0611,0.0,0.0,0.0,0.0,-1.87,2.9,0.0
20230101:0711,0.0,0.0,0.0,0.0,-2.17,3.24,0.0
20230101:0811,0.0,0.0,0.0,0.0,-2.42,3.24,0.0
20230101:0911,0.0,6.0,0.0,2.57,-2.23,3.17,0.0
20230101:1011,4.0,39.0,0.0,6.11,-1.1,3.31,0.0
20230101:1111,1.0,43.0,0.0,7.94,0.02,3.72,0.0
20230101:1211,20.0,57.0,0.0,7.91,0.45,4.14,0.0
20230101:1311,0.0,12.0,0.0,6.02,0.52,4.62,0.0
20230101:1411,0.0,7.0,0.0,2.42,0.28,4.9,0.0
20230101:1511,0.0,0.0,0.0,0.0,0.07,4.76,0.0
20230101:1611,0.0,0.0,0.0,0.0,0.08,4.62,0.0
20230101:1711,0.0,0.0,0.0,0.0,0.06,4.34,0.0
20230101:1811,0.0,0.0,0.0,0.0,0.02,4.21,0.0
20230101:1911,0.0,0.0,0.0,0.0,0.56,3.17,0.0
20230101:2011,0.0,0.0,0.0,0.0,0.58,3.59,0.0
20230101:2111,0.0,0.0,0.0,0.0,0.83,3.59,0.0
20230101:2211,0.0,0.0,0.0,0.0,0.97,3.59,0.0
20230101:2311,0.0,0.0,0.0,0.0,1.11,3.86,0.0
20230102:0011,0.0,0.0,0.0,0.0,1.14,3.79,0.0
20230102:0111,0.0,0.0,0.0,0.0,0.96,3.72,0.0
20230102:0211,0.0,0.0,0.0,0.0,1.07,3.79,0.0
20230102:0311,0.0,0.0,0.0,0.0,1.12,3.86,0.0
20230102:0411,0.0,0.0,0.0,0.0,1.22,3.79,0.0
20230102:0511,0.0,0.0,0.0,0.0,0.94,3.72,0.0
20230102:0611,0.0,0.0,0.0,0.0,1.06,3.79,0.0
20230102:0711,0.0,0.0,0.0,0.0,1.9,3.72,0.0
20230102:0811,0.0,0.0,0.0,0.0,1.96,3.72,0.0
20230102:0911,0.0,2.0,0.0,2.62,1.9,3.66,0.0
20230102:1011,0.0,19.0,0.0,6.18,1.99,3.52,0.0
20230102:1111,0.0,14.0,0.0,8.02,2.11,3.31,0.0
20230102:1211,0.0,37.0,0.0,8.0,2.09,3.59,0.0
20230102:1311,0.0,12.0,0.0,6.12,1.84,3.66,0.0
20230102:1411,6.0,10.85,0.0,2.53,1.74,3.86,0.0
20230102:1511,0.0,0.0,0.0,0.0,1.82,4.07,0.0
20230102:1611,0.0,0.0,0.0,0.0,1.82,4.34,0.0
20230102:1711,0.0,0.0,0.0,0.0,1.95,4.69,0.0
20230102:1811,0.0,0.0,0.0,0.0,1.98,4.83,0.0
20230102:1911,0.0,0.0,0.0,0.0,2.11,4.28,0.0
20230102:2011,0.0,0.0,0.0,0.0,2.19,4.21,0.0
20230102:2111,0.0,0.0,0.0,0.0,2.28,3.66,0.0
20230102:2211,0.0,0.0,0.0,0.0,2.28,3.03,0.0
20230102:2311,0.0,0.0,0.0,0.0,2.35,2.41,0.0
20230103:0011,0.0,0.0,0.0,0.0,2.37,1.59,0.0
20230103:0111,0.0,0.0,0.0,0.0,2.2,0.48,0.0
20230103:0211,0.0,0.0,0.0,0.0,2.38,0.41,0.0
20230103:0311,0.0,0.0,0.0,0.0,2.54,0.41,0.0
20230103:0411,0.0,0.0,0.0,0.0,2.39,0.48,0.0
20230103:0511,0.0,0.0,0.0,0.0,1.03,0.76,0.0
20230103:0611,0.0,0.0,0.0,0.0,0.16,1.38,0.0
20230103:0711,0.0,0.0,0.0,0.0,-0.3,1.93,0.0
20230103:0811,0.0,0.0,0.0,0.0,-0.08,2.14,0.0
20230103:0911,0.0,14.0,0.0,2.67,0.19,2.62,0.0
20230103:1011,46.01,34.0,0.0,6.25,1.61,3.1,0.0
20230103:1111,53.01,49.0,0.0,8.1,3.37,3.66,0.0
20230103:1211,8.0,55.0,0.0,8.1,3.5,4.14,0.0
20230103:1311,8.0,41.0,0.0,6.23,3.54,4.48,0.0
20230103:1411,0.0,4.0,0.0,2.65,3.54,4.83,0.0
20230103:1511,0.0,0.0,0.0,0.0,3.57,5.24,0.0
20230103:1611,0.0,0.0,0.0,0.0,3.55,5.86,0.0
20230103:1711,0.0,0.0,0.0,0.0,3.4,6.55,0.0
20230103:1811,0.0,0.0,0.0,0.0,3.15,7.31,0.0
20230103:1911,0.0,0.0,0.0,0.0,3.43,7.72,0.0
20230103:2011,0.0,0.0,0.0,0.0,3.47,8.14,0.0
20230103:2111,0.0,0.0,0.0,0.0,3.43,8.48,0.0
20230103:2211,0.0,0.0,0.0,0.0,3.25,8.97,0.0
20230103:2311,0.0,0.0,0.0,0.0,3.29,9.31,0.0
20230104:0011,0.0,0.0,0.0,0.0,3.38,9.52,0.0
20230104:0111,0.0,0.0,0.0,0.0,3.63,9.52,0.0
20230104:0211,0.0,0.0,0.0,0.0,3.66,9.38,0.0
20230104:0311,0.0,0.0,0.0,0.0,3.46,9.38,0.0
20230104:0411,0.0,0.0,0.0,0.0,3.19,9.45,0.0
20230104:0511,0.0,0.0,0.0,0.0,3.09,9.52,0.0
20230104:0611,0.0,0.0,0.0,0.0,2.71,9.45,0.0
20230104:0711,0.0,0.0,0.0,0.0,3.43,10.14,0.0
20230104:0811,0.0,0.0,0.0,0.0,3.47,10.76,0.0
20230104:0911,0.0,2.0,0.0,2.74,2.69,11.03,0.0
20230104:1011,0.0,17.0,0.0,6.33,3.02,10.83,0.0
20230104:1111,0.0,22.0,0.0,8.2,2.83,10.34,0.0
20230104:1211,0.0,27.0,0.0,8.21,2.54,10.14,0.0
20230104:1311,33.0,38.0,0.0,6.35,2.23,9.72,0.0
20230104:1411,7.0,12.57,0.0,2.78,1.8,9.31,0.0
20230104:1511,0.0,0.0,0.0,0.0,1.51,9.24,0.0
20230104:1611,0.0,0.0,0.0,0.0,1.2,9.1,0.0
20230104:1711,0.0,0.0,0.0,0.0,0.86,8.55,0.0
20230104:1811,0.0,0.0,0.0,0.0,0.61,8.0,0.0
20230104:1911,0.0,0.0,0.0,0.0,0.53,7.38,0.0
20230104:2011,0.0,0.0,0.0,0.0,0.56,6.48,0.0
20230104:2111,0.0,0.0,0.0,0.0,0.61,5.45,0.0
20230104:2211,0.0,0.0,0.0,0.0,0.54,4.21,0.0
20230104:2311,0.0,0.0,0.0,0.0,0.58,3.1,0.0
20230105:0011,0.0,0.0,0.0,0.0,0.58,2.34,0.0
20230105:0111,0.0,0.0,0.0,0.0,0.54,1.45,0.0
20230105:0211,0.0,0.0,0.0,0.0,0.36,0.76,0.0
20230105:0311,0.0,0.0,0.0,0.0,0.49,0.76,0.0
20230105:0411,0.0,0.0,0.0,0.0,0.53,1.38,0.0
20230105:0511,0.0,0.0,0.0,0.0,0.5,1.59,0.0
20230105:0611,0.0,0.0,0.0,0.0,0.49,1.79,0.0
20230105:0711,0.0,0.0,0.0,0.0,0.8,3.38,0.0
20230105:0811,0.0,0.0,0.0,0.0,0.73,4.21,0.0
20230105:0911,0.0,3.0,0.0,2.81,0.64,4.97,0.0
20230105:1011,0.0,7.0,0.0,6.41,0.58,5.52,0.0
20230105:1111,0.0,14.0,0.0,8.3,0.51,5.93,0.0
20230105:1211,0.0,10.0,0.0,8.32,0.43,6.34,0.0
20230105:1311,15.0,44.0,0.0,6.48,0.26,6.76,0.0
20230105:1411,0.0,2.0,0.0,2.91,0.02,6.97,0.0
20230105:1511,0.0,0.0,0.0,0.0,-0.14,7.31,0.0
20230105:1611,0.0,0.0,0.0,0.0,-0.31,7.66,0.0
20230105:1711,0.0,0.0,0.0,0.0,-0.32,7.93,0.0
20230105:1811,0.0,0.0,0.0,0.0,-0.31,8.14,0.0
20230105:1911,0.0,0.0,0.0,0.0,-0.2,8.48,0.0
20230105:2011,0.0,0.0,0.0,0.0,-0.07,8.76,0.0
20230105:2111,0.0,0.0,0.0,0.0,0.05,8.9,0.0
20230105:2211,0.0,0.0,0.0,0.0,0.34,9.66,0.0
20230105:2311,0.0,0.0,0.0,0.0,0.71,10.21,0.0
20230106:0011,0.0,0.0,0.0,0.0,0.87,10.83,0.0
20230106:0111,0.0,0.0,0.0,0.0,1.08,10.9,0.0
20230106:0211,0.0,0.0,0.0,0.0,1.44,11.1,0.0
20230106:0311,0.0,0.0,0.0,0.0,2.12,11.86,0.0
20230106:0411,0.0,0.0,0.0,0.0,2.54,11.79,0.0
20230106:0511,0.0,0.0,0.0,0.0,2.2,11.38,0.0
20230106:0611,0.0,0.0,0.0,0.0,2.23,10.69,0.0
20230106:0711,0.0,0.0,0.0,0.0,2.13,9.79,0.0
20230106:0811,0.0,0.0,0.0,0.0,2.46,8.97,0.0
20230106:0911,0.0,14.0,0.0,2.89,2.5,8.28,0.0
20230106:1011,4.0,39.0,0.0,6.51,2.52,7.72,0.0
20230106:1111,8.0,56.0,0.0,8.41,2.69,7.31,0.0
20230106:1211,0.0,12.0,0.0,8.44,3.07,7.1,0.0
20230106:1311,0.0,18.0,0.0,6.61,2.65,6.9,0.0
20230106:1411,0.0,2.0,0.0,3.05,3.01,6.21,0.0
20230106:1511,0.0,0.0,0.0,0.0,3.43,5.31,0.0
20230106:1611,0.0,0.0,0.0,0.0,3.69,4.83,0.0
20230106:1711,0.0,0.0,0.0,0.0,4.01,5.17,0.0
20230106:1811,0.0,0.0,0.0,0.0,4.35,5.72,0.0
20230106:1911,0.0,0.0,0.0,0.0,4.89,6.41,0.0
20230106:2011,0.0,0.0,0.0,0.0,5.23,6.48,0.0
20230106:2111,0.0,0.0,0.0,0.0,5.4,6.62,0.0
20230106:2211,0.0,0.0,0.0,0.0,5.94,6.14,0.0
20230106:2311,0.0,0.0,0.0,0.0,5.82,4.9,0.0
20230107:0011,0.0,0.0,0.0,0.0,5.46,3.93,0.0
20230107:0111,0.0,0.0,0.0,0.0,5.15,4.0,0.0
20230107:0211,0.0,0.0,0.0,0.0,5.16,4.0,0.0
20230107:0311,0.0,0.0,0.0,0.0,5.0,4.14,0.0
20230107:0411,0.0,0.0,0.0,0.0,4.84,4.62,0.0
20230107:0511,0.0,0.0,0.0,0.0,4.66,5.38,0.0
20230107:0611,0.0,0.0,0.0,0.0,4.98,6.07,0.0
20230107:0711,0.0,0.0,0.0,0.0,4.84,6.69,0.0
20230107:0811,0.0,0.0,0.0,0.0,5.2,7.45,0.0
20230107:0911,0.0,2.0,0.0,2.97,5.52,8.0,0.0
20230107:1011,0.0,9.0,0.0,6.61,5.86,8.41,0.0
20230107:1111,0.0,13.0,0.0,8.52,6.1,8.21,0.0
20230107:1211,0.0,13.0,0.0,8.57,5.89,8.14,0.0
20230107:1311,0.0,10.0,0.0,6.75,6.29,8.28,0.0
20230107:1411,0.0,2.0,0.0,3.2,6.61,8.55,0.0
20230107:1511,0.0,0.0,0.0,0.0,6.81,8.76,0.0
20230107:1611,0.0,0.0,0.0,0.0,6.97,8.9,0.0
20230107:1711,0.0,0.0,0.0,0.0,6.85,9.17,0.0
20230107:1811,0.0,0.0,0.0,0.0,6.74,9.52,0.0
20230107:1911,0.0,0.0,0.0,0.0,7.0,9.79,0.0
20230107:2011,0.0,0.0,0.0,0.0,6.6,9.72,0.0
20230107:2111,0.0,0.0,0.0,0.0,6.51,9.31,0.0
20230107:2211,0.0,0.0,0.0,0.0,6.36,8.97,0.0
20230107:2311,0.0,0.0,0.0,0.0,6.22,8.76,0.0
20230108:0011,0.0,0.0,0.0,0.0,6.07,8.41,0.0
20230108:0111,0.0,0.0,0.0,0.0,6.03,8.28,0.0
20230108:0211,0.0,0.0,0.0,0.0,6.06,8.0,0.0
20230108:0311,0.0,0.0,0.0,0.0,6.1,7.45,0.0
20230108:0411,0.0,0.0,0.0,0.0,6.23,7.52,0.0
20230108:0511,0.0,0.0,0.0,0.0,6.21,7.72,0.0
20230108:0611,0.0,0.0,0.0,0.0,6.0,7.66,0.0
20230108:0711,0.0,0.0,0.0,0.0,5.86,7.59,0.0
20230108:0811,0.0,0.0,0.0,0.0,5.84,7.17,0.0
20230108:0911,0.0,2.0,0.0,3.07,5.73,7.24,0.0
20230108:1011,0.0,7.0,0.0,6.72,5.63,7.1,0.0
20230108:1111,8.0,58.0,0.0,8.65,5.71,6.97,0.0
20230108:1211,1.0,46.0,0.0,8.71,5.56,6.76,0.0
20230108:1311,0.0,31.0,0.0,6.9,5.34,6.69,0.0
20230108:1411,0.0,8.0,0.0,3.36,5.1,6.62,0.0
20230108:1511,0.0,0.0,0.0,0.0,5.31,6.41,0.0
20230108:1611,0.0,0.0,0.0,0.0,5.22,6.28,0.0
20230108:1711,0.0,0.0,0.0,0.0,5.06,6.55,0.0
20230108:1811,0.0,0.0,0.0,0.0,5.09,6.97,0.0
20230108:1911,0.0,0.0,0.0,0.0,4.62,6.34,0.0
20230108:2011,0.0,0.0,0.0,0.0,4.78,6.34,0.0
20230108:2111,0.0,0.0,0.0,0.0,5.04,6.55,0.0
20230108:2211,0.0,0.0,0.0,0.0,5.1,6.83,0.0
20230108:2311,0.0,0.0,0.0,0.0,5.06,6.69,0.0
20230109:0011,0.0,0.0,0.0,0.0,5.06,6.97,0.0
20230109:0111,0.0,0.0,0.0,0.0,5.14,7.24,0.0
20230109:0211,0.0,0.0,0.0,0.0,5.36,8.14,0.0
20230109:0311,0.0,0.0,0.0,0.0,5.24,8.14,0.0
20230109:0411,0.0,0.0,0.0,0.0,4.75,8.28,0.0
20230109:0511,0.0,0.0,0.0,0.0,4.61,7.72,0.0
20230109:0611,0.0,0.0,0.0,0.0,4.41,6.9,0.0
20230109:0711,0.0,0.0,0.0,0.0,4.03,7.31,0.0
20230109:0811,0.0,0.0,0.0,0.0,3.58,6.28,0.0
20230109:0911,0.0,16.0,0.0,3.17,3.25,5.31,0.0
20230109:1011,46.01,38.0,0.0,6.83,3.57,4.83,0.0
20230109:1111,75.01,46.0,0.0,8.78,4.34,4.21,0.0
20230109:1211,0.0,42.0,0.0,8.85,4.63,3.79,0.0
20230109:1311,0.0,15.0,0.0,7.05,4.7,3.59,0.0
20230109:1411,7.0,18.38,0.0,3.52,4.62,3.52,0.0
20230109:1511,0.0,0.0,0.0,0.0,4.13,3.52,0.0
20230109:1611,0.0,0.0,0.0,0.0,3.87,3.66,0.0
20230109:1711,0.0,0.0,0.0,0.0,3.8,3.66,0.0
20230109:1811,0.0,0.0,0.0,0.0,3.64,3.38,0.0
20230109:1911,0.0,0.0,0.0,0.0,4.09,2.62,0.0
20230109:2011,0.0,0.0,0.0,0.0,4.11,2.76,0.0
20230109:2111,0.0,0.0,0.0,0.0,3.96,2.83,0.0
20230109:2211,0.0,0.0,0.0,0.0,3.59,2.83,0.0
20230109:2311,0.0,0.0,0.0,0.0,3.61,2.69,0.0
20230110:0011,0.0,0.0,0.0,0.0,3.75,2.62,0.0
20230110:0111,0.0,0.0,0.0,0.0,3.96,2.62,0.0
20230110:0211,0.0,0.0,0.0,0.0,3.69,2.69,0.0
20230110:0311,0.0,0.0,0.0,0.0,3.79,2.76,0.0
20230110:0411,0.0,0.0,0.0,0.0,3.61,2.97,0.0
20230110:0511,0.0,0.0,0.0,0.0,3.83,3.17,0.0
20230110:0611,0.0,0.0,0.0,0.0,4.02,3.31,0.0
20230110:0711,0.0,0.0,0.0,0.0,4.46,3.72,0.0
20230110:0811,0.0,0.0,0.0,0.0,4.5,4.0,0.0
20230110:0911,0.0,15.0,0.0,3.28,4.7,4.0,0.0
20230110:1011,0.0,33.0,0.0,6.96,4.9,3.93,0.0
20230110:1111,26.0,64.0,0.0,8.92,5.16,4.07,0.0
20230110:1211,5.0,59.0,0.0,9.01,5.47,4.69,0.0
20230110:1311,27.0,48.0,0.0,7.21,5.45,5.03,0.0
20230110:1411,16.0,16.47,0.0,3.68,5.37,5.45,0.0
20230110:1511,0.0,0.0,0.0,0.0,5.17,5.93,0.0
20230110:1611,0.0,0.0,0.0,0.0,5.06,6.34,0.0
20230110:1711,0.0,0.0,0.0,0.0,4.96,6.9,0.0
20230110:1811,0.0,0.0,0.0,0.0,4.86,7.24,0.0
20230110:1911,0.0,0.0,0.0,0.0,4.99,8.0,0.0
20230110:2011,0.0,0.0,0.0,0.0,4.98,8.69,0.0
20230110:2111,0.0,0.0,0.0,0.0,4.38,9.72,0.0
20230110:2211,0.0,0.0,0.0,0.0,4.21,10.55,0.0
20230110:2311,0.0,0.0,0.0,0.0,3.98,11.24,0.0
20230111:0011,0.0,0.0,0.0,0.0,3.83,11.66,0.0
20230111:0111,0.0,0.0,0.0,0.0,4.03,10.69,0.0
20230111:0211,0.0,0.0,0.0,0.0,4.61,8.97,0.0
20230111:0311,0.0,0.0,0.0,0.0,5.79,6.69,0.0
20230111:0411,0.0,0.0,0.0,0.0,6.54,8.34,0.0
20230111:0511,0.0,0.0,0.0,0.0,7.04,7.31,0.0
20230111:0611,0.0,0.0,0.0,0.0,6.81,6.9,0.0
20230111:0711,0.0,0.0,0.0,0.0,6.27,7.24,0.0
20230111:0811,0.0,0.0,0.0,0.0,5.89,7.45,0.0
20230111:0911,0.0,3.0,0.0,3.39,5.58,7.45,0.0
20230111:1011,15.0,49.0,0.0,7.09,5.73,7.45,0.0
20230111:1111,4.0,57.0,0.0,9.06,5.62,8.41,0.0
20230111:1211,1.0,49.0,0.0,9.16,5.44,8.97,0.0
20230111:1311,0.0,8.0,0.0,7.38,5.33,8.76,0.0
20230111:1411,0.0,4.0,0.0,3.86,5.31,8.83,0.0
20230111:1511,0.0,0.0,0.0,0.0,5.23,8.62,0.0
20230111:1611,0.0,0.0,0.0,0.0,5.28,8.14,0.0
20230111:1711,0.0,0.0,0.0,0.0,5.17,7.59,0.0
20230111:1811,0.0,0.0,0.0,0.0,5.05,7.59,0.0
20230111:1911,0.0,0.0,0.0,0.0,5.13,6.76,0.0
20230111:2011,0.0,0.0,0.0,0.0,5.02,6.28,0.0
20230111:2111,0.0,0.0,0.0,0.0,5.1,5.79,0.0
20230111:2211,0.0,0.0,0.0,0.0,4.86,5.31,0.0
20230111:2311,0.0,0.0,0.0,0.0,4.97,5.45,0.0
20230112:0011,0.0,0.0,0.0,0.0,5.02,4.9,0.0
20230112:0111,0.0,0.0,0.0,0.0,4.89,4.62,0.0
20230112:0211,0.0,0.0,0.0,0.0,4.79,4.28,0.0
20230112:0311,0.0,0.0,0.0,0.0,4.77,3.72,0.0
20230112:0411,0.0,0.0,0.0,0.0,4.59,3.31,0.0
20230112:0511,0.0,0.0,0.0,0.0,4.51,3.72,0.0
20230112:0611,0.0,0.0,0.0,0.0,4.27,3.79,0.0
20230112:0711,0.0,0.0,0.0,0.0,4.0,3.86,0.0
20230112:0811,0.0,0.0,0.0,0.0,3.97,3.86,0.0
20230112:0911,0.0,3.0,0.0,3.51,4.11,3.59,0.0
20230112:1011,0.0,11.0,0.0,7.22,4.26,3.1,0.0
20230112:1111,1.0,49.0,0.0,9.21,4.41,2.83,0.0
20230112:1211,1.0,51.0,0.0,9.33,4.58,2.48,0.0
20230112:1311,0.0,22.0,0.0,7.55,4.73,2.14,0.0
20230112:1411,4.0,22.07,0.0,4.04,4.84,1.86,0.0
20230112:1511,0.0,0.0,0.0,0.0,4.57,1.93,0.0
20230112:1611,0.0,0.0,0.0,0.0,4.31,2.28,0.0
20230112:1711,0.0,0.0,0.0,0.0,4.16,2.83,0.0
20230112:1811,0.0,0.0,0.0,0.0,4.24,3.38,0.0
20230112:1911,0.0,0.0,0.0,0.0,4.31,4.14,0.0
20230112:2011,0.0,0.0,0.0,0.0,4.11,4.76,0.0
20230112:2111,0.0,0.0,0.0,0.0,3.8,5.38,0.0
20230112:2211,0.0,0.0,0.0,0.0,3.86,5.66,0.0
20230112:2311,0.0,0.0,0.0,0.0,3.27,6.21,0.0
20230113:0011,0.0,0.0,0.0,0.0,3.34,6.28,0.0
20230113:0111,0.0,0.0,0.0,0.0,4.09,5.03,0.0
20230113:0211,0.0,0.0,0.0,0.0,4.22,4.34,0.0
20230113:0311,0.0,0.0,0.0,0.0,4.35,4.14,0.0
20230113:0411,0.0,0.0,0.0,0.0,4.2,4.34,0.0
20230113:0511,0.0,0.0,0.0,0.0,4.17,4.41,0.0
20230113:0611,0.0,0.0,0.0,0.0,4.11,4.34,0.0
20230113:0711,0.0,0.0,0.0,0.0,3.78,4.28,0.0
20230113:0811,0.0,0.0,0.0,0.0,3.75,4.14,0.0
20230113:0911,0.0,20.0,0.0,3.64,3.31,3.66,0.0
20230113:1011,0.0,26.0,0.0,7.37,3.24,3.03,0.0
20230113:1111,0.0,24.0,0.0,9.37,3.29,2.83,0.0
20230113:1211,0.0,45.0,0.0,9.5,3.27,2.9,0.0
20230113:1311,12.0,53.0,0.0,7.73,3.1,3.17,0.0
20230113:1411,6.0,23.56,0.0,4.22,2.9,3.31,0.0
20230113:1511,0.0,0.0,0.0,0.0,2.78,3.24,0.0
20230113:1611,0.0,0.0,0.0,0.0,2.89,3.38,0.0
20230113:1711,0.0,0.0,0.0,0.0,2.89,3.59,0.0
20230113:1811,0.0,0.0,0.0,0.0,2.88,3.79,0.0
20230113:1911,0.0,0.0,0.0,0.0,3.25,4.21,0.0
20230113:2011,0.0,0.0,0.0,0.0,3.51,3.79,0.0
20230113:2111,0.0,0.0,0.0,0.0,3.7,3.93,0.0
20230113:2211,0.0,0.0,0.0,0.0,3.69,4.0,0.0
20230113:2311,0.0,0.0,0.0,0.0,3.7,3.86,0.0
20230114:0011,0.0,0.0,0.0,0.0,3.74,3.66,0.0
20230114:0111,0.0,0.0,0.0,0.0,3.9,3.59,0.0
20230114:0211,0.0,0.0,0.0,0.0,3.84,3.38,0.0
20230114:0311,0.0,0.0,0.0,0.0,3.75,3.1,0.0
20230114:0411,0.0,0.0,0.0,0.0,3.71,2.76,0.0
20230114:0511,0.0,0.0,0.0,0.0,3.7,2.07,0.0
20230114:0611,0.0,0.0,0.0,0.0,3.35,0.9,0.0
20230114:0711,0.0,0.0,0.0,0.0,2.83,0.97,0.0
20230114:0811,0.0,0.0,0.0,0.0,2.69,2.41,0.0
20230114:0911,0.0,16.0,0.0,3.78,2.39,3.45,0.0
20230114:1011,1.0,37.0,0.0,7.52,2.6,4.28,0.0
20230114:1111,1.0,48.0,0.0,9.54,2.73,4.83,0.0
20230114:1211,0.0,40.0,0.0,9.68,2.94,5.38,0.0
20230114:1311,0.0,16.0,0.0,7.92,3.02,5.86,0.0
20230114:1411,0.0,16.0,0.0,4.41,3.03,6.34,0.0
20230114:1511,0.0,0.0,0.0,0.0,2.65,6.9,0.0
20230114:1611,0.0,0.0,0.0,0.0,2.55,7.93,0.0
20230114:1711,0.0,0.0,0.0,0.0,2.44,8.62,0.0
20230114:1811,0.0,0.0,0.0,0.0,2.37,8.76,0.0
20230114:1911,0.0,0.0,0.0,0.0,2.43,9.17,0.0
20230114:2011,0.0,0.0,0.0,0.0,2.52,9.03,0.0
20230114:2111,0.0,0.0,0.0,0.0,2.51,8.83,0.0
20230114:2211,0.0,0.0,0.0,0.0,2.44,8.55,0.0
20230114:2311,0.0,0.0,0.0,0.0,2.57,6.48,0.0
20230115:0011,0.0,0.0,0.0,0.0,2.74,5.38,0.0
20230115:0111,0.0,0.0,0.0,0.0,2.67,5.24,0.0
20230115:0211,0.0,0.0,0.0,0.0,2.82,5.45,0.0
20230115:0311,0.0,0.0,0.0,0.0,3.0,5.45,0.0
20230115:0411,0.0,0.0,0.0,0.0,3.03,5.45,0.0
20230115:0511,0.0,0.0,0.0,0.0,3.01,5.45,0.0
20230115:0611,0.0,0.0,0.0,0.0,2.69,4.9,0.0
20230115:0711,0.0,0.0,0.0,0.0,2.8,4.0,0.0
20230115:0811,0.0,0.0,0.0,0.0,2.54,3.31,0.0
20230115:0911,0.0,20.0,0.0,3.92,2.44,2.97,0.0
20230115:1011,7.0,51.0,0.0,7.68,2.59,2.55,0.0
20230115:1111,52.01,66.0,0.0,9.71,2.83,2.07,0.0
20230115:1211,12.0,70.0,0.0,9.86,2.92,2.41,0.0
20230115:1311,33.0,55.0,0.0,8.11,2.93,3.66,0.0
20230115:1411,24.0,19.71,0.0,4.61,2.72,4.55,0.0
20230115:1511,0.0,0.0,0.0,0.0,2.39,4.62,0.0
20230115:1611,0.0,0.0,0.0,0.0,1.91,4.97,0.0
20230115:1711,0.0,0.0,0.0,0.0,2.05,5.72,0.0
20230115:1811,0.0,0.0,0.0,0.0,2.41,6.14,0.0
20230115:1911,0.0,0.0,0.0,0.0,2.46,6.69,0.0
20230115:2011,0.0,0.0,0.0,0.0,2.25,6.83,0.0
20230115:2111,0.0,0.0,0.0,0.0,2.27,6.48,0.0
20230115:2211,0.0,0.0,0.0,0.0,2.31,6.14,0.0
20230115:2311,0.0,0.0,0.0,0.0,1.92,5.66,0.0
20230116:0011,0.0,0.0,0.0,0.0,1.88,5.1,0.0
20230116:0111,0.0,0.0,0.0,0.0,1.84,3.93,0.0
20230116:0211,0.0,0.0,0.0,0.0,1.93,2.55,0.0
20230116:0311,0.0,0.0,0.0,0.0,1.62,1.52,0.0
20230116:0411,0.0,0.0,0.0,0.0,1.23,0.55,0.0
20230116:0511,0.0,0.0,0.0,0.0,0.71,0.55,0.0
20230116:0611,0.0,0.0,0.0,0.0,-0.62,1.1,0.0
20230116:0711,0.0,0.0,0.0,0.0,-0.56,1.31,0.0
20230116:0811,0.0,0.0,0.0,0.0,-0.48,1.79,0.0
20230116:0911,0.0,17.0,0.0,4.07,-0.32,1.79,0.0
20230116:1011,24.0,56.0,0.0,7.85,0.24,1.66,0.0
20230116:1111,64.01,63.0,0.0,9.89,0.83,2.0,0.0
20230116:1211,46.0,71.0,0.0,10.05,1.02,2.21,0.0
20230116:1311,6.0,54.0,0.0,8.31,1.07,2.21,0.0
20230116:1411,0.0,20.0,0.0,4.81,0.92,1.66,0.0
20230116:1511,0.0,0.0,0.0,0.0,0.75,1.17,0.0
20230116:1611,0.0,0.0,0.0,0.0,-0.17,0.69,0.0
20230116:1711,0.0,0.0,0.0,0.0,-0.52,0.83,0.0
20230116:1811,0.0,0.0,0.0,0.0,-0.9,0.9,0.0
20230116:1911,0.0,0.0,0.0,0.0,-1.4,1.17,0.0
20230116:2011,0.0,0.0,0.0,0.0,-1.29,1.17,0.0
20230116:2111,0.0,0.0,0.0,0.0,-1.31,1.52,0.0
20230116:2211,0.0,0.0,0.0,0.0,-0.95,1.72,0.0
20230116:2311,0.0,0.0,0.0,0.0,-0.73,1.86,0.0
20230117:0011,0.0,0.0,0.0,0.0,-0.25,1.86,0.0
20230117:0111,0.0,0.0,0.0,0.0,-0.41,2.07,0.0
20230117:0211,0.0,0.0,0.0,0.0,-0.22,2.28,0.0
20230117:0311,0.0,0.0,0.0,0.0,-0.2,2.55,0.0
20230117:0411,0.0,0.0,0.0,0.0,-0.29,2.55,0.0
20230117:0511,0.0,0.0,0.0,0.0,-0.32,2.48,0.0
20230117:0611,0.0,0.0,0.0,0.0,-0.35,2.34,0.0
20230117:0711,0.0,0.0,0.0,0.0,-0.27,2.28,0.0
20230117:0811,0.0,0.0,0.0,0.0,-0.39,2.41,0.0
20230117:0911,0.0,9.0,0.0,4.23,-0.3,2.21,0.0
20230117:1011,0.0,16.0,0.0,8.02,-0.08,2.34,0.0
20230117:1111,1.0,56.0,0.0,10.08,0.13,2.48,0.0
20230117:1211,0.0,47.0,0.0,10.25,0.2,2.62,0.0
20230117:1311,0.0,38.0,0.0,8.52,0.16,2.76,0.0
20230117:1411,0.0,22.0,0.0,5.02,0.06,2.62,0.0
20230117:1511,0.0,0.0,0.0,0.0,0.01,2.62,0.0
20230117:1611,0.0,0.0,0.0,0.0,0.0,2.69,0.0
20230117:1711,0.0,0.0,0.0,0.0,0.11,2.69,0.0
20230117:1811,0.0,0.0,0.0,0.0,0.15,2.69,0.0
20230117:1911,0.0,0.0,0.0,0.0,0.26,2.83,0.0
20230117:2011,0.0,0.0,0.0,0.0,0.29,2.83,0.0
20230117:2111,0.0,0.0,0.0,0.0,0.33,2.62,0.0
20230117:2211,0.0,0.0,0.0,0.0,0.3,2.28,0.0
20230117:2311,0.0,0.0,0.0,0.0,0.28,1.86,0.0
20230118:0011,0.0,0.0,0.0,0.0,0.25,1.45,0.0
20230118:0111,0.0,0.0,0.0,0.0,0.18,0.9,0.0
20230118:0211,0.0,0.0,0.0,0.0,0.27,0.34,0.0
20230118:0311,0.0,0.0,0.0,0.0,-0.29,0.69,0.0
20230118:0411,0.0,0.0,0.0,0.0,-0.13,1.24,0.0
20230118:0511,0.0,0.0,0.0,0.0,-0.02,1.52,0.0
20230118:0611,0.0,0.0,0.0,0.0,-0.1,1.66,0.0
20230118:0711,0.0,0.0,0.0,0.0,0.3,1.66,0.0
20230118:0811,0.0,0.0,0.0,0.0,0.43,1.72,0.0
20230118:0911,0.0,26.0,0.0,4.4,0.5,1.86,0.0
20230118:1011,4.0,51.0,0.0,8.2,0.67,1.86,0.0
20230118:1111,0.0,41.0,0.0,10.27,0.88,1.79,0.0
20230118:1211,0.0,47.0,0.0,10.46,1.03,1.79,0.0
20230118:1311,7.0,57.0,0.0,8.73,1.03,2.0,0.0
20230118:1411,0.0,10.0,0.0,5.23,1.09,2.0,0.0
20230118:1511,0.0,0.0,0.0,0.0,0.91,2.07,0.0
20230118:1611,0.0,0.0,0.0,0.0,0.76,1.93,0.0
20230118:1711,0.0,0.0,0.0,0.0,0.69,1.72,0.0
20230118:1811,0.0,0.0,0.0,0.0,0.65,1.38,0.0
20230118:1911,0.0,0.0,0.0,0.0,-0.64,1.66,0.0
20230118:2011,0.0,0.0,0.0,0.0,-0.59,1.45,0.0
20230118:2111,0.0,0.0,0.0,0.0,-0.39,1.59,0.0
20230118:2211,0.0,0.0,0.0,0.0,-0.3,1.45,0.0
20230118:2311,0.0,0.0,0.0,0.0,-0.6,1.31,0.0
20230119:0011,0.0,0.0,0.0,0.0,-0.73,1.45,0.0
20230119:0111,0.0,0.0,0.0,0.0,-1.05,1.45,0.0
20230119:0211,0.0,0.0,0.0,0.0,-1.48,1.24,0.0
20230119:0311,0.0,0.0,0.0,0.0,-2.43,1.1,0.0
20230119:0411,0.0,0.0,0.0,0.0,-2.83,1.17,0.0
20230119:0511,0.0,0.0,0.0,0.0,-3.27,1.38,0.0
20230119:0611,0.0,0.0,0.0,0.0,-3.59,1.52,0.0
20230119:0711,0.0,0.0,0.0,0.0,-2.94,2.21,0.0
20230119:0811,0.0,0.0,0.0,0.0,-3.1,2.21,0.0
20230119:0911,0.0,7.0,0.0,4.57,-3.24,2.07,0.0
20230119:1011,67.01,46.0,0.0,8.39,-3.41,1.86,0.0
20230119:1111,8.0,72.0,0.0,10.47,-2.52,1.52,0.0
20230119:1211,0.0,20.0,0.0,10.67,-1.79,1.45,0.0
20230119:1311,1.0,46.0,0.0,8.95,-1.48,1.52,0.0
20230119:1411,0.0,5.0,0.0,5.45,-0.42,1.79,0.0
20230119:1511,0.0,0.0,0.0,0.0,-0.29,2.41,0.0
20230119:1611,0.0,0.0,0.0,0.0,-0.32,2.9,0.0
20230119:1711,0.0,0.0,0.0,0.0,-0.43,2.97,0.0
20230119:1811,0.0,0.0,0.0,0.0,-0.7,2.83,0.0
20230119:1911,0.0,0.0,0.0,0.0,-0.62,2.48,0.0
20230119:2011,0.0,0.0,0.0,0.0,-0.79,2.55,0.0
20230119:2111,0.0,0.0,0.0,0.0,-0.8,2.48,0.0
20230119:2211,0.0,0.0,0.0,0.0,-0.79,2.34,0.0
20230119:2311,0.0,0.0,0.0,0.0,-1.11,2.14,0.0
20230120:0011,0.0,0.0,0.0,0.0,-1.47,1.93,0.0
20230120:0111,0.0,0.0,0.0,0.0,-1.82,1.79,0.0
20230120:0211,0.0,0.0,0.0,0.0,-1.86,1.72,0.0
20230120:0311,0.0,0.0,0.0,0.0,-1.93,1.59,0.0
20230120:0411,0.0,0.0,0.0,0.0,-2.12,1.52,0.0
20230120:0511,0.0,0.0,0.0,0.0,-2.46,1.38,0.0
20230120:0611,0.0,0.0,0.0,0.0,-2.09,1.31,0.0
20230120:0711,0.0,0.0,0.0,0.0,-3.01,1.45,0.0
20230120:0811,0.0,0.0,0.0,0.0,-3.13,1.45,0.0
20230120:0911,32.01,17.42,0.0,4.75,-3.47,1.52,0.0
20230120:1011,80.01,43.0,0.0,8.58,-3.72,1.59,0.0
20230120:1111,111.01,51.0,0.0,10.68,-3.47,1.52,0.0
20230120:1211,0.0,14.0,0.0,10.88,-3.01,1.52,0.0
20230120:1311,0.0,11.0,0.0,9.17,-3.19,1.66,0.0
20230120:1411,0.0,10.0,0.0,5.68,-3.31,1.66,0.0
20230120:1511,0.0,0.0,0.0,0.0,-3.83,1.79,0.0
20230120:1611,0.0,0.0,0.0,0.0,-4.76,2.0,0.0
20230120:1711,0.0,0.0,0.0,0.0,-6.01,2.0,0.0
20230120:1811,0.0,0.0,0.0,0.0,-7.11,1.79,0.0
20230120:1911,0.0,0.0,0.0,0.0,-7.9,1.86,0.0
20230120:2011,0.0,0.0,0.0,0.0,-8.29,2.07,0.0
20230120:2111,0.0,0.0,0.0,0.0,-8.36,2.34,0.0
20230120:2211,0.0,0.0,0.0,0.0,-8.66,2.28,0.0
20230120:2311,0.0,0.0,0.0,0.0,-8.77,2.21,0.0
20230121:0011,0.0,0.0,0.0,0.0,-8.62,2.48,0.0
20230121:0111,0.0,0.0,0.0,0.0,-7.86,2.83,0.0
20230121:0211,0.0,0.0,0.0,0.0,-7.15,2.83,0.0
20230121:0311,0.0,0.0,0.0,0.0,-6.43,2.83,0.0
20230121:0411,0.0,0.0,0.0,0.0,-5.41,3.03,0.0
20230121:0511,0.0,0.0,0.0,0.0,-5.12,3.1,0.0
20230121:0611,0.0,0.0,0.0,0.0,-5.04,3.31,0.0
20230121:0711,0.0,0.0,0.0,0.0,-4.07,3.86,0.0
20230121:0811,0.0,0.0,0.0,0.0,-3.67,4.0,0.0
20230121:0911,0.0,5.0,0.0,4.93,-3.46,4.14,0.0
20230121:1011,2.0,50.0,0.0,8.78,-2.76,4.07,0.0
20230121:1111,0.0,15.0,0.0,10.89,-1.87,4.0,0.0
20230121:1211,0.0,24.0,0.0,11.11,-1.18,3.93,0.0
20230121:1311,0.0,14.0,0.0,9.4,-0.73,4.07,0.0
20230121:1411,0.0,6.0,0.0,5.91,-0.59,4.28,0.0
20230121:1511,0.0,0.0,0.0,0.0,-0.74,4.28,0.0
20230121:1611,0.0,0.0,0.0,0.0,-1.19,4.21,0.0
20230121:1711,0.0,0.0,0.0,0.0,-1.45,4.21,0.0
20230121:1811,0.0,0.0,0.0,0.0,-1.69,4.28,0.0
20230121:1911,0.0,0.0,0.0,0.0,-0.57,5.1,0.0
20230121:2011,0.0,0.0,0.0,0.0,-0.6,5.31,0.0
20230121:2111,0.0,0.0,0.0,0.0,-0.69,5.59,0.0
20230121:2211,0.0,0.0,0.0,0.0,-0.76,5.66,0.0
20230121:2311,0.0,0.0,0.0,0.0,-0.74,5.45,0.0
20230122:0011,0.0,0.0,0.0,0.0,-0.73,5.52,0.0
20230122:0111,0.0,0.0,0.0,0.0,-0.73,5.45,0.0
20230122:0211,0.0,0.0,0.0,0.0,-0.81,5.24,0.0
20230122:0311,0.0,0.0,0.0,0.0,-0.79,5.38,0.0
20230122:0411,0.0,0.0,0.0,0.0,-0.71,5.59,0.0
20230122:0511,0.0,0.0,0.0,0.0,-0.63,5.79,0.0
20230122:0611,0.0,0.0,0.0,0.0,-0.55,5.79,0.0
20230122:0711,0.0,0.0,0.0,0.0,-0.44,6.0,0.0
20230122:0811,0.0,0.0,0.0,0.0,-0.61,6.28,0.0
20230122:0911,0.0,7.0,0.0,5.12,-0.51,6.34,0.0
20230122:1011,0.0,17.0,0.0,8.98,-0.23,6.62,0.0
20230122:1111,0.0,33.0,0.0,11.11,-0.11,6.28,0.0
20230122:1211,0.0,29.0,0.0,11.34,0.05,6.28,0.0
20230122:1311,0.0,31.0,0.0,9.63,0.21,6.0,0.0
20230122:1411,0.0,10.0,0.0,6.15,0.2,5.66,0.0
20230122:1511,0.0,0.0,0.0,0.0,0.08,5.52,0.0
20230122:1611,0.0,0.0,0.0,0.0,0.06,5.93,0.0
20230122:1711,0.0,0.0,0.0,0.0,0.01,5.93,0.0
20230122:1811,0.0,0.0,0.0,0.0,-0.25,5.59,0.0
20230122:1911,0.0,0.0,0.0,0.0,-0.04,6.07,0.0
20230122:2011,0.0,0.0,0.0,0.0,-0.14,6.48,0.0
20230122:2111,0.0,0.0,0.0,0.0,-0.14,6.55,0.0
20230122:2211,0.0,0.0,0.0,0.0,-0.13,6.07,0.0
20230122:2311,0.0,0.0,0.0,0.0,-0.22,6.14,0.0
20230123:0011,0.0,0.0,0.0,0.0,-0.21,6.34,0.0
20230123:0111,0.0,0.0,0.0,0.0,-0.23,6.28,0.0
20230123:0211,0.0,0.0,0.0,0.0,-0.08,6.21,0.0
20230123:0311,0.0,0.0,0.0,0.0,0.0,6.14,0.0
20230123:0411,0.0,0.0,0.0,0.0,0.15,6.07,0.0
20230123:0511,0.0,0.0,0.0,0.0,0.34,6.14,0.0
20230123:0611,0.0,0.0,0.0,0.0,0.6,6.14,0.0
20230123:0711,0.0,0.0,0.0,0.0,0.8,6.34,0.0
20230123:0811,0.0,0.0,0.0,0.0,1.09,6.55,0.0
20230123:0911,0.0,10.0,0.0,5.32,1.38,6.9,0.0
20230123:1011,0.0,32.0,0.0,9.2,1.74,6.83,0.0
20230123:1111,0.0,14.0,0.0,11.34,2.0,6.69,0.0
20230123:1211,0.0,14.0,0.0,11.57,2.24,6.55,0.0
20230123:1311,0.0,35.0,0.0,9.87,2.4,6.48,0.0
20230123:1411,0.0,16.0,0.0,6.39,2.53,6.41,0.0
20230123:1511,0.0,0.0,0.0,0.0,2.8,6.28,0.0
20230123:1611,0.0,0.0,0.0,0.0,3.07,6.0,0.0
20230123:1711,0.0,0.0,0.0,0.0,3.22,5.93,0.0
20230123:1811,0.0,0.0,0.0,0.0,3.42,5.93,0.0
20230123:1911,0.0,0.0,0.0,0.0,3.51,6.28,0.0
20230123:2011,0.0,0.0,0.0,0.0,3.66,6.21,0.0
20230123:2111,0.0,0.0,0.0,0.0,3.8,5.86,0.0
20230123:2211,0.0,0.0,0.0,0.0,3.93,5.38,0.0
20230123:2311,0.0,0.0,0.0,0.0,4.05,5.1,0.0
20230124:0011,0.0,0.0,0.0,0.0,4.2,5.03,0.0
20230124:0111,0.0,0.0,0.0,0.0,4.26,4.97,0.0
20230124:0211,0.0,0.0,0.0,0.0,4.32,4.69,0.0
20230124:0311,0.0,0.0,0.0,0.0,4.47,4.48,0.0
20230124:0411,0.0,0.0,0.0,0.0,4.57,4.28,0.0
20230124:0511,0.0,0.0,0.0,0.0,4.65,4.28,0.0
20230124:0611,0.0,0.0,0.0,0.0,4.72,4.14,0.0
20230124:0711,0.0,0.0,0.0,0.0,4.58,4.14,0.0
20230124:0811,0.0,0.0,0.0,0.0,4.65,4.07,0.0
20230124:0911,13.0,31.65,0.0,5.52,4.71,3.86,0.0
20230124:1011,11.0,64.0,0.0,9.42,4.74,3.79,0.0
20230124:1111,0.0,28.0,0.0,11.57,4.74,3.86,0.0
20230124:1211,0.0,25.0,0.0,11.81,4.98,3.93,0.0
20230124:1311,0.0,12.0,0.0,10.12,5.05,3.93,0.0
20230124:1411,0.0,7.0,0.0,6.63,5.02,3.86,0.0
20230124:1511,0.0,0.0,0.0,0.0,4.98,3.59,0.0
20230124:1611,0.0,0.0,0.0,0.0,4.93,3.52,0.0
20230124:1711,0.0,0.0,0.0,0.0,4.93,3.59,0.0
20230124:1811,0.0,0.0,0.0,0.0,4.97,3.52,0.0
20230124:1911,0.0,0.0,0.0,0.0,5.06,4.14,0.0
20230124:2011,0.0,0.0,0.0,0.0,5.11,4.34,0.0
20230124:2111,0.0,0.0,0.0,0.0,5.16,4.41,0.0
20230124:2211,0.0,0.0,0.0,0.0,5.22,4.41,0.0
20230124:2311,0.0,0.0,0.0,0.0,5.24,4.34,0.0
20230125:0011,0.0,0.0,0.0,0.0,5.27,4.21,0.0
20230125:0111,0.0,0.0,0.0,0.0,5.25,4.0,0.0
20230125:0211,0.0,0.0,0.0,0.0,5.32,3.86,0.0
20230125:0311,0.0,0.0,0.0,0.0,5.38,3.59,0.0
20230125:0411,0.0,0.0,0.0,0.0,5.38,3.31,0.0
20230125:0511,0.0,0.0,0.0,0.0,5.4,3.24,0.0
20230125:0611,0.0,0.0,0.0,0.0,5.4,3.38,0.0
20230125:0711,0.0,0.0,0.0,0.0,5.35,3.79,0.0
20230125:0811,0.0,0.0,0.0,0.0,5.43,4.21,0.0
20230125:0911,0.0,10.0,0.0,5.74,5.64,4.41,0.0
20230125:1011,0.0,23.0,0.0,9.64,5.82,4.34,0.0
20230125:1111,0.0,23.0,0.0,11.81,5.94,3.93,0.0
20230125:1211,0.0,33.0,0.0,12.06,5.96,4.0,0.0
20230125:1311,6.0,67.0,0.0,10.37,5.79,3.52,0.0
20230125:1411,11.0,45.0,0.0,6.88,5.44,3.45,0.0
20230125:1511,0.0,1.0,0.0,1.86,5.1,3.45,0.0
20230125:1611,0.0,0.0,0.0,0.0,4.71,3.24,0.0
20230125:1711,0.0,0.0,0.0,0.0,4.63,3.52,0.0
20230125:1811,0.0,0.0,0.0,0.0,4.57,4.07,0.0
20230125:1911,0.0,0.0,0.0,0.0,4.56,3.93,0.0
20230125:2011,0.0,0.0,0.0,0.0,4.42,3.93,0.0
20230125:2111,0.0,0.0,0.0,0.0,4.02,3.86,0.0
20230125:2211,0.0,0.0,0.0,0.0,3.89,3.93,0.0
20230125:2311,0.0,0.0,0.0,0.0,3.63,3.93,0.0
20230126:0011,0.0,0.0,0.0,0.0,3.8,4.28,0.0
20230126:0111,0.0,0.0,0.0,0.0,3.78,4.9,0.0
20230126:0211,0.0,0.0,0.0,0.0,3.79,5.66,0.0
20230126:0311,0.0,0.0,0.0,0.0,3.73,5.93,0.0
20230126:0411,0.0,0.0,0.0,0.0,3.56,5.45,0.0
20230126:0511,0.0,0.0,0.0,0.0,3.27,5.45,0.0
20230126:0611,0.0,0.0,0.0,0.0,2.92,5.38,0.0
20230126:0711,0.0,0.0,0.0,0.0,2.53,4.48,0.0
20230126:0811,0.0,0.0,0.0,0.0,2.31,4.14,0.0
20230126:0911,34.0,34.0,0.0,5.95,2.05,3.93,0.0
20230126:1011,54.0,66.0,0.0,9.87,2.06,3.93,0.0
20230126:1111,125.01,58.0,0.0,12.05,2.47,4.07,0.0
20230126:1211,111.01,67.0,0.0,12.31,2.7,4.34,0.0
20230126:1311,13.0,76.0,0.0,10.62,2.64,4.34,0.0
20230126:1411,0.0,17.0,0.0,7.14,2.48,4.34,0.0
20230126:1511,0.0,1.0,0.0,2.12,2.12,4.28,0.0
20230126:1611,0.0,0.0,0.0,0.0,1.51,3.93,0.0
20230126:1711,0.0,0.0,0.0,0.0,1.1,3.31,0.0
20230126:1811,0.0,0.0,0.0,0.0,0.73,2.97,0.0
20230126:1911,0.0,0.0,0.0,0.0,0.26,3.03,0.0
20230126:2011,0.0,0.0,0.0,0.0,-0.47,2.55,0.0
20230126:2111,0.0,0.0,0.0,0.0,-1.04,2.07,0.0
20230126:2211,0.0,0.0,0.0,0.0,-1.27,1.72,0.0
20230126:2311,0.0,0.0,0.0,0.0,-1.33,1.72,0.0
20230127:0011,0.0,0.0,0.0,0.0,-1.26,1.52,0.0
20230127:0111,0.0,0.0,0.0,0.0,-1.3,1.38,0.0
20230127:0211,0.0,0.0,0.0,0.0,-1.41,2.0,0.0
20230127:0311,0.0,0.0,0.0,0.0,-1.22,2.14,0.0
20230127:0411,0.0,0.0,0.0,0.0,-1.24,1.45,0.0
20230127:0511,0.0,0.0,0.0,0.0,-1.41,1.45,0.0
20230127:0611,0.0,0.0,0.0,0.0,-1.39,1.52,0.0
20230127:0711,0.0,0.0,0.0,0.0,-0.23,1.52,0.0
20230127:0811,0.0,0.0,0.0,0.0,-0.26,1.59,0.0
20230127:0911,0.0,18.0,0.0,6.18,0.0,1.79,0.0
20230127:1011,0.0,48.0,0.0,10.11,0.7,1.66,0.0
20230127:1111,4.0,78.0,0.0,12.3,1.55,1.38,0.0
20230127:1211,28.0,96.0,0.0,12.57,1.95,1.31,0.0
20230127:1311,0.0,42.0,0.0,10.89,2.29,1.45,0.0
20230127:1411,0.0,12.0,0.0,7.4,2.18,1.66,0.0
20230127:1511,0.0,2.0,0.0,2.37,2.15,1.79,0.0
20230127:1611,0.0,0.0,0.0,0.0,2.02,2.0,0.0
20230127:1711,0.0,0.0,0.0,0.0,2.07,2.07,0.0
20230127:1811,0.0,0.0,0.0,0.0,2.31,2.07,0.0
20230127:1911,0.0,0.0,0.0,0.0,2.71,2.41,0.0
20230127:2011,0.0,0.0,0.0,0.0,2.87,2.97,0.0
20230127:2111,0.0,0.0,0.0,0.0,3.17,3.31,0.0
20230127:2211,0.0,0.0,0.0,0.0,3.48,3.52,0.0
20230127:2311,0.0,0.0,0.0,0.0,3.75,3.86,0.0
20230128:0011,0.0,0.0,0.0,0.0,3.87,4.14,0.0
20230128:0111,0.0,0.0,0.0,0.0,4.07,4.41,0.0
20230128:0211,0.0,0.0,0.0,0.0,4.26,4.62,0.0
20230128:0311,0.0,0.0,0.0,0.0,4.15,4.97,0.0
20230128:0411,0.0,0.0,0.0,0.0,4.72,5.52,0.0
20230128:0511,0.0,0.0,0.0,0.0,4.94,5.86,0.0
20230128:0611,0.0,0.0,0.0,0.0,4.45,5.59,0.0
20230128:0711,0.0,0.0,0.0,0.0,4.45,5.17,0.0
20230128:0811,0.0,0.0,0.0,0.0,4.39,5.31,0.0
20230128:0911,16.0,43.0,0.0,6.4,4.41,5.24,0.0
20230128:1011,29.0,76.0,0.0,10.35,4.51,5.31,0.0
20230128:1111,52.0,93.0,0.0,12.56,4.73,5.03,0.0
20230128:1211,28.0,98.0,0.0,12.83,4.82,5.03,0.0
20230128:1311,13.0,80.0,0.0,11.15,5.02,5.03,0.0
20230128:1411,1.0,37.0,0.0,7.66,4.91,5.24,0.0
20230128:1511,0.0,2.0,0.0,2.63,4.74,5.31,0.0
20230128:1611,0.0,0.0,0.0,0.0,4.46,5.38,0.0
20230128:1711,0.0,0.0,0.0,0.0,4.1,5.45,0.0
20230128:1811,0.0,0.0,0.0,0.0,4.09,4.41,0.0
20230128:1911,0.0,0.0,0.0,0.0,3.96,3.59,0.0
20230128:2011,0.0,0.0,0.0,0.0,3.99,3.31,0.0
20230128:2111,0.0,0.0,0.0,0.0,3.96,3.79,0.0
20230128:2211,0.0,0.0,0.0,0.0,4.06,4.21,0.0
20230128:2311,0.0,0.0,0.0,0.0,4.14,4.48,0.0
20230129:0011,0.0,0.0,0.0,0.0,4.15,4.48,0.0
20230129:0111,0.0,0.0,0.0,0.0,4.34,5.17,0.0
20230129:0211,0.0,0.0,0.0,0.0,4.46,5.66,0.0
20230129:0311,0.0,0.0,0.0,0.0,4.69,5.93,0.0
20230129:0411,0.0,0.0,0.0,0.0,4.9,5.79,0.0
20230129:0511,0.0,0.0,0.0,0.0,4.95,5.52,0.0
20230129:0611,0.0,0.0,0.0,0.0,4.93,5.59,0.0
20230129:0711,0.0,0.0,0.0,0.0,4.65,5.59,0.0
20230129:0811,0.0,0.0,0.0,0.0,4.7,5.86,0.0
20230129:0911,0.0,25.0,0.0,6.64,4.3,5.86,0.0
20230129:1011,0.0,16.0,0.0,10.6,4.49,6.14,0.0
20230129:1111,0.0,16.0,0.0,12.82,4.73,6.48,0.0
20230129:1211,0.0,33.0,0.0,13.1,5.27,6.97,0.0
20230129:1311,0.0,32.0,0.0,11.42,5.59,6.9,0.0
20230129:1411,0.0,25.0,0.0,7.93,5.82,6.9,0.0
20230129:1511,0.0,2.0,0.0,2.89,5.95,7.31,0.0
20230129:1611,0.0,0.0,0.0,0.0,5.66,7.86,0.0
20230129:1711,0.0,0.0,0.0,0.0,5.94,8.83,0.0
20230129:1811,0.0,0.0,0.0,0.0,6.09,10.07,0.0
20230129:1911,0.0,0.0,0.0,0.0,5.96,9.52,0.0
20230129:2011,0.0,0.0,0.0,0.0,4.93,9.03,0.0
20230129:2111,0.0,0.0,0.0,0.0,4.08,9.79,0.0
20230129:2211,0.0,0.0,0.0,0.0,3.6,9.86,0.0
20230129:2311,0.0,0.0,0.0,0.0,3.64,9.79,0.0
20230130:0011,0.0,0.0,0.0,0.0,3.69,9.93,0.0
20230130:0111,0.0,0.0,0.0,0.0,3.36,10.07,0.0
20230130:0211,0.0,0.0,0.0,0.0,2.56,10.48,0.0
20230130:0311,0.0,0.0,0.0,0.0,2.18,9.59,0.0
20230130:0411,0.0,0.0,0.0,0.0,2.31,8.9,0.0
20230130:0511,0.0,0.0,0.0,0.0,2.61,8.76,0.0
20230130:0611,0.0,0.0,0.0,0.0,2.72,8.41,0.0
20230130:0711,0.0,0.0,0.0,0.0,3.26,7.52,0.0
20230130:0811,0.0,0.0,0.0,0.0,3.14,8.21,0.0
20230130:0911,6.0,43.0,0.0,6.88,2.83,10.28,0.0
20230130:1011,7.0,73.0,0.0,10.86,2.85,10.97,0.0
20230130:1111,0.0,49.0,0.0,13.09,2.67,11.03,0.0
20230130:1211,29.0,104.0,0.0,13.37,2.19,11.1,0.0
20230130:1311,18.0,87.0,0.0,11.7,1.85,11.1,0.0
20230130:1411,0.0,9.0,0.0,8.2,1.98,10.69,0.0
20230130:1511,4.0,15.18,0.0,3.16,1.9,10.34,0.0
20230130:1611,0.0,0.0,0.0,0.0,1.84,9.93,0.0
20230130:1711,0.0,0.0,0.0,0.0,1.81,9.38,0.0
20230130:1811,0.0,0.0,0.0,0.0,1.72,8.97,0.0
20230130:1911,0.0,0.0,0.0,0.0,1.47,8.76,0.0
20230130:2011,0.0,0.0,0.0,0.0,1.38,7.79,0.0
20230130:2111,0.0,0.0,0.0,0.0,1.31,7.17,0.0
20230130:2211,0.0,0.0,0.0,0.0,1.3,6.55,0.0
20230130:2311,0.0,0.0,0.0,0.0,1.46,5.79,0.0
20230131:0011,0.0,0.0,0.0,0.0,1.61,5.03,0.0
20230131:0111,0.0,0.0,0.0,0.0,1.83,4.07,0.0
20230131:0211,0.0,0.0,0.0,0.0,1.9,3.17,0.0
20230131:0311,0.0,0.0,0.0,0.0,1.82,2.48,0.0
20230131:0411,0.0,0.0,0.0,0.0,1.59,2.07,0.0
20230131:0511,0.0,0.0,0.0,0.0,1.46,2.83,0.0
20230131:0611,0.0,0.0,0.0,0.0,1.22,4.34,0.0
20230131:0711,0.0,0.0,0.0,0.0,1.82,5.17,0.0
20230131:0811,0.0,1.0,0.0,1.69,2.52,5.59,0.0
20230131:0911,0.0,8.0,0.0,7.13,3.28,4.07,0.0
20230131:1011,0.0,14.0,0.0,11.12,3.54,6.14,0.0
20230131:1111,0.0,17.0,0.0,13.36,3.75,8.34,0.0
20230131:1211,0.0,18.0,0.0,13.65,3.34,8.55,0.0
20230131:1311,0.0,49.0,0.0,11.98,2.69,8.69,0.0
20230131:1411,0.0,10.0,0.0,8.48,2.58,8.14,0.0
20230131:1511,0.0,3.0,0.0,3.43,2.91,8.28,0.0
20230131:1611,0.0,0.0,0.0,0.0,2.8,8.9,0.0
20230131:1711,0.0,0.0,0.0,0.0,2.88,8.97,0.0
20230131:1811,0.0,0.0,0.0,0.0,2.31,7.72,0.0
20230131:1911,0.0,0.0,0.0,0.0,2.89,8.69,0.0
20230131:2011,0.0,0.0,0.0,0.0,2.8,8.62,0.0
20230131:2111,0.0,0.0,0.0,0.0,2.77,8.76,0.0
20230131:2211,0.0,0.0,0.0,0.0,3.03,8.55,0.0
20230131:2311,0.0,0.0,0.0,0.0,3.15,8.21,0.0
20230201:0011,0.0,0.0,0.0,0.0,3.19,7.93,0.0
20230201:0111,0.0,0.0,0.0,0.0,3.2,8.21,0.0
20230201:0211,0.0,0.0,0.0,0.0,2.82,8.21,0.0
20230201:0311,0.0,0.0,0.0,0.0,2.53,7.79,0.0
20230201:0411,0.0,0.0,0.0,0.0,2.59,7.17,0.0
20230201:0511,0.0,0.0,0.0,0.0,2.69,6.9,0.0
20230201:0611,0.0,0.0,0.0,0.0,2.95,7.17,0.0
20230201:0711,0.0,0.0,0.0,0.0,3.41,6.0,0.0
20230201:0811,0.0,3.0,0.0,1.93,3.61,5.59,0.0
20230201:0911,17.0,51.0,0.0,7.38,3.44,5.79,0.0
20230201:1011,11.0,81.0,0.0,11.39,3.73,4.97,0.0
20230201:1111,0.0,41.0,0.0,13.63,3.93,2.55,0.0
20230201:1211,2.0,83.0,0.0,13.94,3.94,3.52,0.0
20230201:1311,15.0,90.0,0.0,12.26,3.84,5.93,0.0
20230201:1411,85.01,39.0,0.0,8.76,3.74,7.86,0.0
20230201:1511,0.0,9.0,0.0,3.71,3.64,7.79,0.0
20230201:1611,0.0,0.0,0.0,0.0,3.43,7.52,0.0
20230201:1711,0.0,0.0,0.0,0.0,3.09,7.31,0.0
20230201:1811,0.0,0.0,0.0,0.0,2.83,7.03,0.0
20230201:1911,0.0,0.0,0.0,0.0,3.03,6.76,0.0
20230201:2011,0.0,0.0,0.0,0.0,3.03,6.83,0.0
20230201:2111,0.0,0.0,0.0,0.0,3.1,6.55,0.0
20230201:2211,0.0,0.0,0.0,0.0,3.06,6.14,0.0
20230201:2311,0.0,0.0,0.0,0.0,3.03,5.72,0.0
20230202:0011,0.0,0.0,0.0,0.0,2.89,5.38,0.0
20230202:0111,0.0,0.0,0.0,0.0,2.64,4.76,0.0
20230202:0211,0.0,0.0,0.0,0.0,2.5,4.14,0.0
20230202:0311,0.0,0.0,0.0,0.0,2.4,3.38,0.0
20230202:0411,0.0,0.0,0.0,0.0,2.15,2.62,0.0
20230202:0511,0.0,0.0,0.0,0.0,1.83,1.93,0.0
20230202:0611,0.0,0.0,0.0,0.0,1.35,1.31,0.0
20230202:0711,0.0,0.0,0.0,0.0,1.26,1.86,0.0
20230202:0811,0.0,1.0,0.0,2.17,0.84,1.52,0.0
20230202:0911,48.0,44.0,0.0,7.64,0.62,1.38,0.0
20230202:1011,28.0,88.0,0.0,11.66,1.09,1.66,0.0
20230202:1111,54.0,106.0,0.0,13.92,1.65,1.79,0.0
20230202:1211,39.0,111.0,0.0,14.22,2.21,2.21,0.0
20230202:1311,23.0,95.0,0.0,12.55,2.51,2.55,0.0
20230202:1411,0.0,22.0,0.0,9.04,2.63,3.1,0.0
20230202:1511,0.0,8.0,0.0,3.99,2.49,3.72,0.0
20230202:1611,0.0,0.0,0.0,0.0,2.18,4.41,0.0
20230202:1711,0.0,0.0,0.0,0.0,2.04,5.1,0.0
20230202:1811,0.0,0.0,0.0,0.0,2.04,6.21,0.0
20230202:1911,0.0,0.0,0.0,0.0,2.04,8.14,0.0
20230202:2011,0.0,0.0,0.0,0.0,2.07,8.55,0.0
20230202:2111,0.0,0.0,0.0,0.0,1.52,8.55,0.0
20230202:2211,0.0,0.0,0.0,0.0,1.45,9.03,0.0
20230202:2311,0.0,0.0,0.0,0.0,1.57,9.86,0.0
20230203:0011,0.0,0.0,0.0,0.0,2.17,8.55,0.0
20230203:0111,0.0,0.0,0.0,0.0,2.28,5.52,0.0
20230203:0211,0.0,0.0,0.0,0.0,3.03,3.31,0.0
20230203:0311,0.0,0.0,0.0,0.0,3.46,7.31,0.0
20230203:0411,0.0,0.0,0.0,0.0,4.44,10.41,0.0
20230203:0511,0.0,0.0,0.0,0.0,5.27,10.69,0.0
20230203:0611,0.0,0.0,0.0,0.0,5.11,10.41,0.0
20230203:0711,0.0,0.0,0.0,0.0,5.6,9.1,0.0
20230203:0811,0.0,2.0,0.0,2.42,5.83,9.03,0.0
20230203:0911,5.0,51.0,0.0,7.9,5.64,8.69,0.0
20230203:1011,0.0,32.0,0.0,11.93,5.1,8.55,0.0
20230203:1111,0.0,41.0,0.0,14.21,4.65,7.72,0.0
20230203:1211,0.0,40.0,0.0,14.52,4.03,6.48,0.0
20230203:1311,57.0,94.0,0.0,12.84,3.75,5.52,0.0
20230203:1411,47.0,61.0,0.0,9.33,3.65,4.69,0.0
20230203:1511,0.0,17.0,0.0,4.27,3.41,4.14,0.0
20230203:1611,0.0,0.0,0.0,0.0,3.08,3.72,0.0
20230203:1711,0.0,0.0,0.0,0.0,2.69,3.03,0.0
20230203:1811,0.0,0.0,0.0,0.0,1.94,2.55,0.0
20230203:1911,0.0,0.0,0.0,0.0,1.26,1.93,0.0
20230203:2011,0.0,0.0,0.0,0.0,1.0,2.28,0.0
20230203:2111,0.0,0.0,0.0,0.0,0.83,3.24,0.0
20230203:2211,0.0,0.0,0.0,0.0,0.55,4.07,0.0
20230203:2311,0.0,0.0,0.0,0.0,0.32,4.62,0.0
20230204:0011,0.0,0.0,0.0,0.0,0.0,4.97,0.0
20230204:0111,0.0,0.0,0.0,0.0,-0.25,5.24,0.0
20230204:0211,0.0,0.0,0.0,0.0,-0.39,5.38,0.0
20230204:0311,0.0,0.0,0.0,0.0,-0.57,5.52,0.0
20230204:0411,0.0,0.0,0.0,0.0,-0.7,5.45,0.0
20230204:0511,0.0,0.0,0.0,0.0,-0.79,5.59,0.0
20230204:0611,0.0,0.0,0.0,0.0,-0.77,5.86,0.0
20230204:0711,0.0,0.0,0.0,0.0,-0.69,6.41,0.0
20230204:0811,0.0,3.0,0.0,2.68,-0.75,6.48,0.0
20230204:0911,7.0,55.0,0.0,8.17,-0.62,6.62,0.0
20230204:1011,22.0,92.0,0.0,12.22,-0.26,6.97,0.0
20230204:1111,4.0,92.0,0.0,14.5,0.1,7.24,0.0
20230204:1211,13.0,109.0,0.0,14.82,0.39,7.59,0.0
20230204:1311,5.0,85.0,0.0,13.14,0.66,8.0,0.0
20230204:1411,21.0,70.0,0.0,9.63,0.99,7.86,0.0
20230204:1511,0.0,9.0,0.0,4.55,1.23,8.28,0.0
20230204:1611,0.0,0.0,0.0,0.0,1.48,8.55,0.0
20230204:1711,0.0,0.0,0.0,0.0,1.77,8.83,0.0
20230204:1811,0.0,0.0,0.0,0.0,2.09,8.83,0.0
20230204:1911,0.0,0.0,0.0,0.0,2.68,8.62,0.0
20230204:2011,0.0,0.0,0.0,0.0,3.08,8.76,0.0
20230204:2111,0.0,0.0,0.0,0.0,3.61,8.34,0.0
20230204:2211,0.0,0.0,0.0,0.0,4.11,8.41,0.0
20230204:2311,0.0,0.0,0.0,0.0,4.01,6.83,0.0
20230205:0011,0.0,0.0,0.0,0.0,4.55,4.69,0.0
20230205:0111,0.0,0.0,0.0,0.0,3.93,7.1,0.0
20230205:0211,0.0,0.0,0.0,0.0,3.55,7.24,0.0
20230205:0311,0.0,0.0,0.0,0.0,3.71,7.52,0.0
20230205:0411,0.0,0.0,0.0,0.0,3.41,7.93,0.0
20230205:0511,0.0,0.0,0.0,0.0,3.23,8.0,0.0
20230205:0611,0.0,0.0,0.0,0.0,3.24,7.86,0.0
20230205:0711,0.0,0.0,0.0,0.0,3.7,6.69,0.0
20230205:0811,0.0,7.0,0.0,2.94,3.52,5.24,0.0
20230205:0911,70.01,42.0,0.0,8.45,3.45,4.41,0.0
20230205:1011,142.01,51.0,0.0,12.51,3.65,3.66,0.0
20230205:1111,67.0,110.0,0.0,14.8,4.17,3.24,0.0
20230205:1211,0.0,56.0,0.0,15.12,4.48,3.52,0.0
20230205:1311,0.0,18.0,0.0,13.44,4.52,3.93,0.0
20230205:1411,68.01,58.0,0.0,9.92,4.58,3.24,0.0
20230205:1511,0.0,9.0,0.0,4.84,4.49,2.76,0.0
20230205:1611,0.0,0.0,0.0,0.0,4.35,2.69,0.0
20230205:1711,0.0,0.0,0.0,0.0,4.14,2.14,0.0
20230205:1811,0.0,0.0,0.0,0.0,4.13,1.66,0.0
20230205:1911,0.0,0.0,0.0,0.0,4.13,2.9,0.0
20230205:2011,0.0,0.0,0.0,0.0,4.13,2.21,0.0
20230205:2111,0.0,0.0,0.0,0.0,4.11,2.07,0.0
20230205:2211,0.0,0.0,0.0,0.0,4.03,1.31,0.0
20230205:2311,0.0,0.0,0.0,0.0,4.01,0.55,0.0
20230206:0011,0.0,0.0,0.0,0.0,3.42,1.59,0.0
20230206:0111,0.0,0.0,0.0,0.0,3.5,2.0,0.0
20230206:0211,0.0,0.0,0.0,0.0,3.83,2.41,0.0
20230206:0311,0.0,0.0,0.0,0.0,3.84,2.83,0.0
20230206:0411,0.0,0.0,0.0,0.0,4.27,2.97,0.0
20230206:0511,0.0,0.0,0.0,0.0,4.41,2.83,0.0
20230206:0611,0.0,0.0,0.0,0.0,4.55,2.28,0.0
20230206:0711,0.0,0.0,0.0,0.0,3.97,2.62,0.0
20230206:0811,0.0,4.0,0.0,3.21,3.72,2.83,0.0
20230206:0911,0.0,37.0,0.0,8.73,3.5,3.1,0.0
20230206:1011,0.0,32.0,0.0,12.8,3.9,3.03,0.0
20230206:1111,45.0,117.0,0.0,15.1,4.06,3.03,0.0
20230206:1211,0.0,67.0,0.0,15.43,4.36,2.97,0.0
20230206:1311,0.0,67.0,0.0,13.75,4.65,2.97,0.0
20230206:1411,42.0,71.0,0.0,10.22,4.6,3.03,0.0
20230206:1511,0.0,9.0,0.0,5.13,4.12,2.9,0.0
20230206:1611,0.0,0.0,0.0,0.0,3.57,2.97,0.0
20230206:1711,0.0,0.0,0.0,0.0,3.08,3.24,0.0
20230206:1811,0.0,0.0,0.0,0.0,3.04,3.66,0.0
20230206:1911,0.0,0.0,0.0,0.0,3.74,3.93,0.0
20230206:2011,0.0,0.0,0.0,0.0,3.96,4.21,0.0
20230206:2111,0.0,0.0,0.0,0.0,4.12,4.28,0.0
20230206:2211,0.0,0.0,0.0,0.0,4.34,4.28,0.0
20230206:2311,0.0,0.0,0.0,0.0,4.46,4.41,0.0
20230207:0011,0.0,0.0,0.0,0.0,4.67,4.55,0.0
20230207:0111,0.0,0.0,0.0,0.0,4.74,4.21,0.0
20230207:0211,0.0,0.0,0.0,0.0,4.68,4.14,0.0
20230207:0311,0.0,0.0,0.0,0.0,4.56,4.0,0.0
20230207:0411,0.0,0.0,0.0,0.0,4.54,4.14,0.0
20230207:0511,0.0,0.0,0.0,0.0,4.43,4.0,0.0
20230207:0611,0.0,0.0,0.0,0.0,4.35,3.45,0.0
20230207:0711,0.0,0.0,0.0,0.0,4.11,3.17,0.0
20230207:0811,0.0,3.0,0.0,3.48,4.07,3.31,0.0
20230207:0911,0.0,20.0,0.0,9.01,4.22,3.38,0.0
20230207:1011,0.0,22.0,0.0,13.1,4.56,3.24,0.0
20230207:1111,1.0,87.0,0.0,15.41,4.96,2.97,0.0
20230207:1211,0.0,36.0,0.0,15.74,5.4,2.69,0.0
20230207:1311,0.0,50.0,0.0,14.06,5.56,2.55,0.0
20230207:1411,0.0,42.0,0.0,10.52,5.66,2.48,0.0
20230207:1511,0.0,7.0,0.0,5.42,5.54,2.62,0.0
20230207:1611,0.0,0.0,0.0,0.0,5.46,2.97,0.0
20230207:1711,0.0,0.0,0.0,0.0,5.44,3.31,0.0
20230207:1811,0.0,0.0,0.0,0.0,5.46,3.59,0.0
20230207:1911,0.0,0.0,0.0,0.0,5.49,3.38,0.0
20230207:2011,0.0,0.0,0.0,0.0,5.51,3.52,0.0
20230207:2111,0.0,0.0,0.0,0.0,5.51,3.52,0.0
20230207:2211,0.0,0.0,0.0,0.0,5.47,3.38,0.0
20230207:2311,0.0,0.0,0.0,0.0,5.42,3.24,0.0
20230208:0011,0.0,0.0,0.0,0.0,5.31,3.1,0.0
20230208:0111,0.0,0.0,0.0,0.0,5.23,2.97,0.0
20230208:0211,0.0,0.0,0.0,0.0,5.2,3.17,0.0
20230208:0311,0.0,0.0,0.0,0.0,5.16,3.72,0.0
20230208:0411,0.0,0.0,0.0,0.0,5.13,4.14,0.0
20230208:0511,0.0,0.0,0.0,0.0,5.14,4.48,0.0
20230208:0611,0.0,0.0,0.0,0.0,5.22,4.9,0.0
20230208:0711,0.0,0.0,0.0,0.0,5.07,5.45,0.0
20230208:0811,0.0,3.0,0.0,3.76,5.16,5.45,0.0
20230208:0911,0.0,26.0,0.0,9.3,5.35,5.59,0.0
20230208:1011,0.0,18.0,0.0,13.4,5.58,6.21,0.0
20230208:1111,0.0,22.0,0.0,15.72,5.7,6.97,0.0
20230208:1211,0.0,22.0,0.0,16.05,5.63,7.45,0.0
20230208:1311,0.0,19.0,0.0,14.37,5.56,7.72,0.0
20230208:1411,0.0,19.0,0.0,10.83,5.36,8.0,0.0
20230208:1511,0.0,16.0,0.0,5.72,5.15,7.93,0.0
20230208:1611,0.0,0.0,0.0,0.0,4.91,8.28,0.0
20230208:1711,0.0,0.0,0.0,0.0,4.7,8.69,0.0
20230208:1811,0.0,0.0,0.0,0.0,4.5,9.1,0.0
20230208:1911,0.0,0.0,0.0,0.0,4.65,9.1,0.0
20230208:2011,0.0,0.0,0.0,0.0,4.5,8.97,0.0
20230208:2111,0.0,0.0,0.0,0.0,4.5,8.69,0.0
20230208:2211,0.0,0.0,0.0,0.0,4.76,8.0,0.0
20230208:2311,0.0,0.0,0.0,0.0,5.26,8.55,0.0
20230209:0011,0.0,0.0,0.0,0.0,5.64,8.9,0.0
20230209:0111,0.0,0.0,0.0,0.0,5.5,8.48,0.0
20230209:0211,0.0,0.0,0.0,0.0,4.31,7.03,0.0
20230209:0311,0.0,0.0,0.0,0.0,3.57,5.59,0.0
20230209:0411,0.0,0.0,0.0,0.0,3.42,6.55,0.0
20230209:0511,0.0,0.0,0.0,0.0,3.52,6.34,0.0
20230209:0611,0.0,0.0,0.0,0.0,3.72,7.52,0.0
20230209:0711,0.0,0.0,0.0,0.0,3.97,8.07,0.0
20230209:0811,0.0,9.0,0.0,4.04,3.96,8.34,0.0
20230209:0911,7.0,65.0,0.0,9.6,4.09,8.34,0.0
20230209:1011,2.0,83.0,0.0,13.71,4.31,8.83,0.0
20230209:1111,0.0,52.0,0.0,16.03,3.78,9.86,0.0
20230209:1211,0.0,34.0,0.0,16.37,3.64,9.72,0.0
20230209:1311,2.0,87.0,0.0,14.69,3.7,10.28,0.0
20230209:1411,0.0,36.0,0.0,11.14,3.52,11.52,0.0
20230209:1511,47.01,28.0,0.0,6.02,3.06,11.31,0.0
20230209:1611,0.0,0.0,0.0,0.0,2.82,10.41,0.0
20230209:1711,0.0,0.0,0.0,0.0,2.5,10.0,0.0
20230209:1811,0.0,0.0,0.0,0.0,2.07,10.07,0.0
20230209:1911,0.0,0.0,0.0,0.0,2.31,9.03,0.0
20230209:2011,0.0,0.0,0.0,0.0,2.32,8.55,0.0
20230209:2111,0.0,0.0,0.0,0.0,2.4,8.28,0.0
20230209:2211,0.0,0.0,0.0,0.0,2.21,8.07,0.0
20230209:2311,0.0,0.0,0.0,0.0,1.95,7.66,0.0
20230210:0011,0.0,0.0,0.0,0.0,1.84,6.97,0.0
20230210:0111,0.0,0.0,0.0,0.0,1.79,6.0,0.0
20230210:0211,0.0,0.0,0.0,0.0,1.66,5.1,0.0
20230210:0311,0.0,0.0,0.0,0.0,1.56,4.28,0.0
20230210:0411,0.0,0.0,0.0,0.0,1.51,4.0,0.0
20230210:0511,0.0,0.0,0.0,0.0,1.66,3.17,0.0
20230210:0611,0.0,0.0,0.0,0.0,1.83,2.48,0.0
20230210:0711,0.0,0.0,0.0,0.0,1.23,1.17,0.0
20230210:0811,0.0,5.0,0.0,4.33,1.43,2.97,0.0
20230210:0911,0.0,16.0,0.0,9.9,1.84,4.9,0.0
20230210:1011,0.0,71.0,0.0,14.02,2.47,6.34,0.0
20230210:1111,0.0,35.0,0.0,16.36,3.16,6.07,0.0
20230210:1211,0.0,30.0,0.0,16.7,3.55,6.83,0.0
20230210:1311,0.0,33.0,0.0,15.01,4.27,7.52,0.0
20230210:1411,0.0,18.0,0.0,11.45,4.79,7.72,0.0
20230210:1511,0.0,14.0,0.0,6.32,5.23,8.0,0.0
20230210:1611,0.0,0.0,0.0,0.0,5.62,8.76,0.0
20230210:1711,0.0,0.0,0.0,0.0,6.2,9.24,0.0
20230210:1811,0.0,0.0,0.0,0.0,6.51,8.41,0.0
20230210:1911,0.0,0.0,0.0,0.0,6.58,7.66,0.0
20230210:2011,0.0,0.0,0.0,0.0,6.67,7.31,0.0
20230210:2111,0.0,0.0,0.0,0.0,6.63,7.03,0.0
20230210:2211,0.0,0.0,0.0,0.0,6.72,6.21,0.0
20230210:2311,0.0,0.0,0.0,0.0,6.47,6.21,0.0
20230211:0011,0.0,0.0,0.0,0.0,6.54,6.97,0.0
20230211:0111,0.0,0.0,0.0,0.0,6.52,8.0,0.0
20230211:0211,0.0,0.0,0.0,0.0,6.48,8.07,0.0
20230211:0311,0.0,0.0,0.0,0.0,6.37,8.21,0.0
20230211:0411,0.0,0.0,0.0,0.0,6.38,8.28,0.0
20230211:0511,0.0,0.0,0.0,0.0,6.39,8.07,0.0
20230211:0611,0.0,0.0,0.0,0.0,6.29,7.72,0.0
20230211:0711,0.0,0.0,0.0,0.0,6.35,7.31,0.0
20230211:0811,25.0,17.91,0.0,4.62,6.34,7.59,0.0
20230211:0911,58.0,65.0,0.0,10.21,6.42,7.31,0.0
20230211:1011,38.0,110.0,0.0,14.34,6.48,7.03,0.0
20230211:1111,13.0,121.0,0.0,16.68,6.59,6.69,0.0
20230211:1211,2.0,99.0,0.0,17.02,6.81,6.28,0.0
20230211:1311,114.01,95.0,0.0,15.33,6.84,5.79,0.0
20230211:1411,9.0,80.0,0.0,11.76,6.72,4.55,0.0
20230211:1511,0.0,11.0,0.0,6.62,6.6,3.24,0.0
20230211:1611,0.0,0.0,0.0,0.0,6.42,1.93,0.0
20230211:1711,0.0,0.0,0.0,0.0,6.2,1.93,0.0
20230211:1811,0.0,0.0,0.0,0.0,6.18,2.62,0.0
20230211:1911,0.0,0.0,0.0,0.0,6.29,3.31,0.0
20230211:2011,0.0,0.0,0.0,0.0,6.43,4.14,0.0
20230211:2111,0.0,0.0,0.0,0.0,6.48,4.48,0.0
20230211:2211,0.0,0.0,0.0,0.0,6.4,4.28,0.0
20230211:2311,0.0,0.0,0.0,0.0,6.3,3.86,0.0
20230212:0011,0.0,0.0,0.0,0.0,6.16,3.72,0.0
20230212:0111,0.0,0.0,0.0,0.0,6.08,3.79,0.0
20230212:0211,0.0,0.0,0.0,0.0,6.08,3.66,0.0
20230212:0311,0.0,0.0,0.0,0.0,6.07,3.1,0.0
20230212:0411,0.0,0.0,0.0,0.0,6.04,2.76,0.0
20230212:0511,0.0,0.0,0.0,0.0,6.01,2.55,0.0
20230212:0611,0.0,0.0,0.0,0.0,5.99,2.21,0.0
20230212:0711,0.0,0.0,0.0,0.0,5.75,1.72,0.0
20230212:0811,5.0,27.79,0.0,4.92,5.54,1.45,0.0
20230212:0911,45.0,73.0,0.0,10.52,6.03,1.59,0.0
20230212:1011,13.0,106.0,0.0,14.66,6.54,2.07,0.0
20230212:1111,5.0,113.0,0.0,17.01,6.71,2.55,0.0
20230212:1211,0.0,73.0,0.0,17.35,6.87,2.9,0.0
20230212:1311,48.0,122.0,0.0,15.66,6.67,2.76,0.0
20230212:1411,1.0,63.0,0.0,12.08,6.54,2.62,0.0
20230212:1511,0.0,19.0,0.0,6.93,6.35,2.76,0.0
20230212:1611,0.0,0.0,0.0,0.0,6.03,3.1,0.0
20230212:1711,0.0,0.0,0.0,0.0,5.79,3.1,0.0
20230212:1811,0.0,0.0,0.0,0.0,5.74,3.17,0.0
20230212:1911,0.0,0.0,0.0,0.0,5.75,2.97,0.0
20230212:2011,0.0,0.0,0.0,0.0,5.69,2.9,0.0
20230212:2111,0.0,0.0,0.0,0.0,5.56,2.83,0.0
20230212:2211,0.0,0.0,0.0,0.0,5.55,2.76,0.0
20230212:2311,0.0,0.0,0.0,0.0,5.43,2.9,0.0
20230213:0011,0.0,0.0,0.0,0.0,5.48,3.03,0.0
20230213:0111,0.0,0.0,0.0,0.0,5.48,3.03,0.0
20230213:0211,0.0,0.0,0.0,0.0,5.5,2.97,0.0
20230213:0311,0.0,0.0,0.0,0.0,5.37,2.83,0.0
20230213:0411,0.0,0.0,0.0,0.0,5.34,2.76,0.0
20230213:0511,0.0,0.0,0.0,0.0,5.29,2.69,0.0
20230213:0611,0.0,0.0,0.0,0.0,5.21,2.55,0.0
20230213:0711,0.0,0.0,0.0,0.0,5.27,2.28,0.0
20230213:0811,15.0,28.24,0.0,5.22,5.27,1.72,0.0
20230213:0911,103.01,51.0,0.0,10.83,5.43,1.31,0.0
20230213:1011,101.01,99.0,0.0,14.98,5.72,0.9,0.0
20230213:1111,3.0,108.0,0.0,17.34,5.96,1.03,0.0
20230213:1211,0.0,38.0,0.0,17.69,6.15,1.45,0.0
20230213:1311,0.0,65.0,0.0,15.99,6.31,1.79,0.0
20230213:1411,0.0,36.0,0.0,12.4,6.19,1.72,0.0
20230213:1511,0.0,23.0,0.0,7.24,5.95,1.45,0.0
20230213:1611,0.0,0.0,0.0,0.0,5.55,1.31,0.0
20230213:1711,0.0,0.0,0.0,0.0,5.2,0.97,0.0
20230213:1811,0.0,0.0,0.0,0.0,4.98,0.97,0.0
20230213:1911,0.0,0.0,0.0,0.0,4.95,1.38,0.0
20230213:2011,0.0,0.0,0.0,0.0,4.81,1.52,0.0
20230213:2111,0.0,0.0,0.0,0.0,4.8,1.79,0.0
20230213:2211,0.0,0.0,0.0,0.0,4.54,2.14,0.0
20230213:2311,0.0,0.0,0.0,0.0,4.4,2.41,0.0
20230214:0011,0.0,0.0,0.0,0.0,4.2,2.62,0.0
20230214:0111,0.0,0.0,0.0,0.0,4.11,2.69,0.0
20230214:0211,0.0,0.0,0.0,0.0,3.96,2.9,0.0
20230214:0311,0.0,0.0,0.0,0.0,3.84,3.1,0.0
20230214:0411,0.0,0.0,0.0,0.0,3.72,3.38,0.0
20230214:0511,0.0,0.0,0.0,0.0,3.71,3.59,0.0
20230214:0611,0.0,0.0,0.0,0.0,3.61,3.66,0.0
20230214:0711,0.0,0.0,0.0,0.0,3.81,3.66,0.0
20230214:0811,0.0,12.0,0.0,5.53,3.87,3.93,0.0
20230214:0911,0.0,30.0,0.0,11.15,4.11,4.28,0.0
20230214:1011,0.0,37.0,0.0,15.31,4.6,4.69,0.0
20230214:1111,0.0,38.0,0.0,17.68,5.03,4.76,0.0
20230214:1211,0.0,26.0,0.0,18.03,5.44,5.1,0.0
20230214:1311,0.0,43.0,0.0,16.32,5.7,5.03,0.0
20230214:1411,0.0,30.0,0.0,12.72,5.71,5.31,0.0
20230214:1511,11.0,51.0,0.0,7.55,5.69,5.17,0.0
20230214:1611,0.0,0.0,0.0,0.0,5.37,4.97,0.0
20230214:1711,0.0,0.0,0.0,0.0,5.06,4.97,0.0
20230214:1811,0.0,0.0,0.0,0.0,4.9,4.97,0.0
20230214:1911,0.0,0.0,0.0,0.0,4.75,4.83,0.0
20230214:2011,0.0,0.0,0.0,0.0,4.75,4.62,0.0
20230214:2111,0.0,0.0,0.0,0.0,4.68,4.48,0.0
20230214:2211,0.0,0.0,0.0,0.0,4.67,4.34,0.0
20230214:2311,0.0,0.0,0.0,0.0,4.69,4.34,0.0
20230215:0011,0.0,0.0,0.0,0.0,4.57,4.21,0.0
20230215:0111,0.0,0.0,0.0,0.0,4.4,4.21,0.0
20230215:0211,0.0,0.0,0.0,0.0,4.21,4.34,0.0
20230215:0311,0.0,0.0,0.0,0.0,4.09,4.34,0.0
20230215:0411,0.0,0.0,0.0,0.0,3.92,4.69,0.0
20230215:0511,0.0,0.0,0.0,0.0,3.85,4.9,0.0
20230215:0611,0.0,0.0,0.0,0.0,3.91,4.83,0.0
20230215:0711,0.0,0.0,0.0,0.0,4.35,5.17,0.0
20230215:0811,0.0,8.0,0.0,5.84,4.45,5.24,0.0
20230215:0911,8.0,77.0,0.0,11.47,4.74,5.38,0.0
20230215:1011,94.01,108.0,0.0,15.65,5.31,5.72,0.0
20230215:1111,31.0,142.0,0.0,18.02,5.67,6.14,0.0
20230215:1211,33.0,145.0,0.0,18.37,5.82,6.83,0.0
20230215:1311,210.01,60.0,0.0,16.66,5.74,6.48,0.0
20230215:1411,1.0,72.0,0.0,13.05,5.57,6.55,0.0
20230215:1511,6.0,49.0,0.0,7.86,5.4,7.17,0.0
20230215:1611,0.0,0.0,0.0,0.0,5.07,7.52,0.0
20230215:1711,0.0,0.0,0.0,0.0,4.69,7.59,0.0
20230215:1811,0.0,0.0,0.0,0.0,4.42,7.52,0.0
20230215:1911,0.0,0.0,0.0,0.0,4.52,6.97,0.0
20230215:2011,0.0,0.0,0.0,0.0,4.5,6.55,0.0
20230215:2111,0.0,0.0,0.0,0.0,4.64,6.21,0.0
20230215:2211,0.0,0.0,0.0,0.0,4.77,5.59,0.0
20230215:2311,0.0,0.0,0.0,0.0,4.99,4.69,0.0
20230216:0011,0.0,0.0,0.0,0.0,5.2,4.0,0.0
20230216:0111,0.0,0.0,0.0,0.0,5.29,3.86,0.0
20230216:0211,0.0,0.0,0.0,0.0,5.37,4.0,0.0
20230216:0311,0.0,0.0,0.0,0.0,5.39,3.86,0.0
20230216:0411,0.0,0.0,0.0,0.0,5.52,4.07,0.0
20230216:0511,0.0,0.0,0.0,0.0,5.62,4.07,0.0
20230216:0611,0.0,0.0,0.0,0.0,5.49,3.66,0.0
20230216:0711,0.0,0.0,0.0,0.0,5.43,2.83,0.0
20230216:0811,0.0,23.0,0.0,6.15,5.27,2.21,0.0
20230216:0911,65.0,80.0,0.0,11.8,5.27,1.72,0.0
20230216:1011,30.0,125.0,0.0,15.99,5.31,1.59,0.0
20230216:1111,95.0,136.0,0.0,18.37,5.47,1.72,0.0
20230216:1211,60.0,149.0,0.0,18.71,5.43,1.79,0.0
20230216:1311,219.01,60.0,0.0,16.99,5.74,2.07,0.0
20230216:1411,20.0,100.0,0.0,13.38,5.69,2.14,0.0
20230216:1511,1.0,44.0,0.0,8.17,5.45,1.86,0.0
20230216:1611,0.0,1.0,0.0,1.77,4.93,2.28,0.0
20230216:1711,0.0,0.0,0.0,0.0,4.77,2.62,0.0
20230216:1811,0.0,0.0,0.0,0.0,4.75,2.97,0.0
20230216:1911,0.0,0.0,0.0,0.0,5.08,3.31,0.0
20230216:2011,0.0,0.0,0.0,0.0,5.15,3.72,0.0
20230216:2111,0.0,0.0,0.0,0.0,5.09,4.07,0.0
20230216:2211,0.0,0.0,0.0,0.0,5.08,4.62,0.0
20230216:2311,0.0,0.0,0.0,0.0,5.0,4.48,0.0
20230217:0011,0.0,0.0,0.0,0.0,4.86,4.21,0.0
20230217:0111,0.0,0.0,0.0,0.0,4.76,4.48,0.0
20230217:0211,0.0,0.0,0.0,0.0,4.67,4.55,0.0
20230217:0311,0.0,0.0,0.0,0.0,4.74,4.9,0.0
20230217:0411,0.0,0.0,0.0,0.0,4.65,5.31,0.0
20230217:0511,0.0,0.0,0.0,0.0,4.68,6.0,0.0
20230217:0611,0.0,0.0,0.0,0.0,4.74,7.1,0.0
20230217:0711,0.0,0.0,0.0,0.0,4.8,7.86,0.0
20230217:0811,0.0,8.0,0.0,6.47,4.93,7.31,0.0
20230217:0911,0.0,15.0,0.0,12.13,5.7,5.45,0.0
20230217:1011,0.0,22.0,0.0,16.33,6.47,7.24,0.0
20230217:1111,0.0,30.0,0.0,18.71,6.57,8.28,0.0
20230217:1211,0.0,27.0,0.0,19.06,6.35,6.07,0.0
20230217:1311,0.0,85.0,0.0,17.34,5.95,7.03,0.0
20230217:1411,0.0,59.0,0.0,13.7,5.53,13.45,0.0
20230217:1511,0.0,10.0,0.0,8.49,4.49,11.93,0.0
20230217:1611,0.0,1.0,0.0,2.07,3.83,12.97,0.0
20230217:1711,0.0,0.0,0.0,0.0,4.15,12.69,0.0
20230217:1811,0.0,0.0,0.0,0.0,4.16,11.31,0.0
20230217:1911,0.0,0.0,0.0,0.0,3.92,10.21,0.0
20230217:2011,0.0,0.0,0.0,0.0,3.85,9.31,0.0
20230217:2111,0.0,0.0,0.0,0.0,3.73,8.83,0.0
20230217:2211,0.0,0.0,0.0,0.0,3.29,8.28,0.0
20230217:2311,0.0,0.0,0.0,0.0,3.29,7.66,0.0
20230218:0011,0.0,0.0,0.0,0.0,3.31,7.45,0.0
20230218:0111,0.0,0.0,0.0,0.0,3.06,7.72,0.0
20230218:0211,0.0,0.0,0.0,0.0,2.91,7.52,0.0
20230218:0311,0.0,0.0,0.0,0.0,2.78,7.17,0.0
20230218:0411,0.0,0.0,0.0,0.0,2.6,6.9,0.0
20230218:0511,0.0,0.0,0.0,0.0,2.44,6.9,0.0
20230218:0611,0.0,0.0,0.0,0.0,2.23,6.76,0.0
20230218:0711,0.0,0.0,0.0,0.0,2.23,5.72,0.0
20230218:0811,8.0,45.0,0.0,6.8,2.14,5.52,0.0
20230218:0911,112.01,67.0,0.0,12.47,2.24,5.59,0.0
20230218:1011,172.01,84.0,0.0,16.67,2.37,5.59,0.0
20230218:1111,201.01,96.0,0.0,19.07,2.75,5.72,0.0
20230218:1211,199.01,101.0,0.0,19.41,2.97,5.79,0.0
20230218:1311,237.01,60.0,0.0,17.68,3.05,5.79,0.0
20230218:1411,155.01,61.0,0.0,14.04,2.95,5.86,0.0
20230218:1511,78.01,42.0,0.0,8.81,2.63,5.79,0.0
20230218:1611,0.0,2.0,0.0,2.38,2.3,5.38,0.0
20230218:1711,0.0,0.0,0.0,0.0,1.84,5.03,0.0
20230218:1811,0.0,0.0,0.0,0.0,1.46,4.9,0.0
20230218:1911,0.0,0.0,0.0,0.0,1.31,4.48,0.0
20230218:2011,0.0,0.0,0.0,0.0,1.1,4.21,0.0
20230218:2111,0.0,0.0,0.0,0.0,0.9,4.0,0.0
20230218:2211,0.0,0.0,0.0,0.0,0.89,3.86,0.0
20230218:2311,0.0,0.0,0.0,0.0,0.82,3.79,0.0
20230219:0011,0.0,0.0,0.0,0.0,0.8,3.45,0.0
20230219:0111,0.0,0.0,0.0,0.0,1.03,3.38,0.0
20230219:0211,0.0,0.0,0.0,0.0,1.12,2.62,0.0
20230219:0311,0.0,0.0,0.0,0.0,1.17,1.93,0.0
20230219:0411,0.0,0.0,0.0,0.0,0.97,1.38,0.0
20230219:0511,0.0,0.0,0.0,0.0,1.07,0.76,0.0
20230219:0611,0.0,0.0,0.0,0.0,1.32,2.07,0.0
20230219:0711,0.0,0.0,0.0,0.0,2.82,5.38,0.0
20230219:0811,5.0,44.0,0.0,7.12,3.11,5.93,0.0
20230219:0911,2.0,76.0,0.0,12.81,3.68,6.62,0.0
20230219:1011,0.0,49.0,0.0,17.02,4.26,6.34,0.0
20230219:1111,5.0,129.0,0.0,19.42,4.3,5.72,0.0
20230219:1211,40.0,159.0,0.0,19.77,4.41,5.38,0.0
20230219:1311,17.0,135.0,0.0,18.02,4.47,6.07,0.0
20230219:1411,1.0,81.0,0.0,14.37,4.3,5.72,0.0
20230219:1511,0.0,45.0,0.0,9.12,4.09,6.14,0.0
20230219:1611,0.0,2.0,0.0,2.68,3.85,5.1,0.0
20230219:1711,0.0,0.0,0.0,0.0,3.72,4.14,0.0
20230219:1811,0.0,0.0,0.0,0.0,3.29,3.79,0.0
20230219:1911,0.0,0.0,0.0,0.0,3.91,4.34,0.0
20230219:2011,0.0,0.0,0.0,0.0,4.58,5.24,0.0
20230219:2111,0.0,0.0,0.0,0.0,5.33,6.28,0.0
20230219:2211,0.0,0.0,0.0,0.0,5.86,7.52,0.0
20230219:2311,0.0,0.0,0.0,0.0,6.14,7.93,0.0
20230220:0011,0.0,0.0,0.0,0.0,6.48,8.0,0.0
20230220:0111,0.0,0.0,0.0,0.0,6.73,9.17,0.0
20230220:0211,0.0,0.0,0.0,0.0,6.89,10.48,0.0
20230220:0311,0.0,0.0,0.0,0.0,6.99,10.9,0.0
20230220:0411,0.0,0.0,0.0,0.0,7.58,11.66,0.0
20230220:0511,0.0,0.0,0.0,0.0,7.02,11.38,0.0
20230220:0611,0.0,0.0,0.0,0.0,6.42,10.48,0.0
20230220:0711,0.0,0.0,0.0,0.0,5.9,10.07,0.0
20230220:0811,0.0,12.0,0.0,7.46,5.54,9.86,0.0
20230220:0911,0.0,49.0,0.0,13.15,5.44,9.79,0.0
20230220:1011,34.0,136.0,0.0,17.38,5.13,10.55,0.0
20230220:1111,15.0,146.0,0.0,19.78,5.48,9.79,0.0
20230220:1211,1.0,115.0,0.0,20.12,5.52,10.0,0.0
20230220:1311,0.0,96.0,0.0,18.37,5.59,10.07,0.0
20230220:1411,3.0,90.0,0.0,14.7,5.22,10.34,0.0
20230220:1511,0.0,24.0,0.0,9.44,5.24,10.76,0.0
20230220:1611,0.0,4.0,0.0,2.99,5.2,10.62,0.0
20230220:1711,0.0,0.0,0.0,0.0,5.1,11.1,0.0
20230220:1811,0.0,0.0,0.0,0.0,5.04,11.17,0.0
20230220:1911,0.0,0.0,0.0,0.0,5.02,10.97,0.0
20230220:2011,0.0,0.0,0.0,0.0,4.84,11.24,0.0
20230220:2111,0.0,0.0,0.0,0.0,4.86,10.83,0.0
20230220:2211,0.0,0.0,0.0,0.0,4.91,10.48,0.0
20230220:2311,0.0,0.0,0.0,0.0,5.02,9.66,0.0
20230221:0011,0.0,0.0,0.0,0.0,4.88,9.31,0.0
20230221:0111,0.0,0.0,0.0,0.0,5.0,8.21,0.0
20230221:0211,0.0,0.0,0.0,0.0,5.21,7.38,0.0
20230221:0311,0.0,0.0,0.0,0.0,5.21,6.97,0.0
20230221:0411,0.0,0.0,0.0,0.0,5.19,6.55,0.0
20230221:0511,0.0,0.0,0.0,0.0,5.17,5.93,0.0
20230221:0611,0.0,0.0,0.0,0.0,5.09,5.17,0.0
20230221:0711,0.0,0.0,0.0,0.0,4.89,3.66,0.0
20230221:0811,57.0,40.0,0.0,7.79,5.0,3.1,0.0
20230221:0911,156.01,53.0,0.0,13.49,5.23,2.83,0.0
20230221:1011,68.0,137.0,0.0,17.73,5.5,2.41,0.0
20230221:1111,0.0,82.0,0.0,20.14,5.66,2.48,0.0
20230221:1211,37.0,164.0,0.0,20.48,5.9,2.41,0.0
20230221:1311,197.01,90.0,0.0,18.72,6.19,1.93,0.0
20230221:1411,131.01,83.0,0.0,15.04,6.19,0.97,0.0
20230221:1511,8.0,65.0,0.0,9.77,5.99,1.45,0.0
20230221:1611,0.0,6.0,0.0,3.3,5.58,1.79,0.0
20230221:1711,0.0,0.0,0.0,0.0,5.06,2.14,0.0
20230221:1811,0.0,0.0,0.0,0.0,4.44,2.48,0.0
20230221:1911,0.0,0.0,0.0,0.0,4.59,2.69,0.0
20230221:2011,0.0,0.0,0.0,0.0,4.43,3.38,0.0
20230221:2111,0.0,0.0,0.0,0.0,4.4,4.0,0.0
20230221:2211,0.0,0.0,0.0,0.0,4.33,4.97,0.0
20230221:2311,0.0,0.0,0.0,0.0,4.01,5.72,0.0
20230222:0011,0.0,0.0,0.0,0.0,3.73,6.21,0.0
20230222:0111,0.0,0.0,0.0,0.0,3.8,6.41,0.0
20230222:0211,0.0,0.0,0.0,0.0,3.97,6.41,0.0
20230222:0311,0.0,0.0,0.0,0.0,4.15,6.41,0.0
20230222:0411,0.0,0.0,0.0,0.0,4.33,6.55,0.0
20230222:0511,0.0,0.0,0.0,0.0,4.41,6.76,0.0
20230222:0611,0.0,0.0,0.0,0.0,4.39,6.76,0.0
20230222:0711,0.0,0.0,0.0,0.0,4.23,6.69,0.0
20230222:0811,0.0,12.0,0.0,8.13,4.34,6.55,0.0
20230222:0911,0.0,22.0,0.0,13.85,4.48,6.48,0.0
20230222:1011,0.0,79.0,0.0,18.09,4.76,6.34,0.0
20230222:1111,0.0,86.0,0.0,20.5,4.9,6.34,0.0
20230222:1211,0.0,43.0,0.0,20.85,5.07,6.14,0.0
20230222:1311,0.0,48.0,0.0,19.08,5.14,5.72,0.0
20230222:1411,0.0,44.0,0.0,15.38,5.13,5.38,0.0
20230222:1511,0.0,13.0,0.0,10.09,4.98,5.24,0.0
20230222:1611,0.0,5.0,0.0,3.61,4.46,4.83,0.0
20230222:1711,0.0,0.0,0.0,0.0,4.44,4.69,0.0
20230222:1811,0.0,0.0,0.0,0.0,4.46,4.14,0.0
20230222:1911,0.0,0.0,0.0,0.0,4.61,3.24,0.0
20230222:2011,0.0,0.0,0.0,0.0,4.67,2.9,0.0
20230222:2111,0.0,0.0,0.0,0.0,4.65,2.55,0.0
20230222:2211,0.0,0.0,0.0,0.0,4.62,1.24,0.0
20230222:2311,0.0,0.0,0.0,0.0,4.54,1.93,0.0
20230223:0011,0.0,0.0,0.0,0.0,4.25,4.97,0.0
20230223:0111,0.0,0.0,0.0,0.0,3.68,6.0,0.0
20230223:0211,0.0,0.0,0.0,0.0,3.1,6.28,0.0
20230223:0311,0.0,0.0,0.0,0.0,2.65,7.17,0.0
20230223:0411,0.0,0.0,0.0,0.0,2.02,7.45,0.0
20230223:0511,0.0,0.0,0.0,0.0,1.47,7.31,0.0
20230223:0611,0.0,0.0,0.0,0.0,1.01,7.1,0.0
20230223:0711,0.0,1.0,0.0,1.69,1.18,6.34,0.0
20230223:0811,76.01,39.0,0.0,8.47,1.23,5.86,0.0
20230223:0911,156.01,61.0,0.0,14.2,1.53,5.93,0.0
20230223:1011,87.0,141.0,0.0,18.45,1.9,5.79,0.0
20230223:1111,162.01,135.0,0.0,20.87,2.41,6.41,0.0
20230223:1211,261.01,84.0,0.0,21.21,2.85,6.34,0.0
20230223:1311,236.01,77.0,0.0,19.43,3.07,5.17,0.0
20230223:1411,158.01,77.0,0.0,15.72,3.28,4.55,0.0
20230223:1511,23.0,75.0,0.0,10.41,3.44,3.66,0.0
20230223:1611,0.0,8.0,0.0,3.92,3.46,2.62,0.0
20230223:1711,0.0,0.0,0.0,0.0,3.15,2.83,0.0
20230223:1811,0.0,0.0,0.0,0.0,3.13,5.59,0.0
20230223:1911,0.0,0.0,0.0,0.0,3.28,6.21,0.0
20230223:2011,0.0,0.0,0.0,0.0,3.63,6.62,0.0
20230223:2111,0.0,0.0,0.0,0.0,3.55,6.55,0.0
20230223:2211,0.0,0.0,0.0,0.0,4.09,5.38,0.0
20230223:2311,0.0,0.0,0.0,0.0,4.37,6.41,0.0
20230224:0011,0.0,0.0,0.0,0.0,4.38,6.34,0.0
20230224:0111,0.0,0.0,0.0,0.0,4.37,6.0,0.0
20230224:0211,0.0,0.0,0.0,0.0,4.22,5.86,0.0
20230224:0311,0.0,0.0,0.0,0.0,4.03,5.59,0.0
20230224:0411,0.0,0.0,0.0,0.0,3.8,5.79,0.0
20230224:0511,0.0,0.0,0.0,0.0,3.53,6.21,0.0
20230224:0611,0.0,0.0,0.0,0.0,3.33,6.69,0.0
20230224:0711,0.0,1.0,0.0,2.02,3.08,7.24,0.0
20230224:0811,0.0,41.0,0.0,8.82,3.04,8.0,0.0
20230224:0911,84.0,101.0,0.0,14.56,3.03,8.41,0.0
20230224:1011,7.0,130.0,0.0,18.82,3.18,8.9,0.0
20230224:1111,33.0,170.0,0.0,21.24,3.41,9.45,0.0
20230224:1211,2.0,132.0,0.0,21.58,3.6,9.45,0.0
20230224:1311,4.0,127.0,0.0,19.79,3.83,9.17,0.0
20230224:1411,196.01,61.0,0.0,16.06,3.87,8.83,0.0
20230224:1511,84.0,60.0,0.0,10.74,3.7,8.55,0.0
20230224:1611,0.0,16.0,0.0,4.23,3.27,8.41,0.0
20230224:1711,0.0,0.0,0.0,0.0,2.66,8.07,0.0
20230224:1811,0.0,0.0,0.0,0.0,2.15,7.93,0.0
20230224:1911,0.0,0.0,0.0,0.0,1.96,7.66,0.0
20230224:2011,0.0,0.0,0.0,0.0,1.65,7.24,0.0
20230224:2111,0.0,0.0,0.0,0.0,1.32,6.62,0.0
20230224:2211,0.0,0.0,0.0,0.0,0.97,6.0,0.0
20230224:2311,0.0,0.0,0.0,0.0,0.71,5.66,0.0
20230225:0011,0.0,0.0,0.0,0.0,0.46,5.45,0.0
20230225:0111,0.0,0.0,0.0,0.0,0.2,5.03,0.0
20230225:0211,0.0,0.0,0.0,0.0,-0.04,4.69,0.0
20230225:0311,0.0,0.0,0.0,0.0,-0.2,4.69,0.0
20230225:0411,0.0,0.0,0.0,0.0,-0.33,4.62,0.0
20230225:0511,0.0,0.0,0.0,0.0,-0.41,4.83,0.0
20230225:0611,0.0,0.0,0.0,0.0,-0.45,4.97,0.0
20230225:0711,0.0,6.0,0.0,2.36,-0.3,4.48,0.0
20230225:0811,89.01,42.0,0.0,9.17,0.03,4.55,0.0
20230225:0911,193.01,53.0,0.0,14.92,0.8,4.62,0.0
20230225:1011,245.01,73.0,0.0,19.19,1.64,4.97,0.0
20230225:1111,282.01,81.0,0.0,21.61,2.32,5.31,0.0
20230225:1211,323.01,63.0,0.0,21.95,2.85,5.45,0.0
20230225:1311,275.01,69.0,0.0,20.15,3.11,5.52,0.0
20230225:1411,219.01,56.0,0.0,16.4,3.12,5.38,0.0
20230225:1511,123.01,46.0,0.0,11.06,2.88,5.03,0.0
20230225:1611,1.0,20.81,0.0,4.54,2.19,4.97,0.0
20230225:1711,0.0,0.0,0.0,0.0,1.36,4.97,0.0
20230225:1811,0.0,0.0,0.0,0.0,0.8,4.69,0.0
20230225:1911,0.0,0.0,0.0,0.0,0.57,4.21,0.0
20230225:2011,0.0,0.0,0.0,0.0,0.27,4.07,0.0
20230225:2111,0.0,0.0,0.0,0.0,0.04,3.79,0.0
20230225:2211,0.0,0.0,0.0,0.0,-0.18,3.38,0.0
20230225:2311,0.0,0.0,0.0,0.0,-0.38,3.17,0.0
20230226:0011,0.0,0.0,0.0,0.0,-0.54,3.03,0.0
20230226:0111,0.0,0.0,0.0,0.0,-0.64,2.9,0.0
20230226:0211,0.0,0.0,0.0,0.0,-0.75,2.62,0.0
20230226:0311,0.0,0.0,0.0,0.0,-0.87,2.62,0.0
20230226:0411,0.0,0.0,0.0,0.0,-0.88,2.76,0.0
20230226:0511,0.0,0.0,0.0,0.0,-0.83,2.76,0.0
20230226:0611,0.0,0.0,0.0,0.0,-0.74,2.83,0.0
20230226:0711,0.0,8.0,0.0,2.71,-0.47,2.69,0.0
20230226:0811,88.01,44.0,0.0,9.52,0.1,2.9,0.0
20230226:0911,178.01,62.0,0.0,15.28,1.17,3.1,0.0
20230226:1011,240.01,77.0,0.0,19.56,2.04,3.86,0.0
20230226:1111,270.01,89.0,0.0,21.99,2.67,4.28,0.0
20230226:1211,286.01,83.0,0.0,22.32,3.16,4.55,0.0
20230226:1311,233.01,92.0,0.0,20.5,3.53,4.83,0.0
20230226:1411,66.0,129.0,0.0,16.75,3.71,5.45,0.0
20230226:1511,25.0,85.0,0.0,11.39,3.64,5.59,0.0
20230226:1611,0.0,6.0,0.0,4.85,3.26,5.45,0.0
20230226:1711,0.0,0.0,0.0,0.0,2.5,4.76,0.0
20230226:1811,0.0,0.0,0.0,0.0,2.11,4.28,0.0
20230226:1911,0.0,0.0,0.0,0.0,2.06,4.62,0.0
20230226:2011,0.0,0.0,0.0,0.0,1.92,4.48,0.0
20230226:2111,0.0,0.0,0.0,0.0,1.76,4.21,0.0
20230226:2211,0.0,0.0,0.0,0.0,1.52,4.0,0.0
20230226:2311,0.0,0.0,0.0,0.0,1.36,4.34,0.0
20230227:0011,0.0,0.0,0.0,0.0,1.23,4.07,0.0
20230227:0111,0.0,0.0,0.0,0.0,1.27,4.41,0.0
20230227:0211,0.0,0.0,0.0,0.0,1.31,4.69,0.0
20230227:0311,0.0,0.0,0.0,0.0,1.34,4.41,0.0
20230227:0411,0.0,0.0,0.0,0.0,1.22,4.28,0.0
20230227:0511,0.0,0.0,0.0,0.0,1.02,4.0,0.0
20230227:0611,0.0,0.0,0.0,0.0,0.76,3.79,0.0
20230227:0711,0.0,12.0,0.0,3.05,0.24,3.52,0.0
20230227:0811,96.01,45.0,0.0,9.88,0.65,3.31,0.0
20230227:0911,179.01,66.0,0.0,15.64,2.08,3.1,0.0
20230227:1011,240.01,83.0,0.0,19.93,3.59,2.9,0.0
20230227:1111,274.01,92.0,0.0,22.37,4.63,2.76,0.0
20230227:1211,258.01,106.0,0.0,22.69,5.38,2.76,0.0
20230227:1311,250.01,88.0,0.0,20.87,5.8,2.97,0.0
20230227:1411,202.01,70.0,0.0,17.09,5.91,3.03,0.0
20230227:1511,125.01,50.0,0.0,11.72,5.62,2.97,0.0
20230227:1611,0.0,19.0,0.0,5.17,5.04,3.03,0.0
20230227:1711,0.0,0.0,0.0,0.0,4.25,3.03,0.0
20230227:1811,0.0,0.0,0.0,0.0,3.55,3.1,0.0
20230227:1911,0.0,0.0,0.0,0.0,1.95,2.14,0.0
20230227:2011,0.0,0.0,0.0,0.0,1.57,2.14,0.0
20230227:2111,0.0,0.0,0.0,0.0,1.44,2.14,0.0
20230227:2211,0.0,0.0,0.0,0.0,1.27,2.07,0.0
20230227:2311,0.0,0.0,0.0,0.0,1.07,2.14,0.0
20230228:0011,0.0,0.0,0.0,0.0,0.92,2.34,0.0
20230228:0111,0.0,0.0,0.0,0.0,0.98,2.69,0.0
20230228:0211,0.0,0.0,0.0,0.0,1.39,2.97,0.0
20230228:0311,0.0,0.0,0.0,0.0,1.6,3.24,0.0
20230228:0411,0.0,0.0,0.0,0.0,1.69,3.72,0.0
20230228:0511,0.0,0.0,0.0,0.0,1.73,4.21,0.0
20230228:0611,0.0,0.0,0.0,0.0,1.69,4.76,0.0
20230228:0711,0.0,14.0,0.0,3.4,1.26,4.07,0.0
20230228:0811,98.01,49.0,0.0,10.24,1.58,4.76,0.0
20230228:0911,161.01,82.0,0.0,16.01,2.78,5.03,0.0
20230228:1011,250.01,83.0,0.0,20.31,4.09,5.72,0.0
20230228:1111,304.01,82.0,0.0,22.75,5.07,5.79,0.0
20230228:1211,267.01,107.0,0.0,23.06,5.62,5.59,0.0
20230228:1311,294.01,70.0,0.0,21.23,6.04,5.66,0.0
20230228:1411,214.01,69.0,0.0,17.44,6.09,5.45,0.0
20230228:1511,120.01,57.0,0.0,12.05,5.72,5.31,0.0
20230228:1611,4.0,30.07,0.0,5.48,4.91,5.17,0.0
20230228:1711,0.0,0.0,0.0,0.0,4.07,4.9,0.0
20230228:1811,0.0,0.0,0.0,0.0,3.37,4.41,0.0
20230228:1911,0.0,0.0,0.0,0.0,3.41,4.0,0.0
20230228:2011,0.0,0.0,0.0,0.0,2.55,3.45,0.0
20230228:2111,0.0,0.0,0.0,0.0,1.51,3.17,0.0
20230228:2211,0.0,0.0,0.0,0.0,0.97,2.97,0.0
20230228:2311,0.0,0.0,0.0,0.0,0.7,2.83,0.0
20230301:0011,0.0,0.0,0.0,0.0,0.43,2.76,0.0
20230301:0111,0.0,0.0,0.0,0.0,0.2,2.48,0.0
20230301:0211,0.0,0.0,0.0,0.0,0.07,2.28,0.0
20230301:0311,0.0,0.0,0.0,0.0,-0.03,2.14,0.0
20230301:0411,0.0,0.0,0.0,0.0,-0.04,2.14,0.0
20230301:0511,0.0,0.0,0.0,0.0,-0.2,2.28,0.0
20230301:0611,0.0,0.0,0.0,0.0,-0.2,2.28,0.0
20230301:0711,0.0,18.0,0.0,3.76,-0.52,1.59,0.0
20230301:0811,105.01,48.0,0.0,10.6,0.32,1.52,0.0
20230301:0911,189.01,69.0,0.0,16.38,2.41,1.38,0.0
20230301:1011,256.01,83.0,0.0,20.69,4.04,1.17,0.0
20230301:1111,297.01,88.0,0.0,23.13,4.9,0.9,0.0
20230301:1211,323.01,78.0,0.0,23.44,5.42,0.28,0.0
20230301:1311,286.01,77.0,0.0,21.59,5.68,0.9,0.0
20230301:1411,202.01,78.0,0.0,17.78,5.53,1.38,0.0
20230301:1511,116.01,62.0,0.0,12.38,5.17,1.24,0.0
20230301:1611,38.0,29.0,0.0,5.79,4.73,1.24,0.0
20230301:1711,0.0,0.0,0.0,0.0,3.98,1.38,0.0
20230301:1811,0.0,0.0,0.0,0.0,3.0,1.72,0.0
20230301:1911,0.0,0.0,0.0,0.0,2.21,1.66,0.0
20230301:2011,0.0,0.0,0.0,0.0,0.95,1.38,0.0
20230301:2111,0.0,0.0,0.0,0.0,-0.08,1.17,0.0
20230301:2211,0.0,0.0,0.0,0.0,-0.29,0.97,0.0
20230301:2311,0.0,0.0,0.0,0.0,-1.01,1.1,0.0
20230302:0011,0.0,0.0,0.0,0.0,-1.41,1.17,0.0
20230302:0111,0.0,0.0,0.0,0.0,-0.59,0.9,0.0
20230302:0211,0.0,0.0,0.0,0.0,0.07,0.62,0.0
20230302:0311,0.0,0.0,0.0,0.0,0.3,0.69,0.0
20230302:0411,0.0,0.0,0.0,0.0,-0.71,1.03,0.0
20230302:0511,0.0,0.0,0.0,0.0,-1.22,1.24,0.0
20230302:0611,0.0,0.0,0.0,0.0,-0.9,1.17,0.0
20230302:0711,0.0,21.0,0.0,4.11,-2.05,1.38,0.0
20230302:0811,118.01,47.0,0.0,10.96,-0.49,1.38,0.0
20230302:0911,201.01,69.0,0.0,16.76,2.57,1.17,0.0
20230302:1011,270.01,81.0,0.0,21.07,4.32,1.1,0.0
20230302:1111,316.01,84.0,0.0,23.51,5.17,2.0,0.0
20230302:1211,346.01,72.0,0.0,23.82,5.4,3.17,0.0
20230302:1311,305.01,73.0,0.0,21.96,5.34,3.86,0.0
20230302:1411,223.01,73.0,0.0,18.13,5.09,4.34,0.0
20230302:1511,128.01,60.0,0.0,12.71,4.75,4.28,0.0
20230302:1611,47.0,29.0,0.0,6.11,4.07,4.28,0.0
20230302:1711,0.0,0.0,0.0,0.0,3.27,4.34,0.0
20230302:1811,0.0,0.0,0.0,0.0,2.66,4.69,0.0
20230302:1911,0.0,0.0,0.0,0.0,2.82,4.83,0.0
20230302:2011,0.0,0.0,0.0,0.0,2.54,5.24,0.0
20230302:2111,0.0,0.0,0.0,0.0,2.26,5.38,0.0
20230302:2211,0.0,0.0,0.0,0.0,1.91,5.31,0.0
20230302:2311,0.0,0.0,0.0,0.0,1.65,5.38,0.0
20230303:0011,0.0,0.0,0.0,0.0,1.52,5.31,0.0
20230303:0111,0.0,0.0,0.0,0.0,1.45,5.31,0.0
20230303:0211,0.0,0.0,0.0,0.0,1.46,5.66,0.0
20230303:0311,0.0,0.0,0.0,0.0,1.54,6.07,0.0
20230303:0411,0.0,0.0,0.0,0.0,1.56,6.34,0.0
20230303:0511,0.0,0.0,0.0,0.0,1.61,6.41,0.0
20230303:0611,0.0,0.0,0.0,0.0,1.6,6.41,0.0
20230303:0711,0.0,24.0,0.0,4.47,1.62,5.59,0.0
20230303:0811,115.01,51.0,0.0,11.33,2.13,5.38,0.0
20230303:0911,189.01,77.0,0.0,17.13,3.19,5.38,0.0
20230303:1011,269.01,83.0,0.0,21.46,4.11,5.66,0.0
20230303:1111,302.01,92.0,0.0,23.9,4.94,6.07,0.0
20230303:1211,168.01,168.0,0.0,24.2,5.53,7.03,0.0
20230303:1311,84.0,178.0,0.0,22.32,5.81,7.31,0.0
20230303:1411,0.0,84.0,0.0,18.48,5.83,8.14,0.0
20230303:1511,0.0,60.0,0.0,13.04,5.53,8.34,0.0
20230303:1611,12.0,41.0,0.0,6.42,5.29,8.28,0.0
20230303:1711,0.0,0.0,0.0,0.0,4.99,8.34,0.0
20230303:1811,0.0,0.0,0.0,0.0,4.33,8.55,0.0
20230303:1911,0.0,0.0,0.0,0.0,4.5,8.0,0.0
20230303:2011,0.0,0.0,0.0,0.0,3.86,8.07,0.0
20230303:2111,0.0,0.0,0.0,0.0,3.23,8.69,0.0
20230303:2211,0.0,0.0,0.0,0.0,2.65,9.24,0.0
20230303:2311,0.0,0.0,0.0,0.0,2.16,9.59,0.0
20230304:0011,0.0,0.0,0.0,0.0,1.76,9.79,0.0
20230304:0111,0.0,0.0,0.0,0.0,1.37,10.0,0.0
20230304:0211,0.0,0.0,0.0,0.0,1.17,10.14,0.0
20230304:0311,0.0,0.0,0.0,0.0,0.9,10.07,0.0
20230304:0411,0.0,0.0,0.0,0.0,0.7,10.07,0.0
20230304:0511,0.0,0.0,0.0,0.0,0.5,10.0,0.0
20230304:0611,0.0,0.0,0.0,0.0,0.34,9.72,0.0
20230304:0711,0.0,16.0,0.0,4.83,0.34,8.9,0.0
20230304:0811,89.0,69.0,0.0,11.7,0.57,8.07,0.0
20230304:0911,203.01,75.0,0.0,17.51,0.86,7.72,0.0
20230304:1011,131.01,161.0,0.0,21.84,1.15,7.52,0.0
20230304:1111,192.01,160.0,0.0,24.29,1.48,7.86,0.0
20230304:1211,0.0,121.0,0.0,24.58,1.44,8.07,0.0
20230304:1311,191.01,142.0,0.0,22.69,1.51,8.34,0.0
20230304:1411,84.0,146.0,0.0,18.83,1.12,8.83,0.0
20230304:1511,96.0,84.0,0.0,13.37,0.94,8.62,0.0
20230304:1611,50.0,33.0,0.0,6.74,0.52,8.28,0.0
20230304:1711,0.0,0.0,0.0,0.0,0.1,8.07,0.0
20230304:1811,0.0,0.0,0.0,0.0,-0.19,7.79,0.0
20230304:1911,0.0,0.0,0.0,0.0,-0.28,6.76,0.0
20230304:2011,0.0,0.0,0.0,0.0,-0.55,6.28,0.0
20230304:2111,0.0,0.0,0.0,0.0,-0.71,6.0,0.0
20230304:2211,0.0,0.0,0.0,0.0,-0.83,5.66,0.0
20230304:2311,0.0,0.0,0.0,0.0,-0.94,5.52,0.0
20230305:0011,0.0,0.0,0.0,0.0,-0.98,5.45,0.0
20230305:0111,0.0,0.0,0.0,0.0,-1.02,5.24,0.0
20230305:0211,0.0,0.0,0.0,0.0,-1.2,5.03,0.0
20230305:0311,0.0,0.0,0.0,0.0,-1.37,4.83,0.0
20230305:0411,0.0,0.0,0.0,0.0,-1.53,4.76,0.0
20230305:0511,0.0,0.0,0.0,0.0,-1.72,4.76,0.0
20230305:0611,0.0,0.0,0.0,0.0,-1.89,4.62,0.0
20230305:0711,6.0,28.57,0.0,5.19,-1.8,4.76,0.0
20230305:0811,137.01,50.0,0.0,12.07,-1.36,4.76,0.0
20230305:0911,224.01,70.0,0.0,17.89,-0.69,4.97,0.0
20230305:1011,287.01,85.0,0.0,22.23,0.0,5.38,0.0
20230305:1111,333.01,88.0,0.0,24.68,0.49,5.72,0.0
20230305:1211,369.01,72.0,0.0,24.96,0.92,6.14,0.0
20230305:1311,318.01,78.0,0.0,23.06,1.13,6.34,0.0
20230305:1411,239.01,76.0,0.0,19.18,1.16,6.34,0.0
20230305:1511,154.01,59.0,0.0,13.7,1.02,6.28,0.0
20230305:1611,58.0,33.0,0.0,7.05,0.66,5.93,0.0
20230305:1711,0.0,0.0,0.0,0.0,-0.02,5.72,0.0
20230305:1811,0.0,0.0,0.0,0.0,-0.57,5.38,0.0
20230305:1911,0.0,0.0,0.0,0.0,-0.52,5.03,0.0
20230305:2011,0.0,0.0,0.0,0.0,-0.71,4.83,0.0
20230305:2111,0.0,0.0,0.0,0.0,-0.92,4.76,0.0
20230305:2211,0.0,0.0,0.0,0.0,-1.08,4.55,0.0
20230305:2311,0.0,0.0,0.0,0.0,-1.21,4.0,0.0
20230306:0011,0.0,0.0,0.0,0.0,-1.37,3.52,0.0
20230306:0111,0.0,0.0,0.0,0.0,-1.49,3.38,0.0
20230306:0211,0.0,0.0,0.0,0.0,-1.63,3.03,0.0
20230306:0311,0.0,0.0,0.0,0.0,-1.79,2.55,0.0
20230306:0411,0.0,0.0,0.0,0.0,-1.9,2.0,0.0
20230306:0511,0.0,0.0,0.0,0.0,-2.14,1.59,0.0
20230306:0611,0.0,0.0,0.0,0.0,-2.24,1.45,0.0
20230306:0711,3.0,29.33,0.0,5.56,-2.52,1.86,0.0
20230306:0811,13.0,90.0,0.0,12.44,-2.03,1.79,0.0
20230306:0911,88.0,140.0,0.0,18.28,-0.94,1.59,0.0
20230306:1011,106.0,179.0,0.0,22.62,-0.05,1.38,0.0
20230306:1111,319.01,101.0,0.0,25.07,0.63,1.24,0.0
20230306:1211,209.01,165.0,0.0,25.35,1.12,1.1,0.0
20230306:1311,218.01,139.0,0.0,23.43,1.38,1.03,0.0
20230306:1411,70.0,157.0,0.0,19.53,1.39,1.1,0.0
20230306:1511,35.0,109.0,0.0,14.03,1.18,1.31,0.0
20230306:1611,8.0,47.0,0.0,7.37,0.79,1.52,0.0
20230306:1711,0.0,0.0,0.0,0.0,0.18,1.86,0.0
20230306:1811,0.0,0.0,0.0,0.0,-0.43,2.21,0.0
20230306:1911,0.0,0.0,0.0,0.0,-0.63,2.41,0.0
20230306:2011,0.0,0.0,0.0,0.0,-0.87,2.83,0.0
20230306:2111,0.0,0.0,0.0,0.0,-1.03,2.97,0.0
20230306:2211,0.0,0.0,0.0,0.0,-1.27,2.97,0.0
20230306:2311,0.0,0.0,0.0,0.0,-1.49,3.03,0.0
20230307:0011,0.0,0.0,0.0,0.0,-1.67,2.97,0.0
20230307:0111,0.0,0.0,0.0,0.0,-1.91,2.83,0.0
20230307:0211,0.0,0.0,0.0,0.0,-2.14,2.76,0.0
20230307:0311,0.0,0.0,0.0,0.0,-2.36,2.76,0.0
20230307:0411,0.0,0.0,0.0,0.0,-2.6,2.83,0.0
20230307:0511,0.0,0.0,0.0,0.0,-2.91,2.76,0.0
20230307:0611,0.0,0.0,0.0,0.0,-3.16,2.69,0.0
20230307:0711,9.0,38.0,0.0,5.93,-3.24,2.62,0.0
20230307:0811,156.01,50.0,0.0,12.82,-2.53,2.34,0.0
20230307:0911,248.01,69.0,0.0,18.66,-1.56,2.34,0.0
20230307:1011,322.01,79.0,0.0,23.01,-0.83,2.62,0.0
20230307:1111,371.01,80.0,0.0,25.46,-0.25,2.83,0.0
20230307:1211,395.01,70.0,0.0,25.73,0.11,2.97,0.0
20230307:1311,358.01,68.0,0.0,23.8,0.35,3.03,0.0
20230307:1411,273.01,69.0,0.0,19.88,0.39,3.1,0.0
20230307:1511,176.01,57.0,0.0,14.36,0.27,3.17,0.0
20230307:1611,56.0,42.0,0.0,7.68,-0.06,2.97,0.0
20230307:1711,0.0,0.0,0.0,0.0,-0.67,2.83,0.0
20230307:1811,0.0,0.0,0.0,0.0,-1.25,2.62,0.0
20230307:1911,0.0,0.0,0.0,0.0,-1.57,2.55,0.0
20230307:2011,0.0,0.0,0.0,0.0,-1.8,2.28,0.0
20230307:2111,0.0,0.0,0.0,0.0,-2.08,1.93,0.0
20230307:2211,0.0,0.0,0.0,0.0,-2.58,1.66,0.0
20230307:2311,0.0,0.0,0.0,0.0,-3.31,1.45,0.0
20230308:0011,0.0,0.0,0.0,0.0,-3.51,1.17,0.0
20230308:0111,0.0,0.0,0.0,0.0,-3.44,1.03,0.0
20230308:0211,0.0,0.0,0.0,0.0,-3.74,1.1,0.0
20230308:0311,0.0,0.0,0.0,0.0,-4.17,1.17,0.0
20230308:0411,0.0,0.0,0.0,0.0,-4.44,1.31,0.0
20230308:0511,0.0,0.0,0.0,0.0,-4.5,1.38,0.0
20230308:0611,0.0,0.0,0.0,0.0,-4.72,1.38,0.0
20230308:0711,5.0,38.0,0.0,6.29,-4.5,2.14,0.0
20230308:0811,149.01,57.0,0.0,13.19,-2.91,2.14,0.0
20230308:0911,250.01,71.0,0.0,19.05,-0.99,2.21,0.0
20230308:1011,274.01,108.0,0.0,23.4,0.06,2.41,0.0
20230308:1111,367.01,85.0,0.0,25.85,0.72,2.9,0.0
20230308:1211,362.01,90.0,0.0,26.12,1.09,3.38,0.0
20230308:1311,324.01,88.0,0.0,24.17,1.26,3.66,0.0
20230308:1411,168.01,129.0,0.0,20.23,1.2,3.45,0.0
20230308:1511,1.0,83.0,0.0,14.69,0.95,3.24,0.0
20230308:1611,32.0,54.0,0.0,8.0,0.58,3.17,0.0
20230308:1711,0.0,0.0,0.0,0.0,-0.45,2.97,0.0
20230308:1811,0.0,0.0,0.0,0.0,-1.05,2.62,0.0
20230308:1911,0.0,0.0,0.0,0.0,-0.73,3.03,0.0
20230308:2011,0.0,0.0,0.0,0.0,-0.84,2.69,0.0
20230308:2111,0.0,0.0,0.0,0.0,-0.71,2.69,0.0
20230308:2211,0.0,0.0,0.0,0.0,-0.65,2.76,0.0
20230308:2311,0.0,0.0,0.0,0.0,-0.93,2.76,0.0
20230309:0011,0.0,0.0,0.0,0.0,-1.38,2.83,0.0
20230309:0111,0.0,0.0,0.0,0.0,-1.48,2.76,0.0
20230309:0211,0.0,0.0,0.0,0.0,-1.72,2.69,0.0
20230309:0311,0.0,0.0,0.0,0.0,-1.95,2.69,0.0
20230309:0411,0.0,0.0,0.0,0.0,-2.11,2.97,0.0
20230309:0511,0.0,0.0,0.0,0.0,-2.12,2.83,0.0
20230309:0611,0.0,0.0,0.0,0.0,-2.19,2.62,0.0
20230309:0711,21.0,44.0,0.0,6.67,-3.39,2.07,0.0
20230309:0811,56.0,102.0,0.0,13.57,-2.97,1.45,0.0
20230309:0911,83.0,153.0,0.0,19.43,-2.23,0.9,0.0
20230309:1011,126.0,184.0,0.0,23.8,-1.16,0.14,0.0
20230309:1111,172.01,192.0,0.0,26.25,-0.37,1.17,0.0
20230309:1211,167.01,197.0,0.0,26.51,0.02,2.69,0.0
20230309:1311,0.0,133.0,0.0,24.54,-0.24,3.52,0.0
20230309:1411,0.0,30.0,0.0,20.58,-0.8,3.24,0.0
20230309:1511,14.0,111.0,0.0,15.02,-1.06,2.97,0.0
20230309:1611,21.0,59.0,0.0,8.31,-1.34,4.0,0.0
20230309:1711,0.0,0.0,0.0,0.0,-1.87,4.21,0.0
20230309:1811,0.0,0.0,0.0,0.0,-2.57,3.86,0.0
20230309:1911,0.0,0.0,0.0,0.0,-3.47,4.0,0.0
20230309:2011,0.0,0.0,0.0,0.0,-3.71,3.45,0.0
20230309:2111,0.0,0.0,0.0,0.0,-3.98,3.52,0.0
20230309:2211,0.0,0.0,0.0,0.0,-4.2,3.72,0.0
20230309:2311,0.0,0.0,0.0,0.0,-4.51,3.72,0.0
20230310:0011,0.0,0.0,0.0,0.0,-4.82,3.66,0.0
20230310:0111,0.0,0.0,0.0,0.0,-5.16,3.52,0.0
20230310:0211,0.0,0.0,0.0,0.0,-5.57,3.38,0.0
20230310:0311,0.0,0.0,0.0,0.0,-5.94,3.17,0.0
20230310:0411,0.0,0.0,0.0,0.0,-6.21,2.9,0.0
20230310:0511,0.0,0.0,0.0,0.0,-6.35,2.62,0.0
20230310:0611,0.0,0.0,0.0,0.0,-6.53,2.48,0.0
20230310:0711,17.0,48.0,0.0,7.04,-6.47,2.83,0.0
20230310:0811,80.0,99.0,0.0,13.95,-5.67,2.69,0.0
20230310:0911,99.0,154.0,0.0,19.82,-4.46,2.34,0.0
20230310:1011,135.0,187.0,0.0,24.19,-3.03,2.0,0.0
20230310:1111,171.01,200.0,0.0,26.64,-1.95,1.72,0.0
20230310:1211,322.01,125.0,0.0,26.89,-1.28,1.79,0.0
20230310:1311,184.01,175.0,0.0,24.91,-0.86,2.34,0.0
20230310:1411,109.0,162.0,0.0,20.93,-0.72,2.9,0.0
20230310:1511,72.0,116.0,0.0,15.35,-0.65,3.1,0.0
20230310:1611,10.0,60.0,0.0,8.63,-0.86,2.9,0.0
20230310:1711,0.0,0.0,0.0,0.0,-1.28,3.1,0.0
20230310:1811,0.0,0.0,0.0,0.0,-1.62,3.24,0.0
20230310:1911,0.0,0.0,0.0,0.0,-1.65,2.34,0.0
20230310:2011,0.0,0.0,0.0,0.0,-2.01,1.72,0.0
20230310:2111,0.0,0.0,0.0,0.0,-2.67,1.1,0.0
20230310:2211,0.0,0.0,0.0,0.0,-1.96,0.55,0.0
20230310:2311,0.0,0.0,0.0,0.0,-1.91,0.14,0.0
20230311:0011,0.0,0.0,0.0,0.0,-2.05,0.41,0.0
20230311:0111,0.0,0.0,0.0,0.0,-3.11,1.45,0.0
20230311:0211,0.0,0.0,0.0,0.0,-2.11,2.34,0.0
20230311:0311,0.0,0.0,0.0,0.0,-2.1,3.03,0.0
20230311:0411,0.0,0.0,0.0,0.0,-1.7,4.48,0.0
20230311:0511,0.0,0.0,0.0,0.0,-1.63,6.0,0.0
20230311:0611,0.0,0.0,0.0,0.0,-1.63,6.34,0.0
20230311:0711,0.0,34.0,0.0,7.41,-1.68,5.24,0.0
20230311:0811,10.0,102.0,0.0,14.34,-1.57,5.45,0.0
20230311:0911,0.0,45.0,0.0,20.21,-1.41,5.17,0.0
20230311:1011,0.0,45.0,0.0,24.59,-0.93,5.24,0.0
20230311:1111,84.0,225.0,0.0,27.04,-1.03,6.0,0.0
20230311:1211,0.0,41.0,0.0,27.28,-1.07,6.41,0.0
20230311:1311,0.0,70.0,0.0,25.28,-1.26,6.69,0.0
20230311:1411,0.0,31.0,0.0,21.28,-1.3,7.03,0.0
20230311:1511,3.0,96.0,0.0,15.68,-1.22,6.83,0.0
20230311:1611,24.0,63.0,0.0,8.94,-1.86,7.24,0.0
20230311:1711,0.0,0.0,0.0,0.0,-2.24,7.1,0.0
20230311:1811,0.0,0.0,0.0,0.0,-2.56,6.55,0.0
20230311:1911,0.0,0.0,0.0,0.0,-2.33,5.86,0.0
20230311:2011,0.0,0.0,0.0,0.0,-2.49,5.79,0.0
20230311:2111,0.0,0.0,0.0,0.0,-2.63,5.72,0.0
20230311:2211,0.0,0.0,0.0,0.0,-2.58,4.83,0.0
20230311:2311,0.0,0.0,0.0,0.0,-2.78,4.34,0.0
20230312:0011,0.0,0.0,0.0,0.0,-2.74,3.59,0.0
20230312:0111,0.0,0.0,0.0,0.0,-2.7,2.48,0.0
20230312:0211,0.0,0.0,0.0,0.0,-3.75,1.31,0.0
20230312:0311,0.0,0.0,0.0,0.0,-3.96,0.97,0.0
20230312:0411,0.0,0.0,0.0,0.0,-5.96,1.52,0.0
20230312:0511,0.0,0.0,0.0,0.0,-6.5,2.07,0.0
20230312:0611,0.0,0.0,0.0,0.0,-5.27,2.55,0.0
20230312:0711,0.0,21.0,0.0,7.79,-5.24,3.72,0.0
20230312:0811,0.0,53.0,0.0,14.72,-3.58,3.79,0.0
20230312:0911,1.0,118.0,0.0,20.61,-1.9,4.21,0.0
20230312:1011,2.0,151.0,0.0,24.99,-0.71,4.97,0.0
20230312:1111,4.0,174.0,0.0,27.44,-0.05,5.86,0.0
20230312:1211,1.0,151.0,0.0,27.67,0.32,6.83,0.0
20230312:1311,0.0,68.0,0.0,25.65,0.8,7.66,0.0
20230312:1411,0.0,39.0,0.0,21.63,0.99,7.52,0.0
20230312:1511,0.0,40.0,0.0,16.01,1.01,7.79,0.0
20230312:1611,0.0,11.0,0.0,9.25,1.09,7.93,0.0
20230312:1711,0.0,1.0,0.0,1.81,1.01,8.0,0.0
20230312:1811,0.0,0.0,0.0,0.0,1.07,8.34,0.0
20230312:1911,0.0,0.0,0.0,0.0,1.21,8.9,0.0
20230312:2011,0.0,0.0,0.0,0.0,1.2,8.76,0.0
20230312:2111,0.0,0.0,0.0,0.0,1.19,8.69,0.0
20230312:2211,0.0,0.0,0.0,0.0,1.25,8.07,0.0
20230312:2311,0.0,0.0,0.0,0.0,1.23,7.1,0.0
20230313:0011,0.0,0.0,0.0,0.0,1.2,6.41,0.0
20230313:0111,0.0,0.0,0.0,0.0,1.25,6.07,0.0
20230313:0211,0.0,0.0,0.0,0.0,1.35,5.72,0.0
20230313:0311,0.0,0.0,0.0,0.0,1.54,5.66,0.0
20230313:0411,0.0,0.0,0.0,0.0,1.83,5.52,0.0
20230313:0511,0.0,0.0,0.0,0.0,1.44,5.79,0.0
20230313:0611,0.0,0.0,0.0,0.0,1.88,6.14,0.0
20230313:0711,0.0,15.0,0.0,8.17,2.05,5.79,0.0
20230313:0811,0.0,42.0,0.0,15.1,2.42,5.93,0.0
20230313:0911,0.0,50.0,0.0,21.0,2.71,5.93,0.0
20230313:1011,0.0,60.0,0.0,25.39,2.87,6.14,0.0
20230313:1111,0.0,40.0,0.0,27.84,2.87,6.14,0.0
20230313:1211,0.0,41.0,0.0,28.06,2.77,6.21,0.0
20230313:1311,0.0,38.0,0.0,26.03,3.01,6.21,0.0
20230313:1411,0.0,101.0,0.0,21.98,4.03,4.48,0.0
20230313:1511,2.0,91.0,0.0,16.34,4.81,3.1,0.0
20230313:1611,0.0,19.0,0.0,9.57,4.78,1.24,0.0
20230313:1711,0.0,1.0,0.0,2.11,3.8,4.21,0.0
20230313:1811,0.0,0.0,0.0,0.0,3.02,6.07,0.0
20230313:1911,0.0,0.0,0.0,0.0,2.59,7.03,0.0
20230313:2011,0.0,0.0,0.0,0.0,2.36,6.97,0.0
20230313:2111,0.0,0.0,0.0,0.0,2.11,6.83,0.0
20230313:2211,0.0,0.0,0.0,0.0,2.08,7.24,0.0
20230313:2311,0.0,0.0,0.0,0.0,1.86,7.45,0.0
20230314:0011,0.0,0.0,0.0,0.0,1.56,8.28,0.0
20230314:0111,0.0,0.0,0.0,0.0,1.17,8.83,0.0
20230314:0211,0.0,0.0,0.0,0.0,0.94,8.9,0.0
20230314:0311,0.0,0.0,0.0,0.0,0.87,8.55,0.0
20230314:0411,0.0,0.0,0.0,0.0,0.82,8.21,0.0
20230314:0511,0.0,0.0,0.0,0.0,0.73,7.79,0.0
20230314:0611,0.0,0.0,0.0,0.0,0.64,7.38,0.0
20230314:0711,68.0,44.0,0.0,8.54,1.2,7.17,0.0
20230314:0811,193.01,58.0,0.0,15.49,1.41,7.1,0.0
20230314:0911,292.01,72.0,0.0,21.39,1.79,7.72,0.0
20230314:1011,377.01,75.0,0.0,25.79,2.21,8.21,0.0
20230314:1111,417.01,80.0,0.0,28.24,2.67,8.76,0.0
20230314:1211,377.01,103.0,0.0,28.45,2.81,8.83,0.0
20230314:1311,79.0,218.0,0.0,26.4,2.57,8.55,0.0
20230314:1411,261.01,99.0,0.0,22.33,1.96,8.07,0.0
20230314:1511,4.0,107.0,0.0,16.67,1.37,7.52,0.0
20230314:1611,12.0,68.0,0.0,9.88,0.99,6.97,0.0
20230314:1711,0.0,5.0,0.0,2.41,0.5,6.76,0.0
20230314:1811,0.0,0.0,0.0,0.0,0.26,6.28,0.0
20230314:1911,0.0,0.0,0.0,0.0,-1.08,5.59,0.0
20230314:2011,0.0,0.0,0.0,0.0,-0.93,5.24,0.0
20230314:2111,0.0,0.0,0.0,0.0,-0.96,5.79,0.0
20230314:2211,0.0,0.0,0.0,0.0,-0.9,5.79,0.0
20230314:2311,0.0,0.0,0.0,0.0,-0.76,5.1,0.0
20230315:0011,0.0,0.0,0.0,0.0,-0.56,4.69,0.0
20230315:0111,0.0,0.0,0.0,0.0,-0.22,4.41,0.0
20230315:0211,0.0,0.0,0.0,0.0,-0.01,4.21,0.0
20230315:0311,0.0,0.0,0.0,0.0,-0.1,3.72,0.0
20230315:0411,0.0,0.0,0.0,0.0,-0.24,2.83,0.0
20230315:0511,0.0,0.0,0.0,0.0,-0.41,1.72,0.0
20230315:0611,0.0,0.0,0.0,0.0,-0.34,1.17,0.0
20230315:0711,0.0,13.0,0.0,8.92,0.44,0.69,0.0
20230315:0811,20.0,121.0,0.0,15.88,1.28,0.28,0.0
20230315:0911,41.0,176.0,0.0,21.79,2.15,0.28,0.0
20230315:1011,80.0,216.0,0.0,26.19,2.69,1.1,0.0
20230315:1111,152.0,221.0,0.0,28.64,2.42,2.14,0.0
20230315:1211,177.01,214.0,0.0,28.84,2.63,2.69,0.0
20230315:1311,82.0,221.0,0.0,26.77,2.6,3.03,0.0
20230315:1411,276.01,94.0,0.0,22.68,2.66,3.1,0.0
20230315:1511,218.01,61.0,0.0,17.0,2.6,2.9,0.0
20230315:1611,104.0,44.0,0.0,10.19,2.28,2.41,0.0
20230315:1711,2.0,11.63,0.0,2.72,1.65,1.86,0.0
20230315:1811,0.0,0.0,0.0,0.0,1.2,0.97,0.0
20230315:1911,0.0,0.0,0.0,0.0,-1.64,1.38,0.0
20230315:2011,0.0,0.0,0.0,0.0,-4.3,1.86,0.0
20230315:2111,0.0,0.0,0.0,0.0,-5.87,2.28,0.0
20230315:2211,0.0,0.0,0.0,0.0,-5.82,2.69,0.0
20230315:2311,0.0,0.0,0.0,0.0,-4.16,3.24,0.0
20230316:0011,0.0,0.0,0.0,0.0,-2.3,3.86,0.0
20230316:0111,0.0,0.0,0.0,0.0,-1.31,4.48,0.0
20230316:0211,0.0,0.0,0.0,0.0,-0.73,4.97,0.0
20230316:0311,0.0,0.0,0.0,0.0,-0.25,5.38,0.0
20230316:0411,0.0,0.0,0.0,0.0,0.15,5.93,0.0
20230316:0511,0.0,0.0,0.0,0.0,0.39,6.48,0.0
20230316:0611,0.0,1.0,0.0,1.75,0.57,6.9,0.0
20230316:0711,0.0,28.0,0.0,9.3,1.09,7.52,0.0
20230316:0811,2.0,96.0,0.0,16.26,1.42,8.21,0.0
20230316:0911,0.0,84.0,0.0,22.18,1.75,8.76,0.0
20230316:1011,0.0,96.0,0.0,26.59,1.99,8.62,0.0
20230316:1111,0.0,75.0,0.0,29.04,2.01,8.9,0.0
20230316:1211,2.0,172.0,0.0,29.23,2.2,9.1,0.0
20230316:1311,0.0,86.0,0.0,27.14,2.65,11.03,0.0
20230316:1411,0.0,119.0,0.0,23.03,2.41,11.38,0.0
20230316:1511,0.0,42.0,0.0,17.33,2.01,11.45,0.0
20230316:1611,0.0,47.0,0.0,10.51,1.64,11.38,0.0
20230316:1711,0.0,4.0,0.0,3.02,1.63,11.38,0.0
20230316:1811,0.0,0.0,0.0,0.0,1.68,11.52,0.0
20230316:1911,0.0,0.0,0.0,0.0,1.92,11.52,0.0
20230316:2011,0.0,0.0,0.0,0.0,2.07,11.24,0.0
20230316:2111,0.0,0.0,0.0,0.0,2.32,10.55,0.0
20230316:2211,0.0,0.0,0.0,0.0,2.85,9.79,0.0
20230316:2311,0.0,0.0,0.0,0.0,3.59,8.97,0.0
20230317:0011,0.0,0.0,0.0,0.0,3.9,8.14,0.0
20230317:0111,0.0,0.0,0.0,0.0,4.26,7.93,0.0
20230317:0211,0.0,0.0,0.0,0.0,4.5,7.24,0.0
20230317:0311,0.0,0.0,0.0,0.0,4.61,6.69,0.0
20230317:0411,0.0,0.0,0.0,0.0,4.6,6.34,0.0
20230317:0511,0.0,0.0,0.0,0.0,4.51,6.14,0.0
20230317:0611,0.0,2.0,0.0,2.12,4.43,5.86,0.0
20230317:0711,45.0,62.0,0.0,9.68,4.51,5.38,0.0
20230317:0811,0.0,73.0,0.0,16.65,4.68,5.1,0.0
20230317:0911,0.0,71.0,0.0,22.58,4.84,4.97,0.0
20230317:1011,0.0,52.0,0.0,26.99,5.1,4.83,0.0
20230317:1111,0.0,134.0,0.0,29.44,5.47,4.62,0.0
20230317:1211,0.0,86.0,0.0,29.62,5.76,4.48,0.0
20230317:1311,0.0,40.0,0.0,27.51,5.98,4.48,0.0
20230317:1411,0.0,33.0,0.0,23.38,5.79,4.28,0.0
20230317:1511,1.0,94.0,0.0,17.65,5.82,3.86,0.0
20230317:1611,6.0,68.0,0.0,10.82,5.56,4.0,0.0
20230317:1711,0.0,5.0,0.0,3.32,5.47,3.86,0.0
20230317:1811,0.0,0.0,0.0,0.0,5.36,3.59,0.0
20230317:1911,0.0,0.0,0.0,0.0,5.22,3.17,0.0
20230317:2011,0.0,0.0,0.0,0.0,5.2,3.03,0.0
20230317:2111,0.0,0.0,0.0,0.0,5.12,2.55,0.0
20230317:2211,0.0,0.0,0.0,0.0,5.0,1.93,0.0
20230317:2311,0.0,0.0,0.0,0.0,4.88,1.66,0.0
20230318:0011,0.0,0.0,0.0,0.0,4.83,1.38,0.0
20230318:0111,0.0,0.0,0.0,0.0,4.63,1.03,0.0
20230318:0211,0.0,0.0,0.0,0.0,4.39,0.69,0.0
20230318:0311,0.0,0.0,0.0,0.0,3.74,0.48,0.0
20230318:0411,0.0,0.0,0.0,0.0,3.17,0.62,0.0
20230318:0511,0.0,0.0,0.0,0.0,2.8,0.83,0.0
20230318:0611,0.0,2.0,0.0,2.5,2.57,0.97,0.0
20230318:0711,25.0,71.0,0.0,10.07,2.26,1.17,0.0
20230318:0811,45.0,131.0,0.0,17.04,3.73,1.03,0.0
20230318:0911,18.0,170.0,0.0,22.98,4.76,0.83,0.0
20230318:1011,1.0,145.0,0.0,27.4,5.13,0.76,0.0
20230318:1111,6.0,192.0,0.0,29.84,5.87,0.62,0.0
20230318:1211,3.0,180.0,0.0,30.01,6.37,0.69,0.0
20230318:1311,51.0,223.0,0.0,27.88,6.72,0.83,0.0
20230318:1411,1.0,132.0,0.0,23.73,6.78,0.55,0.0
20230318:1511,16.0,130.0,0.0,17.98,6.78,0.21,0.0
20230318:1611,11.0,75.0,0.0,11.13,6.63,0.28,0.0
20230318:1711,1.0,13.84,0.0,3.62,6.29,1.24,0.0
20230318:1811,0.0,0.0,0.0,0.0,5.52,2.14,0.0
20230318:1911,0.0,0.0,0.0,0.0,5.36,2.48,0.0
20230318:2011,0.0,0.0,0.0,0.0,5.28,3.03,0.0
20230318:2111,0.0,0.0,0.0,0.0,5.09,3.52,0.0
20230318:2211,0.0,0.0,0.0,0.0,5.15,3.93,0.0
20230318:2311,0.0,0.0,0.0,0.0,5.3,4.21,0.0
20230319:0011,0.0,0.0,0.0,0.0,5.34,4.41,0.0
20230319:0111,0.0,0.0,0.0,0.0,5.39,4.41,0.0
20230319:0211,0.0,0.0,0.0,0.0,5.39,4.55,0.0
20230319:0311,0.0,0.0,0.0,0.0,5.4,4.9,0.0
20230319:0411,0.0,0.0,0.0,0.0,5.45,5.31,0.0
20230319:0511,0.0,0.0,0.0,0.0,5.38,5.66,0.0
20230319:0611,0.0,4.0,0.0,2.88,5.18,5.52,0.0
20230319:0711,11.0,71.0,0.0,10.45,4.87,5.38,0.0
20230319:0811,21.0,129.0,0.0,17.43,4.93,5.31,0.0
20230319:0911,0.0,95.0,0.0,23.37,5.14,5.17,0.0
20230319:1011,0.0,70.0,0.0,27.8,5.51,4.9,0.0
20230319:1111,0.0,96.0,0.0,30.24,5.9,4.48,0.0
20230319:1211,0.0,158.0,0.0,30.4,6.19,3.86,0.0
20230319:1311,0.0,79.0,0.0,28.25,6.02,3.38,0.0
20230319:1411,0.0,34.0,0.0,24.07,6.06,3.03,0.0
20230319:1511,0.0,47.0,0.0,18.31,5.9,2.9,0.0
20230319:1611,1.0,55.0,0.0,11.44,5.65,2.83,0.0
20230319:1711,0.0,7.0,0.0,3.92,5.27,2.69,0.0
20230319:1811,0.0,0.0,0.0,0.0,4.98,2.69,0.0
20230319:1911,0.0,0.0,0.0,0.0,4.77,2.83,0.0
20230319:2011,0.0,0.0,0.0,0.0,4.72,2.55,0.0
20230319:2111,0.0,0.0,0.0,0.0,4.73,2.21,0.0
20230319:2211,0.0,0.0,0.0,0.0,4.72,1.72,0.0
20230319:2311,0.0,0.0,0.0,0.0,4.7,2.0,0.0
20230320:0011,0.0,0.0,0.0,0.0,4.65,2.62,0.0
20230320:0111,0.0,0.0,0.0,0.0,4.56,3.52,0.0
20230320:0211,0.0,0.0,0.0,0.0,4.32,4.07,0.0
20230320:0311,0.0,0.0,0.0,0.0,4.01,4.34,0.0
20230320:0411,0.0,0.0,0.0,0.0,3.76,3.93,0.0
20230320:0511,0.0,0.0,0.0,0.0,3.5,3.52,0.0
20230320:0611,0.0,12.0,0.0,3.26,3.3,3.1,0.0
20230320:0711,21.0,78.0,0.0,10.83,3.41,3.1,0.0
20230320:0811,6.0,116.0,0.0,17.82,3.81,3.66,0.0
20230320:0911,303.01,88.0,0.0,23.77,4.32,3.86,0.0
20230320:1011,234.01,176.0,0.0,28.2,4.74,4.0,0.0
20230320:1111,457.01,79.0,0.0,30.64,5.2,4.14,0.0
20230320:1211,403.01,109.0,0.0,30.79,5.54,4.28,0.0
20230320:1311,175.01,208.0,0.0,28.62,5.72,4.07,0.0
20230320:1411,21.0,185.0,0.0,24.42,5.78,4.07,0.0
20230320:1511,28.0,145.0,0.0,18.63,5.73,4.0,0.0
20230320:1611,31.0,86.0,0.0,11.75,5.34,3.93,0.0
20230320:1711,2.0,19.61,0.0,4.23,4.56,3.52,0.0
20230320:1811,0.0,0.0,0.0,0.0,3.77,3.1,0.0
20230320:1911,0.0,0.0,0.0,0.0,3.61,2.48,0.0
20230320:2011,0.0,0.0,0.0,0.0,3.19,1.93,0.0
20230320:2111,0.0,0.0,0.0,0.0,2.74,1.66,0.0
20230320:2211,0.0,0.0,0.0,0.0,2.14,1.79,0.0
20230320:2311,0.0,0.0,0.0,0.0,1.28,1.45,0.0
20230321:0011,0.0,0.0,0.0,0.0,0.67,1.79,0.0
20230321:0111,0.0,0.0,0.0,0.0,0.51,1.38,0.0
20230321:0211,0.0,0.0,0.0,0.0,0.46,1.66,0.0
20230321:0311,0.0,0.0,0.0,0.0,0.59,1.93,0.0
20230321:0411,0.0,0.0,0.0,0.0,0.84,2.41,0.0
20230321:0511,0.0,0.0,0.0,0.0,1.06,2.76,0.0
20230321:0611,0.0,4.0,0.0,3.64,1.5,3.1,0.0
20230321:0711,0.0,0.0,0.0,0.0,2.3,4.07,0.0
20230321:0811,0.0,0.0,0.0,0.0,3.02,4.62,0.0
20230321:0911,0.0,89.0,0.0,24.17,3.41,5.1,0.0
20230321:1011,0.0,133.0,0.0,28.6,3.5,5.66,0.0
20230321:1111,9.0,208.0,0.0,31.04,3.49,6.28,0.0
20230321:1211,0.0,159.0,0.0,31.18,3.38,6.55,0.0
20230321:1311,2.0,171.0,0.0,28.99,3.51,6.83,0.0
20230321:1411,10.0,172.0,0.0,24.77,3.69,7.03,0.0
20230321:1511,0.0,87.0,0.0,18.96,3.82,7.1,0.0
20230321:1611,0.0,50.0,0.0,12.06,3.89,7.1,0.0
20230321:1711,0.0,4.0,0.0,4.53,3.88,7.1,0.0
20230321:1811,0.0,0.0,0.0,0.0,3.46,6.69,0.0
20230321:1911,0.0,0.0,0.0,0.0,3.72,6.14,0.0
20230321:2011,0.0,0.0,0.0,0.0,3.94,5.72,0.0
20230321:2111,0.0,0.0,0.0,0.0,4.39,5.59,0.0
20230321:2211,0.0,0.0,0.0,0.0,4.54,5.24,0.0
20230321:2311,0.0,0.0,0.0,0.0,4.58,5.17,0.0
20230322:0011,0.0,0.0,0.0,0.0,4.7,5.17,0.0
20230322:0111,0.0,0.0,0.0,0.0,4.78,5.1,0.0
20230322:0211,0.0,0.0,0.0,0.0,4.87,5.31,0.0
20230322:0311,0.0,0.0,0.0,0.0,4.97,5.59,0.0
20230322:0411,0.0,0.0,0.0,0.0,5.02,5.66,0.0
20230322:0511,0.0,0.0,0.0,0.0,4.99,5.72,0.0
20230322:0611,0.0,3.0,0.0,4.02,5.08,5.86,0.0
20230322:0711,0.0,0.0,0.0,0.0,5.39,6.34,0.0
20230322:0811,0.0,45.0,0.0,18.6,5.33,6.69,0.0
20230322:0911,0.0,72.0,0.0,24.57,5.52,7.24,0.0
20230322:1011,0.0,85.0,0.0,29.01,5.6,7.66,0.0
20230322:1111,0.0,108.0,0.0,31.44,5.6,7.72,0.0
20230322:1211,0.0,150.0,0.0,31.57,5.65,7.1,0.0
20230322:1311,204.01,198.0,0.0,29.36,6.03,6.55,0.0
20230322:1411,5.0,160.0,0.0,25.11,6.31,6.76,0.0
20230322:1511,136.0,123.0,0.0,19.28,6.47,6.14,0.0
20230322:1611,104.0,63.0,0.0,12.36,6.41,6.14,0.0
20230322:1711,3.0,24.35,0.0,4.82,6.03,6.48,0.0
20230322:1811,0.0,0.0,0.0,0.0,5.62,6.62,0.0
20230322:1911,0.0,0.0,0.0,0.0,5.65,7.31,0.0
20230322:2011,0.0,0.0,0.0,0.0,5.7,6.83,0.0
20230322:2111,0.0,0.0,0.0,0.0,5.53,6.48,0.0
20230322:2211,0.0,0.0,0.0,0.0,5.43,5.93,0.0
20230322:2311,0.0,0.0,0.0,0.0,5.36,5.24,0.0
20230323:0011,0.0,0.0,0.0,0.0,5.13,4.83,0.0
20230323:0111,0.0,0.0,0.0,0.0,4.9,4.97,0.0
20230323:0211,0.0,0.0,0.0,0.0,4.53,4.76,0.0
20230323:0311,0.0,0.0,0.0,0.0,4.54,4.55,0.0
20230323:0411,0.0,0.0,0.0,0.0,4.42,4.83,0.0
20230323:0511,0.0,0.0,0.0,0.0,4.46,5.17,0.0
20230323:0611,0.0,4.0,0.0,4.39,4.58,5.24,0.0
20230323:0711,2.0,66.0,0.0,11.98,4.72,5.66,0.0
20230323:0811,20.0,142.0,0.0,18.99,4.59,5.66,0.0
20230323:0911,25.0,191.0,0.0,24.96,4.92,5.86,0.0
20230323:1011,0.0,79.0,0.0,29.41,5.33,5.03,0.0
20230323:1111,44.0,254.0,0.0,31.84,5.52,5.31,0.0
20230323:1211,102.0,259.0,0.0,31.96,6.01,5.86,0.0
20230323:1311,0.0,145.0,0.0,29.73,6.15,5.66,0.0
20230323:1411,0.0,98.0,0.0,25.46,6.31,5.59,0.0
20230323:1511,0.0,87.0,0.0,19.6,5.9,5.59,0.0
20230323:1611,0.0,33.0,0.0,12.67,5.71,5.31,0.0
20230323:1711,0.0,6.0,0.0,5.12,5.43,4.55,0.0
20230323:1811,0.0,0.0,0.0,0.0,4.98,4.0,0.0
20230323:1911,0.0,0.0,0.0,0.0,5.03,4.34,0.0
20230323:2011,0.0,0.0,0.0,0.0,5.02,3.93,0.0
20230323:2111,0.0,0.0,0.0,0.0,5.0,3.93,0.0
20230323:2211,0.0,0.0,0.0,0.0,5.0,4.0,0.0
20230323:2311,0.0,0.0,0.0,0.0,5.0,3.86,0.0
20230324:0011,0.0,0.0,0.0,0.0,4.92,3.86,0.0
20230324:0111,0.0,0.0,0.0,0.0,4.89,3.93,0.0
20230324:0211,0.0,0.0,0.0,0.0,4.7,3.86,0.0
20230324:0311,0.0,0.0,0.0,0.0,4.73,3.72,0.0
20230324:0411,0.0,0.0,0.0,0.0,4.46,3.66,0.0
20230324:0511,0.0,0.0,0.0,0.0,4.39,3.38,0.0
20230324:0611,0.0,5.0,0.0,4.77,4.47,3.17,0.0
20230324:0711,0.0,51.0,0.0,12.36,4.58,2.9,0.0
20230324:0811,0.0,89.0,0.0,19.37,4.98,2.41,0.0
20230324:0911,0.0,64.0,0.0,25.36,5.07,2.0,0.0
20230324:1011,0.0,139.0,0.0,29.81,5.3,1.79,0.0
20230324:1111,0.0,146.0,0.0,32.24,5.38,2.0,0.0
20230324:1211,0.0,152.0,0.0,32.34,5.23,2.55,0.0
20230324:1311,3.0,181.0,0.0,30.1,5.02,3.1,0.0
20230324:1411,3.0,154.0,0.0,25.8,4.86,3.24,0.0
20230324:1511,0.0,52.0,0.0,19.92,4.7,2.9,0.0
20230324:1611,0.0,19.0,0.0,12.98,4.57,2.69,0.0
20230324:1711,0.0,19.0,0.0,5.42,4.51,2.76,0.0
20230324:1811,0.0,0.0,0.0,0.0,4.43,3.24,0.0
20230324:1911,0.0,0.0,0.0,0.0,4.31,2.9,0.0
20230324:2011,0.0,0.0,0.0,0.0,4.2,2.69,0.0
20230324:2111,0.0,0.0,0.0,0.0,4.22,2.69,0.0
20230324:2211,0.0,0.0,0.0,0.0,4.23,2.55,0.0
20230324:2311,0.0,0.0,0.0,0.0,4.14,2.48,0.0
20230325:0011,0.0,0.0,0.0,0.0,4.07,2.28,0.0
20230325:0111,0.0,0.0,0.0,0.0,4.18,2.28,0.0
20230325:0211,0.0,0.0,0.0,0.0,4.14,2.21,0.0
20230325:0311,0.0,0.0,0.0,0.0,4.09,1.79,0.0
20230325:0411,0.0,0.0,0.0,0.0,4.05,1.24,0.0
20230325:0511,0.0,0.0,0.0,0.0,3.78,0.76,0.0
20230325:0611,0.0,16.0,0.0,5.15,3.68,0.28,0.0
20230325:0711,26.0,94.0,0.0,12.74,4.21,0.9,0.0
20230325:0811,67.0,154.0,0.0,19.76,4.56,1.24,0.0
20230325:0911,20.0,193.0,0.0,25.76,4.75,1.52,0.0
20230325:1011,8.0,205.0,0.0,30.21,5.03,1.72,0.0
20230325:1111,1.0,177.0,0.0,32.64,5.4,2.07,0.0
20230325:1211,1.0,184.0,0.0,32.73,5.59,2.62,0.0
20230325:1311,0.0,144.0,0.0,30.46,5.74,3.38,0.0
20230325:1411,0.0,110.0,0.0,26.14,5.64,4.07,0.0
20230325:1511,3.0,122.0,0.0,20.24,5.22,4.21,0.0
20230325:1611,31.0,99.0,0.0,13.28,4.77,4.41,0.0
20230325:1711,14.0,31.42,0.0,5.72,4.34,4.41,0.0
20230325:1811,0.0,0.0,0.0,0.0,3.8,4.76,0.0
20230325:1911,0.0,0.0,0.0,0.0,3.41,5.17,0.0
20230325:2011,0.0,0.0,0.0,0.0,3.02,4.97,0.0
20230325:2111,0.0,0.0,0.0,0.0,2.74,4.9,0.0
20230325:2211,0.0,0.0,0.0,0.0,2.51,5.24,0.0
20230325:2311,0.0,0.0,0.0,0.0,2.33,5.66,0.0
20230326:0011,0.0,0.0,0.0,0.0,2.06,5.93,0.0
20230326:0111,0.0,0.0,0.0,0.0,1.68,6.0,0.0
20230326:0211,0.0,0.0,0.0,0.0,1.51,6.21,0.0
20230326:0311,0.0,0.0,0.0,0.0,1.27,6.41,0.0
20230326:0411,0.0,0.0,0.0,0.0,1.01,6.48,0.0
20230326:0511,0.0,0.0,0.0,0.0,0.9,6.62,0.0
20230326:0611,0.0,33.0,0.0,5.53,0.76,6.69,0.0
20230326:0711,138.0,59.0,0.0,13.12,1.07,6.69,0.0
20230326:0811,279.01,65.0,0.0,20.15,1.65,6.9,0.0
20230326:0911,391.01,72.0,0.0,26.15,2.3,7.17,0.0
20230326:1011,475.01,74.0,0.0,30.61,2.91,7.38,0.0
20230326:1111,520.01,75.0,0.0,33.04,3.33,7.66,0.0
20230326:1211,464.01,106.0,0.0,33.12,3.41,7.93,0.0
20230326:1311,195.01,228.0,0.0,30.83,3.36,7.86,0.0
20230326:1411,249.01,156.0,0.0,26.48,3.12,7.66,0.0
20230326:1511,184.0,122.0,0.0,20.56,2.9,7.38,0.0
20230326:1611,163.0,52.0,0.0,13.59,2.52,6.97,0.0
20230326:1711,44.0,29.0,0.0,6.01,2.09,6.62,0.0
20230326:1811,0.0,0.0,0.0,0.0,1.4,6.69,0.0
20230326:1911,0.0,0.0,0.0,0.0,1.01,6.0,0.0
20230326:2011,0.0,0.0,0.0,0.0,0.52,5.93,0.0
20230326:2111,0.0,0.0,0.0,0.0,0.23,5.59,0.0
20230326:2211,0.0,0.0,0.0,0.0,0.1,5.45,0.0
20230326:2311,0.0,0.0,0.0,0.0,0.0,5.72,0.0
20230327:0011,0.0,0.0,0.0,0.0,-0.09,5.86,0.0
20230327:0111,0.0,0.0,0.0,0.0,-0.33,5.66,0.0
20230327:0211,0.0,0.0,0.0,0.0,-0.57,5.52,0.0
20230327:0311,0.0,0.0,0.0,0.0,-0.59,5.31,0.0
20230327:0411,0.0,0.0,0.0,0.0,-0.56,5.38,0.0
20230327:0511,0.0,0.0,0.0,0.0,-0.36,5.79,0.0
20230327:0611,0.0,6.0,0.0,5.91,-0.21,5.79,0.0
20230327:0711,60.0,99.0,0.0,13.5,-0.19,6.55,0.0
20230327:0811,0.0,50.0,0.0,20.54,0.31,6.69,0.0
20230327:0911,29.0,210.0,0.0,26.55,1.01,7.03,0.0
20230327:1011,59.0,256.0,0.0,31.01,1.79,7.31,0.0
20230327:1111,137.0,271.0,0.0,33.44,2.41,7.17,0.0
20230327:1211,390.01,153.0,0.0,33.5,2.97,7.1,0.0
20230327:1311,374.01,136.0,0.0,31.19,3.41,7.17,0.0
20230327:1411,360.01,94.0,0.0,26.82,3.58,7.31,0.0
20230327:1511,289.01,67.0,0.0,20.88,3.63,7.17,0.0
20230327:1611,39.0,106.0,0.0,13.89,3.34,6.76,0.0
20230327:1711,24.0,39.0,0.0,6.31,2.86,6.21,0.0
20230327:1811,0.0,0.0,0.0,0.0,2.04,5.72,0.0
20230327:1911,0.0,0.0,0.0,0.0,1.48,5.03,0.0
20230327:2011,0.0,0.0,0.0,0.0,1.21,4.69,0.0
20230327:2111,0.0,0.0,0.0,0.0,1.01,4.14,0.0
20230327:2211,0.0,0.0,0.0,0.0,0.92,3.59,0.0
20230327:2311,0.0,0.0,0.0,0.0,0.85,2.76,0.0
20230328:0011,0.0,0.0,0.0,0.0,0.52,1.66,0.0
20230328:0111,0.0,0.0,0.0,0.0,0.47,0.48,0.0
20230328:0211,0.0,0.0,0.0,0.0,0.42,0.55,0.0
20230328:0311,0.0,0.0,0.0,0.0,-0.61,1.17,0.0
20230328:0411,0.0,0.0,0.0,0.0,-0.06,2.0,0.0
20230328:0511,0.0,0.0,0.0,0.0,-0.23,2.41,0.0
20230328:0611,0.0,15.0,0.0,6.28,0.1,2.76,0.0
20230328:0711,0.0,52.0,0.0,13.88,0.36,4.48,0.0
20230328:0811,7.0,141.0,0.0,20.92,1.01,5.45,0.0
20230328:0911,5.0,175.0,0.0,26.94,1.81,6.07,0.0
20230328:1011,0.0,135.0,0.0,31.41,2.53,6.34,0.0
20230328:1111,2.0,197.0,0.0,33.83,3.13,6.69,0.0
20230328:1211,294.01,207.0,0.0,33.88,3.53,6.97,0.0
20230328:1311,0.0,81.0,0.0,31.56,2.74,6.48,0.0
20230328:1411,0.0,58.0,0.0,27.16,2.41,6.62,0.0
20230328:1511,0.0,87.0,0.0,21.2,2.46,5.79,0.0
20230328:1611,13.0,101.0,0.0,14.19,2.81,4.07,0.0
20230328:1711,1.0,32.0,0.0,6.6,2.91,2.55,0.0
20230328:1811,0.0,0.0,0.0,0.0,2.95,1.93,0.0
20230328:1911,0.0,0.0,0.0,0.0,2.64,1.31,0.0
20230328:2011,0.0,0.0,0.0,0.0,2.43,1.24,0.0
20230328:2111,0.0,0.0,0.0,0.0,1.24,1.38,0.0
20230328:2211,0.0,0.0,0.0,0.0,0.75,1.45,0.0
20230328:2311,0.0,0.0,0.0,0.0,0.52,1.45,0.0
20230329:0011,0.0,0.0,0.0,0.0,1.52,1.59,0.0
20230329:0111,0.0,0.0,0.0,0.0,0.3,1.72,0.0
20230329:0211,0.0,0.0,0.0,0.0,0.32,1.79,0.0
20230329:0311,0.0,0.0,0.0,0.0,0.35,1.86,0.0
20230329:0411,0.0,0.0,0.0,0.0,0.47,1.86,0.0
20230329:0511,0.0,0.0,0.0,0.0,1.17,1.79,0.0
20230329:0611,0.0,38.0,0.0,6.66,1.06,1.79,0.0
20230329:0711,10.0,99.0,0.0,14.26,2.0,1.59,0.0
20230329:0811,7.0,142.0,0.0,21.31,3.16,1.52,0.0
20230329:0911,1.0,155.0,0.0,27.33,4.24,1.59,0.0
20230329:1011,0.0,124.0,0.0,31.81,4.75,1.86,0.0
20230329:1111,0.0,162.0,0.0,34.23,5.01,2.41,0.0
20230329:1211,155.0,266.0,0.0,34.27,4.86,3.1,0.0
20230329:1311,81.0,259.0,0.0,31.92,4.76,3.72,0.0
20230329:1411,65.0,222.0,0.0,27.5,4.88,4.14,0.0
20230329:1511,22.0,163.0,0.0,21.52,4.61,4.55,0.0
20230329:1611,20.0,106.0,0.0,14.49,4.11,4.9,0.0
20230329:1711,9.0,43.0,0.0,6.9,3.71,5.31,0.0
20230329:1811,0.0,0.0,0.0,0.0,3.19,5.45,0.0
20230329:1911,0.0,0.0,0.0,0.0,2.39,6.07,0.0
20230329:2011,0.0,0.0,0.0,0.0,2.03,6.28,0.0
20230329:2111,0.0,0.0,0.0,0.0,1.58,6.62,0.0
20230329:2211,0.0,0.0,0.0,0.0,1.29,7.1,0.0
20230329:2311,0.0,0.0,0.0,0.0,1.04,7.45,0.0
20230330:0011,0.0,0.0,0.0,0.0,0.89,7.66,0.0
20230330:0111,0.0,0.0,0.0,0.0,0.96,8.0,0.0
20230330:0211,0.0,0.0,0.0,0.0,0.87,8.14,0.0
20230330:0311,0.0,0.0,0.0,0.0,0.89,8.07,0.0
20230330:0411,0.0,0.0,0.0,0.0,0.79,8.21,0.0
20230330:0511,0.0,0.0,0.0,0.0,0.56,8.34,0.0
20230330:0611,0.0,28.0,0.0,7.03,0.38,8.62,0.0
20230330:0711,2.0,83.0,0.0,14.64,0.2,8.76,0.0
20230330:0811,0.0,42.0,0.0,21.69,0.77,8.55,0.0
20230330:0911,32.0,213.0,0.0,27.73,1.31,8.14,0.0
20230330:1011,3.0,195.0,0.0,32.21,1.79,7.52,0.0
20230330:1111,0.0,168.0,0.0,34.62,2.26,6.83,0.0
20230330:1211,0.0,81.0,0.0,34.65,2.62,5.86,0.0
20230330:1311,0.0,61.0,0.0,32.28,2.86,5.03,0.0
20230330:1411,0.0,142.0,0.0,27.83,2.96,4.28,0.0
20230330:1511,0.0,106.0,0.0,21.83,3.06,3.45,0.0
20230330:1611,0.0,38.0,0.0,14.79,3.05,2.69,0.0
20230330:1711,3.0,40.0,0.0,7.19,3.07,2.14,0.0
20230330:1811,0.0,0.0,0.0,0.0,2.93,2.0,0.0
20230330:1911,0.0,0.0,0.0,0.0,2.33,1.52,0.0
20230330:2011,0.0,0.0,0.0,0.0,2.14,1.52,0.0
20230330:2111,0.0,0.0,0.0,0.0,1.99,1.52,0.0
20230330:2211,0.0,0.0,0.0,0.0,1.95,1.38,0.0
20230330:2311,0.0,0.0,0.0,0.0,1.75,1.31,0.0
20230331:0011,0.0,0.0,0.0,0.0,1.73,1.45,0.0
20230331:0111,0.0,0.0,0.0,0.0,1.48,1.52,0.0
20230331:0211,0.0,0.0,0.0,0.0,0.85,1.38,0.0
20230331:0311,0.0,0.0,0.0,0.0,0.77,1.24,0.0
20230331:0411,0.0,0.0,0.0,0.0,0.81,1.31,0.0
20230331:0511,0.0,0.0,0.0,0.0,0.75,1.38,0.0
20230331:0611,0.0,8.0,0.0,7.4,0.87,1.31,0.0
20230331:0711,1.0,76.0,0.0,15.01,1.97,1.59,0.0
20230331:0811,7.0,145.0,0.0,22.08,2.8,1.79,0.0
20230331:0911,73.0,226.0,0.0,28.12,3.54,2.07,0.0
20230331:1011,27.0,246.0,0.0,32.6,3.96,2.34,0.0
20230331:1111,122.0,280.0,0.0,35.02,4.73,2.62,0.0
20230331:1211,115.0,281.0,0.0,35.03,5.3,2.9,0.0
20230331:1311,100.0,262.0,0.0,32.64,5.69,2.97,0.0
20230331:1411,41.0,222.0,0.0,28.17,5.68,2.97,0.0
20230331:1511,1.0,123.0,0.0,22.14,5.53,3.1,0.0
20230331:1611,4.0,91.0,0.0,15.09,5.06,2.9,0.0
20230331:1711,5.0,45.0,0.0,7.48,4.44,2.9,0.0
20230331:1811,0.0,0.0,0.0,0.0,3.81,2.76,0.0
20230331:1911,0.0,0.0,0.0,0.0,3.73,2.55,0.0
20230331:2011,0.0,0.0,0.0,0.0,3.18,2.97,0.0
20230331:2111,0.0,0.0,0.0,0.0,2.71,3.38,0.0
20230331:2211,0.0,0.0,0.0,0.0,2.42,3.24,0.0
20230331:2311,0.0,0.0,0.0,0.0,2.18,3.17,0.0
20230401:0011,0.0,0.0,0.0,0.0,1.9,3.17,0.0
20230401:0111,0.0,0.0,0.0,0.0,1.57,2.97,0.0
20230401:0211,0.0,0.0,0.0,0.0,1.23,2.76,0.0
20230401:0311,0.0,0.0,0.0,0.0,0.89,2.62,0.0
20230401:0411,0.0,0.0,0.0,0.0,0.59,2.55,0.0
20230401:0511,0.0,0.0,0.0,0.0,0.37,2.62,0.0
20230401:0611,57.0,41.0,0.0,7.78,0.32,2.62,0.0
20230401:0711,165.0,72.0,0.0,15.39,0.62,2.62,0.0
20230401:0811,301.01,81.0,0.0,22.46,1.68,2.62,0.0
20230401:0911,411.01,89.0,0.0,28.51,2.77,2.62,0.0
20230401:1011,492.01,93.0,0.0,33.0,3.83,2.48,0.0
20230401:1111,535.01,94.0,0.0,35.41,4.79,2.34,0.0
20230401:1211,496.01,115.0,0.0,35.41,5.51,2.21,0.0
20230401:1311,492.01,92.0,0.0,32.99,5.94,1.93,0.0
20230401:1411,410.01,89.0,0.0,28.5,6.11,1.86,0.0
20230401:1511,301.01,81.0,0.0,22.45,6.05,2.07,0.0
20230401:1611,169.0,70.0,0.0,15.39,5.78,2.41,0.0
20230401:1711,57.0,41.0,0.0,7.77,5.16,2.76,0.0
20230401:1811,0.0,0.0,0.0,0.0,4.33,2.9,0.0
20230401:1911,0.0,0.0,0.0,0.0,3.42,3.38,0.0
20230401:2011,0.0,0.0,0.0,0.0,2.36,3.03,0.0
20230401:2111,0.0,0.0,0.0,0.0,1.07,2.48,0.0
20230401:2211,0.0,0.0,0.0,0.0,0.39,1.93,0.0
20230401:2311,0.0,0.0,0.0,0.0,0.03,1.59,0.0
20230402:0011,0.0,0.0,0.0,0.0,-0.37,1.38,0.0
20230402:0111,0.0,0.0,0.0,0.0,-1.13,1.31,0.0
20230402:0211,0.0,0.0,0.0,0.0,-1.54,1.38,0.0
20230402:0311,0.0,0.0,0.0,0.0,-1.84,1.31,0.0
20230402:0411,0.0,0.0,0.0,0.0,-1.82,1.24,0.0
20230402:0511,0.0,0.0,0.0,0.0,-1.77,1.17,0.0
20230402:0611,59.0,43.0,0.0,8.15,-0.74,0.97,0.0
20230402:0711,164.0,75.0,0.0,15.76,0.86,0.83,0.0
20230402:0811,301.01,83.0,0.0,22.84,3.52,0.83,0.0
20230402:0911,409.01,91.0,0.0,28.89,4.58,0.97,0.0
20230402:1011,454.01,113.0,0.0,33.39,5.18,1.24,0.0
20230402:1111,493.01,117.0,0.0,35.8,5.55,1.66,0.0
20230402:1211,457.01,136.0,0.0,35.79,5.76,2.0,0.0
20230402:1311,420.01,131.0,0.0,33.35,5.83,2.28,0.0
20230402:1411,399.01,95.0,0.0,28.83,5.73,2.34,0.0
20230402:1511,274.01,95.0,0.0,22.77,5.57,2.34,0.0
20230402:1611,167.0,73.0,0.0,15.68,5.15,2.21,0.0
20230402:1711,59.0,43.0,0.0,8.06,4.4,2.0,0.0
20230402:1811,0.0,0.0,0.0,0.0,3.73,1.66,0.0
20230402:1911,0.0,0.0,0.0,0.0,2.96,0.62,0.0
20230402:2011,0.0,0.0,0.0,0.0,2.84,0.62,0.0
20230402:2111,0.0,0.0,0.0,0.0,1.48,0.97,0.0
20230402:2211,0.0,0.0,0.0,0.0,0.28,1.17,0.0
20230402:2311,0.0,0.0,0.0,0.0,-0.05,1.03,0.0
20230403:0011,0.0,0.0,0.0,0.0,0.03,0.83,0.0
20230403:0111,0.0,0.0,0.0,0.0,-0.15,0.9,0.0
20230403:0211,0.0,0.0,0.0,0.0,-0.32,0.97,0.0
20230403:0311,0.0,0.0,0.0,0.0,0.11,0.69,0.0
20230403:0411,0.0,0.0,0.0,0.0,0.19,0.76,0.0
20230403:0511,0.0,0.0,0.0,0.0,-1.26,1.17,0.0
20230403:0611,18.0,58.0,0.0,8.51,-0.85,1.24,0.0
20230403:0711,154.0,83.0,0.0,16.13,1.55,1.59,0.0
20230403:0811,285.01,94.0,0.0,23.22,3.33,1.79,0.0
20230403:0911,392.01,102.0,0.0,29.28,4.21,1.59,0.0
20230403:1011,406.01,142.0,0.0,33.78,4.84,1.79,0.0
20230403:1111,475.01,127.0,0.0,36.19,5.09,2.0,0.0
20230403:1211,466.01,132.0,0.0,36.16,5.23,2.28,0.0
20230403:1311,381.01,156.0,0.0,33.7,5.3,2.34,0.0
20230403:1411,338.01,130.0,0.0,29.16,5.19,2.07,0.0
20230403:1511,239.0,116.0,0.0,23.07,4.96,1.72,0.0
20230403:1611,154.0,81.0,0.0,15.98,4.67,1.52,0.0
20230403:1711,14.0,56.0,0.0,8.35,4.13,0.97,0.0
20230403:1811,0.0,0.0,0.0,0.0,3.5,0.62,0.0
20230403:1911,0.0,0.0,0.0,0.0,3.31,0.34,0.0
20230403:2011,0.0,0.0,0.0,0.0,1.93,0.97,0.0
20230403:2111,0.0,0.0,0.0,0.0,0.41,1.52,0.0
20230403:2211,0.0,0.0,0.0,0.0,-0.04,1.72,0.0
20230403:2311,0.0,0.0,0.0,0.0,-0.68,1.72,0.0
20230404:0011,0.0,0.0,0.0,0.0,-1.31,1.66,0.0
20230404:0111,0.0,0.0,0.0,0.0,-1.61,1.52,0.0
20230404:0211,0.0,0.0,0.0,0.0,-1.61,1.59,0.0
20230404:0311,0.0,0.0,0.0,0.0,-1.52,1.66,0.0
20230404:0411,0.0,0.0,0.0,0.0,-1.36,1.72,0.0
20230404:0511,0.0,0.0,0.0,0.0,-1.16,1.93,0.0
20230404:0611,63.0,48.0,0.0,8.88,-0.38,1.72,0.0
20230404:0711,171.0,78.0,0.0,16.5,1.36,1.45,0.0
20230404:0811,275.01,101.0,0.0,23.59,3.32,1.24,0.0
20230404:0911,370.01,116.0,0.0,29.66,4.27,1.38,0.0
20230404:1011,441.01,125.0,0.0,34.17,5.0,1.66,0.0
20230404:1111,537.01,98.0,0.0,36.58,5.53,2.07,0.0
20230404:1211,498.01,118.0,0.0,36.54,5.89,2.34,0.0
20230404:1311,458.01,114.0,0.0,34.06,6.05,2.62,0.0
20230404:1411,409.01,94.0,0.0,29.49,6.0,2.97,0.0
20230404:1511,286.01,94.0,0.0,23.38,5.66,3.1,0.0
20230404:1611,87.0,115.0,0.0,16.27,4.91,2.69,0.0
20230404:1711,12.0,57.0,0.0,8.64,4.28,2.21,0.0
20230404:1811,0.0,0.0,0.0,0.0,3.56,2.28,0.0
20230404:1911,0.0,0.0,0.0,0.0,3.06,2.34,0.0
20230404:2011,0.0,0.0,0.0,0.0,2.32,2.69,0.0
20230404:2111,0.0,0.0,0.0,0.0,1.5,2.69,0.0
20230404:2211,0.0,0.0,0.0,0.0,1.03,2.76,0.0
20230404:2311,0.0,0.0,0.0,0.0,0.89,2.9,0.0
20230405:0011,0.0,0.0,0.0,0.0,0.93,3.03,0.0
20230405:0111,0.0,0.0,0.0,0.0,0.91,3.17,0.0
20230405:0211,0.0,0.0,0.0,0.0,0.9,3.45,0.0
20230405:0311,0.0,0.0,0.0,0.0,0.87,3.72,0.0
20230405:0411,0.0,0.0,0.0,0.0,0.93,3.93,0.0
20230405:0511,0.0,0.0,0.0,0.0,1.03,3.86,0.0
20230405:0611,40.0,61.0,0.0,9.25,1.44,3.72,0.0
20230405:0711,150.0,93.0,0.0,16.87,2.64,4.0,0.0
20230405:0811,271.01,108.0,0.0,23.97,4.03,4.76,0.0
20230405:0911,404.01,103.0,0.0,30.05,4.95,5.79,0.0
20230405:1011,467.01,115.0,0.0,34.56,5.7,5.79,0.0
20230405:1111,526.01,108.0,0.0,36.96,6.31,5.66,0.0
20230405:1211,518.01,112.0,0.0,36.91,6.65,5.45,0.0
20230405:1311,464.01,115.0,0.0,34.41,6.72,5.38,0.0
20230405:1411,379.01,113.0,0.0,29.82,6.58,5.31,0.0
20230405:1511,296.01,92.0,0.0,23.69,6.17,4.9,0.0
20230405:1611,172.0,78.0,0.0,16.56,5.67,4.41,0.0
20230405:1711,59.0,50.0,0.0,8.92,5.11,3.86,0.0
20230405:1811,0.0,0.0,0.0,0.0,4.1,3.72,0.0
20230405:1911,0.0,0.0,0.0,0.0,3.46,3.38,0.0
20230405:2011,0.0,0.0,0.0,0.0,2.5,3.1,0.0
20230405:2111,0.0,0.0,0.0,0.0,1.74,2.83,0.0
20230405:2211,0.0,0.0,0.0,0.0,1.28,2.76,0.0
20230405:2311,0.0,0.0,0.0,0.0,0.97,2.76,0.0
20230406:0011,0.0,0.0,0.0,0.0,0.76,2.69,0.0
20230406:0111,0.0,0.0,0.0,0.0,0.6,2.69,0.0
20230406:0211,0.0,0.0,0.0,0.0,0.45,2.69,0.0
20230406:0311,0.0,0.0,0.0,0.0,0.7,2.97,0.0
20230406:0411,0.0,0.0,0.0,0.0,1.14,3.52,0.0
20230406:0511,0.0,1.0,0.0,1.87,1.2,4.41,0.0
20230406:0611,7.0,62.0,0.0,9.61,1.29,5.52,0.0
20230406:0711,37.0,133.0,0.0,17.24,1.78,6.07,0.0
20230406:0811,84.0,193.0,0.0,24.34,2.46,6.41,0.0
20230406:0911,12.0,212.0,0.0,30.43,3.34,6.62,0.0
20230406:1011,34.0,270.0,0.0,34.94,4.16,6.41,0.0
20230406:1111,10.0,248.0,0.0,37.35,4.79,6.07,0.0
20230406:1211,1.0,207.0,0.0,37.28,5.42,5.86,0.0
20230406:1311,9.0,231.0,0.0,34.76,5.69,5.93,0.0
20230406:1411,5.0,193.0,0.0,30.14,5.64,5.93,0.0
20230406:1511,274.01,105.0,0.0,23.99,5.23,5.59,0.0
20230406:1611,148.0,93.0,0.0,16.85,5.03,5.24,0.0
20230406:1711,20.0,64.0,0.0,9.21,4.56,4.69,0.0
20230406:1811,0.0,0.0,0.0,0.0,3.8,4.69,0.0
20230406:1911,0.0,0.0,0.0,0.0,2.52,4.48,0.0
20230406:2011,0.0,0.0,0.0,0.0,1.9,4.76,0.0
20230406:2111,0.0,0.0,0.0,0.0,1.47,4.97,0.0
20230406:2211,0.0,0.0,0.0,0.0,1.28,4.97,0.0
20230406:2311,0.0,0.0,0.0,0.0,1.34,4.97,0.0
20230407:0011,0.0,0.0,0.0,0.0,1.48,5.1,0.0
20230407:0111,0.0,0.0,0.0,0.0,1.66,5.03,0.0
20230407:0211,0.0,0.0,0.0,0.0,1.92,4.97,0.0
20230407:0311,0.0,0.0,0.0,0.0,2.01,4.83,0.0
20230407:0411,0.0,0.0,0.0,0.0,2.09,4.9,0.0
20230407:0511,0.0,1.0,0.0,2.23,2.04,5.1,0.0
20230407:0611,22.0,70.0,0.0,9.97,2.51,5.31,0.0
20230407:0711,17.0,129.0,0.0,17.6,3.52,5.24,0.0
20230407:0811,126.0,185.0,0.0,24.71,4.54,5.66,0.0
20230407:0911,390.01,115.0,0.0,30.81,5.49,5.45,0.0
20230407:1011,461.01,123.0,0.0,35.33,6.23,5.17,0.0
20230407:1111,540.01,105.0,0.0,37.73,6.94,4.83,0.0
20230407:1211,517.01,116.0,0.0,37.65,7.49,4.34,0.0
20230407:1311,419.01,145.0,0.0,35.1,7.81,3.72,0.0
20230407:1411,384.01,115.0,0.0,30.47,7.99,2.9,0.0
20230407:1511,294.01,98.0,0.0,24.29,7.93,2.0,0.0
20230407:1611,180.0,79.0,0.0,17.14,7.6,1.24,0.0
20230407:1711,75.0,49.0,0.0,9.49,6.88,0.76,0.0
20230407:1811,0.0,2.0,0.0,1.76,5.91,0.62,0.0
20230407:1911,0.0,0.0,0.0,0.0,5.32,0.28,0.0
20230407:2011,0.0,0.0,0.0,0.0,4.61,0.41,0.0
20230407:2111,0.0,0.0,0.0,0.0,1.98,0.97,0.0
20230407:2211,0.0,0.0,0.0,0.0,0.1,1.45,0.0
20230407:2311,0.0,0.0,0.0,0.0,0.12,1.79,0.0
20230408:0011,0.0,0.0,0.0,0.0,0.26,2.0,0.0
20230408:0111,0.0,0.0,0.0,0.0,0.68,2.07,0.0
20230408:0211,0.0,0.0,0.0,0.0,0.43,2.21,0.0
20230408:0311,0.0,0.0,0.0,0.0,0.15,2.34,0.0
20230408:0411,0.0,0.0,0.0,0.0,0.08,2.34,0.0
20230408:0511,0.0,3.0,0.0,2.59,0.06,2.34,0.0
20230408:0611,14.0,70.0,0.0,10.33,0.9,2.07,0.0
20230408:0711,42.0,138.0,0.0,17.96,3.13,2.48,0.0
20230408:0811,34.0,195.0,0.0,25.08,4.64,2.21,0.0
20230408:0911,6.0,197.0,0.0,31.18,6.48,2.0,0.0
20230408:1011,48.0,280.0,0.0,35.71,7.64,1.72,0.0
20230408:1111,179.0,290.0,0.0,38.11,8.54,1.17,0.0
20230408:1211,97.0,305.0,0.0,38.02,9.18,0.69,0.0
20230408:1311,215.0,253.0,0.0,35.45,9.49,1.17,0.0
20230408:1411,310.01,159.0,0.0,30.79,9.25,1.66,0.0
20230408:1511,223.0,138.0,0.0,24.59,8.79,2.07,0.0
20230408:1611,33.0,132.0,0.0,17.43,8.12,2.41,0.0
20230408:1711,4.0,59.0,0.0,9.77,7.09,2.28,0.0
20230408:1811,0.0,1.0,0.0,2.04,6.14,1.66,0.0
20230408:1911,0.0,0.0,0.0,0.0,6.91,0.07,0.0
20230408:2011,0.0,0.0,0.0,0.0,6.44,0.34,0.0
20230408:2111,0.0,0.0,0.0,0.0,5.51,0.48,0.0
20230408:2211,0.0,0.0,0.0,0.0,4.58,0.62,0.0
20230408:2311,0.0,0.0,0.0,0.0,3.47,0.97,0.0
20230409:0011,0.0,0.0,0.0,0.0,2.86,1.38,0.0
20230409:0111,0.0,0.0,0.0,0.0,3.49,1.79,0.0
20230409:0211,0.0,0.0,0.0,0.0,3.55,2.14,0.0
20230409:0311,0.0,0.0,0.0,0.0,3.29,2.34,0.0
20230409:0411,0.0,0.0,0.0,0.0,3.75,2.55,0.0
20230409:0511,0.0,2.0,0.0,2.95,4.08,3.03,0.0
20230409:0611,0.0,46.0,0.0,10.68,4.67,3.17,0.0
20230409:0711,1.0,98.0,0.0,18.32,5.52,3.03,0.0
20230409:0811,4.0,154.0,0.0,25.45,5.92,3.24,0.0
20230409:0911,2.0,183.0,0.0,31.56,6.42,3.59,0.0
20230409:1011,4.0,218.0,0.0,36.09,6.54,3.86,0.0
20230409:1111,5.0,232.0,0.0,38.49,6.9,4.14,0.0
20230409:1211,0.0,163.0,0.0,38.38,7.94,4.48,0.0
20230409:1311,34.0,271.0,0.0,35.79,8.12,4.28,0.0
20230409:1411,93.0,247.0,0.0,31.11,8.23,4.28,0.0
20230409:1511,1.0,132.0,0.0,24.89,8.36,4.34,0.0
20230409:1611,3.0,101.0,0.0,17.71,8.28,4.34,0.0
20230409:1711,22.0,69.0,0.0,10.05,7.88,4.48,0.0
20230409:1811,0.0,2.0,0.0,2.33,6.98,4.97,0.0
20230409:1911,0.0,0.0,0.0,0.0,5.63,5.52,0.0
20230409:2011,0.0,0.0,0.0,0.0,5.49,5.66,0.0
20230409:2111,0.0,0.0,0.0,0.0,5.36,5.93,0.0
20230409:2211,0.0,0.0,0.0,0.0,5.22,6.07,0.0
20230409:2311,0.0,0.0,0.0,0.0,4.92,6.41,0.0
20230410:0011,0.0,0.0,0.0,0.0,5.17,7.03,0.0
20230410:0111,0.0,0.0,0.0,0.0,5.21,7.31,0.0
20230410:0211,0.0,0.0,0.0,0.0,5.21,7.45,0.0
20230410:0311,0.0,0.0,0.0,0.0,5.19,7.45,0.0
20230410:0411,0.0,0.0,0.0,0.0,5.19,7.59,0.0
20230410:0511,0.0,2.0,0.0,3.31,5.13,7.93,0.0
20230410:0611,0.0,28.0,0.0,11.04,5.04,8.28,0.0
20230410:0711,12.0,130.0,0.0,18.68,5.66,8.34,0.0
20230410:0811,7.0,167.0,0.0,25.81,5.84,7.93,0.0
20230410:0911,12.0,216.0,0.0,31.93,6.28,8.83,0.0
20230410:1011,103.0,290.0,0.0,36.47,6.58,8.9,0.0
20230410:1111,141.0,303.0,0.0,38.86,6.87,9.24,0.0
20230410:1211,45.0,297.0,0.0,38.74,7.1,9.52,0.0
20230410:1311,16.0,250.0,0.0,36.13,7.07,9.17,0.0
20230410:1411,0.0,113.0,0.0,31.42,7.18,8.9,0.0
20230410:1511,0.0,128.0,0.0,25.19,7.19,8.76,0.0
20230410:1611,0.0,82.0,0.0,18.0,6.93,9.17,0.0
20230410:1711,0.0,39.0,0.0,10.33,6.85,9.1,0.0
20230410:1811,0.0,2.0,0.0,2.61,6.86,8.97,0.0
20230410:1911,0.0,0.0,0.0,0.0,6.76,8.48,0.0
20230410:2011,0.0,0.0,0.0,0.0,6.51,8.62,0.0
20230410:2111,0.0,0.0,0.0,0.0,5.94,8.69,0.0
20230410:2211,0.0,0.0,0.0,0.0,5.79,8.83,0.0
20230410:2311,0.0,0.0,0.0,0.0,5.65,9.24,0.0
20230411:0011,0.0,0.0,0.0,0.0,6.08,9.66,0.0
20230411:0111,0.0,0.0,0.0,0.0,6.03,8.9,0.0
20230411:0211,0.0,0.0,0.0,0.0,5.91,7.79,0.0
20230411:0311,0.0,0.0,0.0,0.0,5.83,7.1,0.0
20230411:0411,0.0,0.0,0.0,0.0,5.77,6.62,0.0
20230411:0511,0.0,14.0,0.0,3.66,5.75,6.34,0.0
20230411:0611,9.0,74.0,0.0,11.39,5.77,6.28,0.0
20230411:0711,12.0,132.0,0.0,19.03,5.64,6.07,0.0
20230411:0811,2.0,151.0,0.0,26.17,5.71,6.0,0.0
20230411:0911,6.0,203.0,0.0,32.3,5.96,5.86,0.0
20230411:1011,0.0,176.0,0.0,36.84,5.93,5.86,0.0
20230411:1111,64.0,309.0,0.0,39.23,5.79,4.48,0.0
20230411:1211,3.0,225.0,0.0,39.1,5.68,3.66,0.0
20230411:1311,1.0,195.0,0.0,36.47,5.97,3.24,0.0
20230411:1411,0.0,114.0,0.0,31.74,6.04,3.17,0.0
20230411:1511,0.0,87.0,0.0,25.49,6.37,2.97,0.0
20230411:1611,2.0,105.0,0.0,18.28,5.99,2.83,0.0
20230411:1711,0.0,35.0,0.0,10.61,5.66,2.55,0.0
20230411:1811,0.0,2.0,0.0,2.89,5.3,2.48,0.0
20230411:1911,0.0,0.0,0.0,0.0,4.76,1.79,0.0
20230411:2011,0.0,0.0,0.0,0.0,4.6,2.14,0.0
20230411:2111,0.0,0.0,0.0,0.0,4.61,2.55,0.0
20230411:2211,0.0,0.0,0.0,0.0,4.59,3.03,0.0
20230411:2311,0.0,0.0,0.0,0.0,4.59,3.59,0.0
20230412:0011,0.0,0.0,0.0,0.0,4.53,4.34,0.0
20230412:0111,0.0,0.0,0.0,0.0,4.48,5.1,0.0
20230412:0211,0.0,0.0,0.0,0.0,4.39,5.72,0.0
20230412:0311,0.0,0.0,0.0,0.0,4.09,6.41,0.0
20230412:0411,0.0,0.0,0.0,0.0,3.8,7.03,0.0
20230412:0511,0.0,7.0,0.0,4.01,3.61,7.1,0.0
20230412:0611,22.0,84.0,0.0,11.74,3.83,7.38,0.0
20230412:0711,21.0,144.0,0.0,19.39,4.4,9.24,0.0
20230412:0811,40.0,208.0,0.0,26.53,5.05,9.24,0.0
20230412:0911,27.0,244.0,0.0,32.66,5.5,9.59,0.0
20230412:1011,8.0,240.0,0.0,37.21,5.64,9.66,0.0
20230412:1111,7.0,253.0,0.0,39.6,5.63,9.38,0.0
20230412:1211,5.0,244.0,0.0,39.46,5.47,9.17,0.0
20230412:1311,8.0,240.0,0.0,36.81,5.69,8.62,0.0
20230412:1411,5.0,201.0,0.0,32.05,5.95,8.07,0.0
20230412:1511,2.0,151.0,0.0,25.78,5.8,7.52,0.0
20230412:1611,0.0,89.0,0.0,18.56,5.49,7.52,0.0
20230412:1711,0.0,44.0,0.0,10.88,4.65,7.59,0.0
20230412:1811,0.0,3.0,0.0,3.17,4.3,7.66,0.0
20230412:1911,0.0,0.0,0.0,0.0,4.03,7.45,0.0
20230412:2011,0.0,0.0,0.0,0.0,4.43,7.1,0.0
20230412:2111,0.0,0.0,0.0,0.0,4.69,6.76,0.0
20230412:2211,0.0,0.0,0.0,0.0,4.86,6.28,0.0
20230412:2311,0.0,0.0,0.0,0.0,4.92,5.79,0.0
20230413:0011,0.0,0.0,0.0,0.0,4.82,5.38,0.0
20230413:0111,0.0,0.0,0.0,0.0,4.77,4.9,0.0
20230413:0211,0.0,0.0,0.0,0.0,4.84,4.28,0.0
20230413:0311,0.0,0.0,0.0,0.0,4.71,3.72,0.0
20230413:0411,0.0,0.0,0.0,0.0,4.68,3.79,0.0
20230413:0511,0.0,17.0,0.0,4.35,4.76,3.72,0.0
20230413:0611,0.0,17.0,0.0,12.08,4.93,3.45,0.0
20230413:0711,0.0,46.0,0.0,19.73,5.36,2.14,0.0
20230413:0811,0.0,82.0,0.0,26.88,5.84,1.66,0.0
20230413:0911,3.0,198.0,0.0,33.03,6.24,2.14,0.0
20230413:1011,0.0,144.0,0.0,37.58,6.39,2.48,0.0
20230413:1111,43.0,306.0,0.0,39.97,6.45,3.59,0.0
20230413:1211,197.0,297.0,0.0,39.82,6.44,5.03,0.0
20230413:1311,504.01,113.0,0.0,37.14,7.0,6.14,0.0
20230413:1411,399.01,122.0,0.0,32.36,7.11,6.14,0.0
20230413:1511,221.0,153.0,0.0,26.07,7.4,5.66,0.0
20230413:1611,49.0,144.0,0.0,18.84,7.15,4.83,0.0
20230413:1711,0.0,13.0,0.0,11.16,6.59,4.9,0.0
20230413:1811,2.0,14.63,0.0,3.45,5.51,5.79,0.0
20230413:1911,0.0,0.0,0.0,0.0,4.95,5.52,0.0
20230413:2011,0.0,0.0,0.0,0.0,4.72,5.79,0.0
20230413:2111,0.0,0.0,0.0,0.0,4.82,6.07,0.0
20230413:2211,0.0,0.0,0.0,0.0,5.05,6.76,0.0
20230413:2311,0.0,0.0,0.0,0.0,5.09,7.17,0.0
20230414:0011,0.0,0.0,0.0,0.0,5.02,7.66,0.0
20230414:0111,0.0,0.0,0.0,0.0,5.02,7.66,0.0
20230414:0211,0.0,0.0,0.0,0.0,5.08,7.59,0.0
20230414:0311,0.0,0.0,0.0,0.0,5.13,7.52,0.0
20230414:0411,0.0,0.0,0.0,0.0,5.12,7.45,0.0
20230414:0511,0.0,8.0,0.0,4.7,5.12,7.45,0.0
20230414:0611,20.0,89.0,0.0,12.43,5.14,7.59,0.0
20230414:0711,39.0,156.0,0.0,20.08,5.63,7.17,0.0
20230414:0811,7.0,177.0,0.0,27.23,6.15,7.86,0.0
20230414:0911,4.0,206.0,0.0,33.39,6.52,7.45,0.0
20230414:1011,169.0,291.0,0.0,37.95,6.89,7.31,0.0
20230414:1111,3.0,233.0,0.0,40.34,7.39,7.17,0.0
20230414:1211,67.0,318.0,0.0,40.17,7.61,6.83,0.0
20230414:1311,257.01,253.0,0.0,37.47,8.36,6.21,0.0
20230414:1411,392.01,131.0,0.0,32.67,8.73,5.66,0.0
20230414:1511,309.01,108.0,0.0,26.36,8.7,4.97,0.0
20230414:1611,88.0,140.0,0.0,19.12,8.53,4.41,0.0
20230414:1711,0.0,30.0,0.0,11.43,8.16,3.72,0.0
20230414:1811,0.0,3.0,0.0,3.72,7.5,3.45,0.0
20230414:1911,0.0,0.0,0.0,0.0,6.72,3.45,0.0
20230414:2011,0.0,0.0,0.0,0.0,5.97,3.31,0.0
20230414:2111,0.0,0.0,0.0,0.0,5.34,3.17,0.0
20230414:2211,0.0,0.0,0.0,0.0,4.66,2.9,0.0
20230414:2311,0.0,0.0,0.0,0.0,4.03,2.41,0.0
20230415:0011,0.0,0.0,0.0,0.0,3.41,1.86,0.0
20230415:0111,0.0,0.0,0.0,0.0,2.83,1.45,0.0
20230415:0211,0.0,0.0,0.0,0.0,2.23,1.17,0.0
20230415:0311,0.0,0.0,0.0,0.0,1.71,1.1,0.0
20230415:0411,0.0,0.0,0.0,0.0,1.3,1.31,0.0
20230415:0511,0.0,27.0,0.0,5.04,1.26,1.52,0.0
20230415:0611,20.0,90.0,0.0,12.76,2.57,1.52,0.0
20230415:0711,15.0,144.0,0.0,20.42,5.22,2.28,0.0
20230415:0811,1.0,146.0,0.0,27.58,6.47,2.69,0.0
20230415:0911,3.0,201.0,0.0,33.74,7.22,2.83,0.0
20230415:1011,16.0,264.0,0.0,38.31,7.62,2.76,0.0
20230415:1111,6.0,252.0,0.0,40.7,8.1,2.41,0.0
20230415:1211,7.0,253.0,0.0,40.52,8.43,2.0,0.0
20230415:1311,0.0,190.0,0.0,37.8,8.41,1.66,0.0
20230415:1411,0.0,105.0,0.0,32.98,7.98,1.72,0.0
20230415:1511,27.0,200.0,0.0,26.65,7.73,1.79,0.0
20230415:1611,27.0,144.0,0.0,19.39,7.37,1.93,0.0
20230415:1711,23.0,82.0,0.0,11.7,7.09,1.86,0.0
20230415:1811,0.0,8.0,0.0,4.0,6.78,1.86,0.0
20230415:1911,0.0,0.0,0.0,0.0,6.19,1.79,0.0
20230415:2011,0.0,0.0,0.0,0.0,5.75,1.66,0.0
20230415:2111,0.0,0.0,0.0,0.0,5.34,1.52,0.0
20230415:2211,0.0,0.0,0.0,0.0,4.78,1.38,0.0
20230415:2311,0.0,0.0,0.0,0.0,4.44,1.24,0.0
20230416:0011,0.0,0.0,0.0,0.0,4.61,1.24,0.0
20230416:0111,0.0,0.0,0.0,0.0,3.65,1.38,0.0
20230416:0211,0.0,0.0,0.0,0.0,3.42,1.38,0.0
20230416:0311,0.0,0.0,0.0,0.0,3.31,1.24,0.0
20230416:0411,0.0,0.0,0.0,0.0,3.06,1.31,0.0
20230416:0511,0.0,30.0,0.0,5.38,2.95,1.31,0.0
20230416:0611,13.0,90.0,0.0,13.1,4.0,1.17,0.0
20230416:0711,55.0,161.0,0.0,20.76,6.02,1.17,0.0
20230416:0811,109.0,217.0,0.0,27.93,6.83,1.24,0.0
20230416:0911,69.0,272.0,0.0,34.1,7.77,1.17,0.0
20230416:1011,101.0,309.0,0.0,38.67,8.28,1.31,0.0
20230416:1111,60.0,322.0,0.0,41.06,8.52,1.86,0.0
20230416:1211,0.0,131.0,0.0,40.87,8.35,2.07,0.0
20230416:1311,14.0,263.0,0.0,38.13,8.13,2.21,0.0
20230416:1411,1.0,175.0,0.0,33.28,7.83,2.28,0.0
20230416:1511,1.0,145.0,0.0,26.93,7.64,2.07,0.0
20230416:1611,13.0,137.0,0.0,19.67,7.48,1.66,0.0
20230416:1711,20.0,85.0,0.0,11.97,7.25,1.38,0.0
20230416:1811,0.0,13.0,0.0,4.27,6.72,0.83,0.0
20230416:1911,0.0,0.0,0.0,0.0,6.64,0.55,0.0
20230416:2011,0.0,0.0,0.0,0.0,5.94,0.76,0.0
20230416:2111,0.0,0.0,0.0,0.0,5.4,0.83,0.0
20230416:2211,0.0,0.0,0.0,0.0,5.23,0.9,0.0
20230416:2311,0.0,0.0,0.0,0.0,4.73,1.1,0.0
20230417:0011,0.0,0.0,0.0,0.0,4.64,1.52,0.0
20230417:0111,0.0,0.0,0.0,0.0,4.22,1.72,0.0
20230417:0211,0.0,0.0,0.0,0.0,3.79,1.86,0.0
20230417:0311,0.0,0.0,0.0,0.0,3.58,1.79,0.0
20230417:0411,0.0,0.0,0.0,0.0,3.38,1.79,0.0
20230417:0511,4.0,31.05,0.0,5.71,3.47,1.86,0.0
20230417:0611,133.0,62.0,0.0,13.43,4.73,1.79,0.0
20230417:0711,250.0,85.0,0.0,21.1,6.35,0.97,0.0
20230417:0811,367.01,99.0,0.0,28.27,8.36,0.07,0.0
20230417:0911,483.01,99.0,0.0,34.45,9.26,1.31,0.0
20230417:1011,361.01,215.0,0.0,39.03,9.92,1.79,0.0
20230417:1111,479.01,171.0,0.0,41.42,10.0,2.21,0.0
20230417:1211,587.01,107.0,0.0,41.21,9.93,2.48,0.0
20230417:1311,449.01,158.0,0.0,38.46,9.97,2.69,0.0
20230417:1411,358.01,160.0,0.0,33.59,10.06,3.03,0.0
20230417:1511,298.0,124.0,0.0,27.22,9.93,3.45,0.0
20230417:1611,222.0,86.0,0.0,19.94,9.74,3.45,0.0
20230417:1711,112.0,59.0,0.0,12.24,9.45,2.97,0.0
20230417:1811,1.0,17.83,0.0,4.54,8.86,2.69,0.0
20230417:1911,0.0,0.0,0.0,0.0,8.3,2.55,0.0
20230417:2011,0.0,0.0,0.0,0.0,7.95,2.55,0.0
20230417:2111,0.0,0.0,0.0,0.0,7.49,2.55,0.0
20230417:2211,0.0,0.0,0.0,0.0,6.52,2.55,0.0
20230417:2311,0.0,0.0,0.0,0.0,5.5,2.34,0.0
20230418:0011,0.0,0.0,0.0,0.0,4.91,2.28,0.0
20230418:0111,0.0,0.0,0.0,0.0,4.64,2.28,0.0
20230418:0211,0.0,0.0,0.0,0.0,4.3,2.41,0.0
20230418:0311,0.0,0.0,0.0,0.0,4.21,2.48,0.0
20230418:0411,0.0,0.0,0.0,0.0,4.13,2.41,0.0
20230418:0511,21.0,36.0,0.0,6.04,4.31,2.34,0.0
20230418:0611,133.0,65.0,0.0,13.76,5.09,2.0,0.0
20230418:0711,219.0,103.0,0.0,21.43,7.03,1.79,0.0
20230418:0811,351.01,109.0,0.0,28.61,9.44,1.59,0.0
20230418:0911,467.01,110.0,0.0,34.79,10.75,1.17,0.0
20230418:1011,505.01,133.0,0.0,39.39,11.45,0.69,0.0
20230418:1111,435.01,199.0,0.0,41.77,11.86,1.1,0.0
20230418:1211,544.01,132.0,0.0,41.56,12.16,1.66,0.0
20230418:1311,557.01,100.0,0.0,38.78,11.99,2.76,0.0
20230418:1411,440.01,115.0,0.0,33.89,11.67,3.52,0.0
20230418:1511,328.0,110.0,0.0,27.5,11.49,3.86,0.0
20230418:1611,213.0,92.0,0.0,20.21,11.15,3.86,0.0
20230418:1711,101.0,66.0,0.0,12.51,10.7,3.66,0.0
20230418:1811,1.0,19.82,0.0,4.81,10.06,3.52,0.0
20230418:1911,0.0,0.0,0.0,0.0,9.41,3.17,0.0
20230418:2011,0.0,0.0,0.0,0.0,8.54,3.17,0.0
20230418:2111,0.0,0.0,0.0,0.0,6.99,2.83,0.0
20230418:2211,0.0,0.0,0.0,0.0,6.08,2.69,0.0
20230418:2311,0.0,0.0,0.0,0.0,5.6,2.69,0.0
20230419:0011,0.0,0.0,0.0,0.0,5.05,2.76,0.0
20230419:0111,0.0,0.0,0.0,0.0,4.61,2.69,0.0
20230419:0211,0.0,0.0,0.0,0.0,4.33,2.55,0.0
20230419:0311,0.0,0.0,0.0,0.0,4.11,2.48,0.0
20230419:0411,0.0,0.0,0.0,0.0,4.0,2.48,0.0
20230419:0511,35.0,34.0,0.0,6.37,4.14,2.34,0.0
20230419:0611,142.0,65.0,0.0,14.09,5.43,2.0,0.0
20230419:0711,267.0,83.0,0.0,21.76,7.59,1.79,0.0
20230419:0811,387.01,95.0,0.0,28.94,10.05,1.38,0.0
20230419:0911,493.01,100.0,0.0,35.14,11.41,1.38,0.0
20230419:1011,575.01,100.0,0.0,39.74,12.08,1.72,0.0
20230419:1111,613.01,101.0,0.0,42.12,12.4,2.41,0.0
20230419:1211,610.01,100.0,0.0,41.9,12.62,3.1,0.0
20230419:1311,564.01,99.0,0.0,39.1,12.76,3.79,0.0
20230419:1411,481.01,97.0,0.0,34.18,12.78,4.28,0.0
20230419:1511,370.01,92.0,0.0,27.78,12.66,4.62,0.0
20230419:1611,244.0,81.0,0.0,20.48,12.25,4.69,0.0
20230419:1711,122.0,60.0,0.0,12.77,11.54,4.48,0.0
20230419:1811,22.0,22.05,0.0,5.08,10.53,4.07,0.0
20230419:1911,0.0,0.0,0.0,0.0,9.85,3.72,0.0
20230419:2011,0.0,0.0,0.0,0.0,8.75,3.03,0.0
20230419:2111,0.0,0.0,0.0,0.0,7.28,2.48,0.0
20230419:2211,0.0,0.0,0.0,0.0,6.22,2.21,0.0
20230419:2311,0.0,0.0,0.0,0.0,5.62,2.14,0.0
20230420:0011,0.0,0.0,0.0,0.0,5.19,2.07,0.0
20230420:0111,0.0,0.0,0.0,0.0,4.86,2.0,0.0
20230420:0211,0.0,0.0,0.0,0.0,4.68,1.93,0.0
20230420:0311,0.0,0.0,0.0,0.0,4.55,1.86,0.0
20230420:0411,0.0,0.0,0.0,0.0,4.38,1.93,0.0
20230420:0511,40.0,36.0,0.0,6.69,4.47,1.86,0.0
20230420:0611,139.0,69.0,0.0,14.41,5.9,1.72,0.0
20230420:0711,271.0,84.0,0.0,22.08,7.99,1.59,0.0
20230420:0811,396.01,93.0,0.0,29.27,10.42,1.52,0.0
20230420:0911,498.01,100.0,0.0,35.48,11.79,1.66,0.0
20230420:1011,579.01,100.0,0.0,40.08,12.57,1.72,0.0
20230420:1111,604.01,108.0,0.0,42.47,13.15,1.79,0.0
20230420:1211,614.01,100.0,0.0,42.23,13.53,1.86,0.0
20230420:1311,563.01,102.0,0.0,39.41,13.57,2.21,0.0
20230420:1411,485.01,97.0,0.0,34.48,13.23,2.55,0.0
20230420:1511,374.01,92.0,0.0,28.06,12.6,2.9,0.0
20230420:1611,248.0,81.0,0.0,20.74,11.77,2.9,0.0
20230420:1711,125.0,61.0,0.0,13.04,10.72,2.48,0.0
20230420:1811,24.0,23.49,0.0,5.35,9.48,2.07,0.0
20230420:1911,0.0,0.0,0.0,0.0,8.34,1.72,0.0
20230420:2011,0.0,0.0,0.0,0.0,7.4,1.03,0.0
20230420:2111,0.0,0.0,0.0,0.0,7.54,0.41,0.0
20230420:2211,0.0,0.0,0.0,0.0,6.21,0.69,0.0
20230420:2311,0.0,0.0,0.0,0.0,4.58,0.97,0.0
20230421:0011,0.0,0.0,0.0,0.0,3.62,1.24,0.0
20230421:0111,0.0,0.0,0.0,0.0,3.47,1.52,0.0
20230421:0211,0.0,0.0,0.0,0.0,3.16,1.66,0.0
20230421:0311,0.0,0.0,0.0,0.0,3.0,1.72,0.0
20230421:0411,0.0,0.0,0.0,0.0,2.92,1.72,0.0
20230421:0511,42.0,38.0,0.0,7.01,2.97,1.59,0.0
20230421:0611,141.0,71.0,0.0,14.73,4.58,1.24,0.0
20230421:0711,278.0,84.0,0.0,22.4,8.45,0.83,0.0
20230421:0811,394.01,98.0,0.0,29.6,10.81,0.55,0.0
20230421:0911,492.01,108.0,0.0,35.81,11.87,0.9,0.0
20230421:1011,587.01,100.0,0.0,40.43,12.45,1.24,0.0
20230421:1111,612.01,107.0,0.0,42.81,12.82,1.59,0.0
20230421:1211,608.01,107.0,0.0,42.56,13.07,1.93,0.0
20230421:1311,562.01,107.0,0.0,39.73,13.11,2.48,0.0
20230421:1411,481.01,103.0,0.0,34.77,12.91,3.1,0.0
20230421:1511,380.01,92.0,0.0,28.33,12.56,3.31,0.0
20230421:1611,254.0,81.0,0.0,21.01,12.13,3.1,0.0
20230421:1711,130.0,62.0,0.0,13.3,11.61,2.55,0.0
20230421:1811,28.0,23.66,0.0,5.61,10.72,2.41,0.0
20230421:1911,0.0,0.0,0.0,0.0,10.49,2.76,0.0
20230421:2011,0.0,0.0,0.0,0.0,9.76,2.48,0.0
20230421:2111,0.0,0.0,0.0,0.0,9.12,2.21,0.0
20230421:2211,0.0,0.0,0.0,0.0,8.09,2.0,0.0
20230421:2311,0.0,0.0,0.0,0.0,6.58,1.86,0.0
20230422:0011,0.0,0.0,0.0,0.0,5.79,1.86,0.0
20230422:0111,0.0,0.0,0.0,0.0,5.48,2.0,0.0
20230422:0211,0.0,0.0,0.0,0.0,5.38,2.14,0.0
20230422:0311,0.0,0.0,0.0,0.0,5.3,2.21,0.0
20230422:0411,0.0,0.0,0.0,0.0,5.12,2.14,0.0
20230422:0511,48.0,38.0,0.0,7.33,5.32,2.0,0.0
20230422:0611,145.0,72.0,0.0,15.04,7.09,1.79,0.0
20230422:0711,272.0,90.0,0.0,22.72,8.85,1.66,0.0
20230422:0811,403.01,96.0,0.0,29.92,11.14,1.31,0.0
20230422:0911,502.01,104.0,0.0,36.15,12.5,1.45,0.0
20230422:1011,584.01,103.0,0.0,40.77,13.38,1.17,0.0
20230422:1111,614.01,108.0,0.0,43.15,13.91,0.83,0.0
20230422:1211,618.01,104.0,0.0,42.89,14.08,0.62,0.0
20230422:1311,557.01,111.0,0.0,40.04,14.0,0.55,0.0
20230422:1411,141.0,272.0,0.0,35.06,13.77,0.55,0.0
20230422:1511,0.0,92.0,0.0,28.6,13.44,0.48,0.0
20230422:1611,0.0,99.0,0.0,21.27,12.77,1.03,0.0
20230422:1711,0.0,56.0,0.0,13.56,10.81,0.62,0.0
20230422:1811,6.0,34.0,0.0,5.88,9.91,0.34,0.0
20230422:1911,0.0,0.0,0.0,0.0,10.3,1.1,0.0
20230422:2011,0.0,0.0,0.0,0.0,9.38,1.38,0.0
20230422:2111,0.0,0.0,0.0,0.0,8.92,2.34,0.0
20230422:2211,0.0,0.0,0.0,0.0,8.71,2.9,0.0
20230422:2311,0.0,0.0,0.0,0.0,8.5,2.48,0.0
20230423:0011,0.0,0.0,0.0,0.0,8.27,1.86,0.0
20230423:0111,0.0,0.0,0.0,0.0,6.89,1.52,0.0
20230423:0211,0.0,0.0,0.0,0.0,6.81,1.45,0.0
20230423:0311,0.0,0.0,0.0,0.0,6.78,0.97,0.0
20230423:0411,0.0,0.0,0.0,0.0,6.51,1.17,0.0
20230423:0511,0.0,8.0,0.0,7.64,6.24,1.79,0.0
20230423:0611,4.0,94.0,0.0,15.35,6.73,2.07,0.0
20230423:0711,43.0,178.0,0.0,23.03,6.8,2.62,0.0
20230423:0811,4.0,184.0,0.0,30.24,7.07,2.76,0.0
20230423:0911,6.0,227.0,0.0,36.48,7.72,3.1,0.0
20230423:1011,50.0,314.0,0.0,41.1,8.16,2.9,0.0
20230423:1111,6.0,263.0,0.0,43.49,8.94,3.1,0.0
20230423:1211,3.0,246.0,0.0,43.22,9.43,3.52,0.0
20230423:1311,88.0,318.0,0.0,40.35,9.59,4.34,0.0
20230423:1411,0.0,112.0,0.0,35.35,9.24,4.76,0.0
20230423:1511,1.0,155.0,0.0,28.87,8.98,4.62,0.0
20230423:1611,24.0,159.0,0.0,21.53,8.82,4.55,0.0
20230423:1711,13.0,94.0,0.0,13.81,8.46,4.14,0.0
20230423:1811,9.0,37.0,0.0,6.14,7.97,3.38,0.0
20230423:1911,0.0,0.0,0.0,0.0,7.46,3.45,0.0
20230423:2011,0.0,0.0,0.0,0.0,7.14,2.97,0.0
20230423:2111,0.0,0.0,0.0,0.0,6.89,2.62,0.0
20230423:2211,0.0,0.0,0.0,0.0,6.78,2.28,0.0
20230423:2311,0.0,0.0,0.0,0.0,6.74,1.86,0.0
20230424:0011,0.0,0.0,0.0,0.0,6.76,1.38,0.0
20230424:0111,0.0,0.0,0.0,0.0,6.17,0.97,0.0
20230424:0211,0.0,0.0,0.0,0.0,6.02,0.41,0.0
20230424:0311,0.0,0.0,0.0,0.0,5.53,0.62,0.0
20230424:0411,0.0,0.0,0.0,0.0,5.15,1.24,0.0
20230424:0511,0.0,35.0,0.0,7.95,5.31,1.66,0.0
20230424:0611,12.0,107.0,0.0,15.66,6.15,2.0,0.0
20230424:0711,82.0,180.0,0.0,23.34,6.54,0.83,0.0
20230424:0811,40.0,236.0,0.0,30.56,7.28,1.52,0.0
20230424:0911,10.0,242.0,0.0,36.8,8.09,2.41,0.0
20230424:1011,0.0,186.0,0.0,41.44,8.1,3.66,0.0
20230424:1111,0.0,196.0,0.0,43.83,8.26,4.76,0.0
20230424:1211,0.0,195.0,0.0,43.55,8.25,5.45,0.0
20230424:1311,4.0,239.0,0.0,40.65,8.33,5.86,0.0
20230424:1411,3.0,209.0,0.0,35.63,7.77,6.41,0.0
20230424:1511,33.0,222.0,0.0,29.14,7.37,6.55,0.0
20230424:1611,53.0,168.0,0.0,21.79,6.87,6.97,0.0
20230424:1711,0.0,53.0,0.0,14.07,6.29,7.45,0.0
20230424:1811,0.0,11.0,0.0,6.4,5.62,7.59,0.0
20230424:1911,0.0,0.0,0.0,0.0,5.19,7.1,0.0
20230424:2011,0.0,0.0,0.0,0.0,4.77,7.31,0.0
20230424:2111,0.0,0.0,0.0,0.0,4.4,7.45,0.0
20230424:2211,0.0,0.0,0.0,0.0,4.18,7.72,0.0
20230424:2311,0.0,0.0,0.0,0.0,3.97,7.93,0.0
20230425:0011,0.0,0.0,0.0,0.0,3.81,8.0,0.0
20230425:0111,0.0,0.0,0.0,0.0,3.64,8.21,0.0
20230425:0211,0.0,0.0,0.0,0.0,3.56,8.28,0.0
20230425:0311,0.0,0.0,0.0,0.0,3.44,8.41,0.0
20230425:0411,0.0,0.0,0.0,0.0,3.34,8.55,0.0
20230425:0511,0.0,13.0,0.0,8.25,3.34,8.97,0.0
20230425:0611,0.0,46.0,0.0,15.96,3.56,9.52,0.0
20230425:0711,35.0,184.0,0.0,23.64,3.8,9.31,0.0
20230425:0811,51.0,246.0,0.0,30.87,4.01,9.45,0.0
20230425:0911,142.0,293.0,0.0,37.12,4.34,9.66,0.0
20230425:1011,68.0,330.0,0.0,41.77,4.56,9.59,0.0
20230425:1111,101.0,352.0,0.0,44.16,4.95,9.72,0.0
20230425:1211,408.01,238.0,0.0,43.87,5.19,10.0,0.0
20230425:1311,467.01,176.0,0.0,40.95,5.21,10.14,0.0
20230425:1411,132.0,285.0,0.0,35.91,5.17,10.28,0.0
20230425:1511,190.0,205.0,0.0,29.41,4.95,10.07,0.0
20230425:1611,77.0,171.0,0.0,22.04,4.67,9.86,0.0
20230425:1711,45.0,106.0,0.0,14.32,4.31,9.93,0.0
20230425:1811,3.0,35.0,0.0,6.65,3.98,9.24,0.0
20230425:1911,0.0,0.0,0.0,0.0,3.37,8.41,0.0
20230425:2011,0.0,0.0,0.0,0.0,3.13,8.14,0.0
20230425:2111,0.0,0.0,0.0,0.0,3.01,7.86,0.0
20230425:2211,0.0,0.0,0.0,0.0,2.85,7.72,0.0
20230425:2311,0.0,0.0,0.0,0.0,2.73,7.45,0.0
20230426:0011,0.0,0.0,0.0,0.0,2.68,7.31,0.0
20230426:0111,0.0,0.0,0.0,0.0,2.45,7.1,0.0
20230426:0211,0.0,0.0,0.0,0.0,2.23,7.03,0.0
20230426:0311,0.0,0.0,0.0,0.0,1.98,6.9,0.0
20230426:0411,0.0,0.0,0.0,0.0,1.81,6.62,0.0
20230426:0511,62.0,45.0,0.0,8.55,1.83,6.55,0.0
20230426:0611,97.0,110.0,0.0,16.26,2.17,6.21,0.0
20230426:0711,242.0,122.0,0.0,23.94,2.79,6.62,0.0
20230426:0811,310.0,165.0,0.0,31.18,3.28,6.76,0.0
20230426:0911,43.0,291.0,0.0,37.44,3.81,6.62,0.0
20230426:1011,7.0,264.0,0.0,42.09,4.15,6.41,0.0
20230426:1111,89.0,353.0,0.0,44.48,4.37,6.34,0.0
20230426:1211,587.01,137.0,0.0,44.18,4.67,6.21,0.0
20230426:1311,79.0,329.0,0.0,41.25,4.67,6.21,0.0
20230426:1411,0.0,149.0,0.0,36.19,4.36,6.28,0.0
20230426:1511,254.0,178.0,0.0,29.67,4.35,6.14,0.0
20230426:1611,17.0,163.0,0.0,22.3,3.94,6.21,0.0
20230426:1711,77.0,100.0,0.0,14.57,3.64,6.21,0.0
20230426:1811,10.0,43.0,0.0,6.91,3.16,5.93,0.0
20230426:1911,0.0,0.0,0.0,0.0,2.73,5.24,0.0
20230426:2011,0.0,0.0,0.0,0.0,2.39,5.31,0.0
20230426:2111,0.0,0.0,0.0,0.0,2.31,5.17,0.0
20230426:2211,0.0,0.0,0.0,0.0,2.32,4.97,0.0
20230426:2311,0.0,0.0,0.0,0.0,2.3,4.83,0.0
20230427:0011,0.0,0.0,0.0,0.0,2.3,5.03,0.0
20230427:0111,0.0,0.0,0.0,0.0,2.19,5.24,0.0
20230427:0211,0.0,0.0,0.0,0.0,2.25,5.45,0.0
20230427:0311,0.0,0.0,0.0,0.0,2.23,5.59,0.0
20230427:0411,0.0,0.0,0.0,0.0,2.25,5.52,0.0
20230427:0511,24.0,61.0,0.0,8.84,2.46,5.45,0.0
20230427:0611,60.0,124.0,0.0,16.55,2.96,5.93,0.0
20230427:0711,204.0,146.0,0.0,24.24,3.27,5.79,0.0
20230427:0811,138.0,245.0,0.0,31.48,3.89,6.0,0.0
20230427:0911,66.0,302.0,0.0,37.75,4.5,5.93,0.0
20230427:1011,47.0,327.0,0.0,42.41,4.97,6.0,0.0
20230427:1111,48.0,342.0,0.0,44.8,5.28,6.0,0.0
20230427:1211,184.0,343.0,0.0,44.5,5.55,6.0,0.0
20230427:1311,411.01,216.0,0.0,41.55,5.62,6.14,0.0
20230427:1411,114.0,293.0,0.0,36.47,5.59,5.86,0.0
20230427:1511,158.0,224.0,0.0,29.93,5.62,5.59,0.0
20230427:1611,279.0,86.0,0.0,22.55,5.46,5.31,0.0
20230427:1711,123.0,83.0,0.0,14.82,5.14,5.03,0.0
20230427:1811,48.0,37.0,0.0,7.16,4.61,4.48,0.0
20230427:1911,0.0,0.0,0.0,0.0,3.77,3.45,0.0
20230427:2011,0.0,0.0,0.0,0.0,3.17,2.97,0.0
20230427:2111,0.0,0.0,0.0,0.0,2.82,2.62,0.0
20230427:2211,0.0,0.0,0.0,0.0,2.58,2.21,0.0
20230427:2311,0.0,0.0,0.0,0.0,2.37,1.93,0.0
20230428:0011,0.0,0.0,0.0,0.0,2.12,1.66,0.0
20230428:0111,0.0,0.0,0.0,0.0,1.55,1.45,0.0
20230428:0211,0.0,0.0,0.0,0.0,1.11,1.38,0.0
20230428:0311,0.0,0.0,0.0,0.0,0.87,1.38,0.0
20230428:0411,0.0,1.0,0.0,1.79,0.93,1.45,0.0
20230428:0511,0.0,26.0,0.0,9.13,1.03,1.24,0.0
20230428:0611,2.0,92.0,0.0,16.84,2.65,0.55,0.0
20230428:0711,21.0,180.0,0.0,24.53,3.86,1.03,0.0
20230428:0811,51.0,251.0,0.0,31.77,4.77,1.17,0.0
20230428:0911,39.0,291.0,0.0,38.05,5.4,1.38,0.0
20230428:1011,100.0,339.0,0.0,42.73,5.73,1.45,0.0
20230428:1111,99.0,356.0,0.0,45.12,5.83,1.52,0.0
20230428:1211,14.0,298.0,0.0,44.81,5.84,1.86,0.0
20230428:1311,8.0,266.0,0.0,41.84,5.58,2.21,0.0
20230428:1411,1.0,201.0,0.0,36.74,5.67,2.69,0.0
20230428:1511,13.0,209.0,0.0,30.19,5.88,3.03,0.0
20230428:1611,3.0,137.0,0.0,22.8,5.81,3.24,0.0
20230428:1711,4.0,91.0,0.0,15.07,5.52,3.38,0.0
20230428:1811,11.0,47.0,0.0,7.41,5.18,3.45,0.0
20230428:1911,0.0,0.0,0.0,0.0,4.82,3.72,0.0
20230428:2011,0.0,0.0,0.0,0.0,4.38,4.07,0.0
20230428:2111,0.0,0.0,0.0,0.0,4.19,4.41,0.0
20230428:2211,0.0,0.0,0.0,0.0,4.17,4.9,0.0
20230428:2311,0.0,0.0,0.0,0.0,4.45,5.45,0.0
20230429:0011,0.0,0.0,0.0,0.0,4.54,5.66,0.0
20230429:0111,0.0,0.0,0.0,0.0,4.64,4.97,0.0
20230429:0211,0.0,0.0,0.0,0.0,4.52,5.1,0.0
20230429:0311,0.0,0.0,0.0,0.0,3.92,6.41,0.0
20230429:0411,0.0,1.0,0.0,2.08,3.15,6.34,0.0
20230429:0511,0.0,30.0,0.0,9.42,2.78,6.14,0.0
20230429:0611,71.0,127.0,0.0,17.12,3.05,6.0,0.0
20230429:0711,203.0,151.0,0.0,24.81,3.68,6.41,0.0
20230429:0811,74.0,258.0,0.0,32.07,4.02,6.48,0.0
20230429:0911,77.0,307.0,0.0,38.36,4.21,6.48,0.0
20230429:1011,7.0,271.0,0.0,43.04,4.64,6.76,0.0
20230429:1111,286.0,311.0,0.0,45.44,5.17,6.83,0.0
20230429:1211,393.01,256.0,0.0,45.11,5.4,6.97,0.0
20230429:1311,240.0,302.0,0.0,42.13,5.51,7.17,0.0
20230429:1411,309.0,223.0,0.0,37.01,5.36,7.24,0.0
20230429:1511,79.0,244.0,0.0,30.44,5.14,7.24,0.0
20230429:1611,187.0,139.0,0.0,23.04,4.78,6.97,0.0
20230429:1711,87.0,103.0,0.0,15.31,4.42,6.69,0.0
20230429:1811,12.0,50.0,0.0,7.66,3.91,6.34,0.0
20230429:1911,0.0,0.0,0.0,0.0,3.39,5.93,0.0
20230429:2011,0.0,0.0,0.0,0.0,3.04,5.79,0.0
20230429:2111,0.0,0.0,0.0,0.0,2.85,5.72,0.0
20230429:2211,0.0,0.0,0.0,0.0,2.69,5.59,0.0
20230429:2311,0.0,0.0,0.0,0.0,2.49,5.38,0.0
20230430:0011,0.0,0.0,0.0,0.0,2.45,5.38,0.0
20230430:0111,0.0,0.0,0.0,0.0,2.24,5.24,0.0
20230430:0211,0.0,0.0,0.0,0.0,2.28,4.97,0.0
20230430:0311,0.0,0.0,0.0,0.0,2.31,4.69,0.0
20230430:0411,0.0,1.0,0.0,2.37,2.37,4.48,0.0
20230430:0511,0.0,35.0,0.0,9.7,2.73,4.21,0.0
20230430:0611,15.0,122.0,0.0,17.4,3.14,4.28,0.0
20230430:0711,43.0,196.0,0.0,25.09,3.63,4.55,0.0
20230430:0811,46.0,252.0,0.0,32.36,4.13,4.14,0.0
20230430:0911,130.0,304.0,0.0,38.65,4.7,3.93,0.0
20230430:1011,195.0,326.0,0.0,43.34,5.0,3.66,0.0
20230430:1111,180.0,349.0,0.0,45.75,5.22,3.52,0.0
20230430:1211,276.0,312.0,0.0,45.41,5.46,3.52,0.0
20230430:1311,166.0,326.0,0.0,42.41,5.51,3.45,0.0
20230430:1411,147.0,289.0,0.0,37.28,5.44,3.1,0.0
20230430:1511,69.0,244.0,0.0,30.69,5.24,2.62,0.0
20230430:1611,6.0,147.0,0.0,23.29,4.76,1.79,0.0
20230430:1711,33.0,115.0,0.0,15.56,4.53,1.1,0.0
20230430:1811,0.0,18.0,0.0,7.91,4.28,0.69,0.0
20230430:1911,0.0,0.0,0.0,0.0,3.83,1.52,0.0
20230430:2011,0.0,0.0,0.0,0.0,3.01,2.41,0.0
20230430:2111,0.0,0.0,0.0,0.0,2.69,3.66,0.0
20230430:2211,0.0,0.0,0.0,0.0,2.72,4.41,0.0
20230430:2311,0.0,0.0,0.0,0.0,2.82,4.9,0.0
20230501:0011,0.0,0.0,0.0,0.0,3.27,5.17,0.0
20230501:0111,0.0,0.0,0.0,0.0,3.21,5.38,0.0
20230501:0211,0.0,0.0,0.0,0.0,3.85,4.97,0.0
20230501:0311,0.0,0.0,0.0,0.0,4.41,4.55,0.0
20230501:0411,0.0,2.0,0.0,2.65,4.81,4.14,0.0
20230501:0511,0.0,11.0,0.0,9.98,5.11,3.52,0.0
20230501:0611,0.0,23.0,0.0,17.67,5.41,2.69,0.0
20230501:0711,0.0,123.0,0.0,25.37,6.01,2.21,0.0
20230501:0811,0.0,156.0,0.0,32.64,6.49,1.93,0.0
20230501:0911,0.0,141.0,0.0,38.95,6.65,2.69,0.0
20230501:1011,0.0,97.0,0.0,43.65,6.59,3.93,0.0
20230501:1111,0.0,126.0,0.0,46.05,6.6,4.97,0.0
20230501:1211,0.0,203.0,0.0,45.71,6.71,5.72,0.0
20230501:1311,1.0,226.0,0.0,42.69,6.41,6.69,0.0
20230501:1411,47.0,288.0,0.0,37.54,6.01,7.45,0.0
20230501:1511,143.0,232.0,0.0,30.94,5.86,8.0,0.0
20230501:1611,267.0,96.0,0.0,23.53,5.38,8.41,0.0
20230501:1711,159.0,71.0,0.0,15.8,4.65,8.48,0.0
20230501:1811,53.0,43.0,0.0,8.15,4.01,8.34,0.0
20230501:1911,0.0,0.0,0.0,0.0,3.6,7.86,0.0
20230501:2011,0.0,0.0,0.0,0.0,3.23,7.52,0.0
20230501:2111,0.0,0.0,0.0,0.0,3.07,7.24,0.0
20230501:2211,0.0,0.0,0.0,0.0,2.98,7.1,0.0
20230501:2311,0.0,0.0,0.0,0.0,2.85,6.69,0.0
20230502:0011,0.0,0.0,0.0,0.0,2.74,6.48,0.0
20230502:0111,0.0,0.0,0.0,0.0,2.48,5.86,0.0
20230502:0211,0.0,0.0,0.0,0.0,2.39,5.31,0.0
20230502:0311,0.0,0.0,0.0,0.0,2.27,4.76,0.0
20230502:0411,0.0,6.0,0.0,2.93,2.33,4.34,0.0
20230502:0511,92.0,49.0,0.0,10.25,2.55,3.86,0.0
20230502:0611,100.0,126.0,0.0,17.94,3.34,3.66,0.0
20230502:0711,0.0,0.0,0.0,0.0,4.73,4.55,0.0
20230502:0811,116.0,262.0,0.0,32.92,5.5,5.03,0.0
20230502:0911,116.0,314.0,0.0,39.24,6.04,5.17,0.0
20230502:1011,3.0,255.0,0.0,43.95,6.19,5.38,0.0
20230502:1111,20.0,320.0,0.0,46.35,6.4,5.79,0.0
20230502:1211,14.0,307.0,0.0,46.01,6.57,6.07,0.0
20230502:1311,182.0,329.0,0.0,42.97,6.54,6.48,0.0
20230502:1411,171.0,289.0,0.0,37.8,6.61,6.69,0.0
20230502:1511,196.0,219.0,0.0,31.19,6.53,6.69,0.0
20230502:1611,83.0,186.0,0.0,23.77,6.19,6.48,0.0
20230502:1711,147.0,83.0,0.0,16.03,5.88,6.14,0.0
20230502:1811,67.0,41.0,0.0,8.39,5.5,5.59,0.0
20230502:1911,0.0,0.0,0.0,0.0,5.24,4.55,0.0
20230502:2011,0.0,0.0,0.0,0.0,4.66,4.14,0.0
20230502:2111,0.0,0.0,0.0,0.0,4.28,4.0,0.0
20230502:2211,0.0,0.0,0.0,0.0,4.07,3.93,0.0
20230502:2311,0.0,0.0,0.0,0.0,3.96,3.72,0.0
20230503:0011,0.0,0.0,0.0,0.0,3.87,3.72,0.0
20230503:0111,0.0,0.0,0.0,0.0,3.88,3.72,0.0
20230503:0211,0.0,0.0,0.0,0.0,3.88,3.59,0.0
20230503:0311,0.0,0.0,0.0,0.0,3.74,3.38,0.0
20230503:0411,0.0,3.0,0.0,3.2,3.67,3.31,0.0
20230503:0511,2.0,58.0,0.0,10.51,3.9,3.24,0.0
20230503:0611,60.0,138.0,0.0,18.21,4.47,3.52,0.0
20230503:0711,97.0,201.0,0.0,25.91,5.09,3.59,0.0
20230503:0811,27.0,248.0,0.0,33.19,5.96,3.93,0.0
20230503:0911,8.0,254.0,0.0,39.52,6.78,4.0,0.0
20230503:1011,185.0,336.0,0.0,44.24,7.25,4.21,0.0
20230503:1111,21.0,322.0,0.0,46.65,7.8,4.55,0.0
20230503:1211,8.0,288.0,0.0,46.3,8.03,5.1,0.0
20230503:1311,196.0,324.0,0.0,43.25,7.92,5.66,0.0
20230503:1411,132.0,299.0,0.0,38.06,7.71,5.66,0.0
20230503:1511,274.0,182.0,0.0,31.43,7.5,5.52,0.0
20230503:1611,174.0,154.0,0.0,24.0,7.31,5.52,0.0
20230503:1711,174.0,71.0,0.0,16.27,7.01,5.45,0.0
20230503:1811,57.0,47.0,0.0,8.63,6.52,5.03,0.0
20230503:1911,0.0,0.0,0.0,0.0,5.96,4.41,0.0
20230503:2011,0.0,0.0,0.0,0.0,5.19,4.07,0.0
20230503:2111,0.0,0.0,0.0,0.0,4.63,3.93,0.0
20230503:2211,0.0,0.0,0.0,0.0,4.23,3.79,0.0
20230503:2311,0.0,0.0,0.0,0.0,3.9,3.52,0.0
20230504:0011,0.0,0.0,0.0,0.0,3.7,3.17,0.0
20230504:0111,0.0,0.0,0.0,0.0,3.46,3.03,0.0
20230504:0211,0.0,0.0,0.0,0.0,3.28,2.9,0.0
20230504:0311,0.0,0.0,0.0,0.0,3.1,2.62,0.0
20230504:0411,0.0,9.0,0.0,3.46,3.03,2.28,0.0
20230504:0511,1.0,52.0,0.0,10.77,3.49,2.0,0.0
20230504:0611,217.0,73.0,0.0,18.47,4.82,1.59,0.0
20230504:0711,145.0,190.0,0.0,26.17,6.4,1.93,0.0
20230504:0811,385.0,143.0,0.0,33.46,7.56,1.86,0.0
20230504:0911,518.01,130.0,0.0,39.8,8.54,1.45,0.0
20230504:1011,381.01,255.0,0.0,44.53,9.15,0.76,0.0
20230504:1111,215.0,349.0,0.0,46.94,9.49,0.07,0.0
20230504:1211,82.0,364.0,0.0,46.58,9.28,0.21,0.0
20230504:1311,71.0,340.0,0.0,43.52,9.4,0.55,0.0
20230504:1411,163.0,295.0,0.0,38.31,9.64,1.03,0.0
20230504:1511,313.0,164.0,0.0,31.68,9.44,1.45,0.0
20230504:1611,119.0,179.0,0.0,24.24,9.42,1.45,0.0
20230504:1711,149.0,86.0,0.0,16.5,9.12,1.31,0.0
20230504:1811,65.0,46.0,0.0,8.87,8.49,1.24,0.0
20230504:1911,0.0,1.0,0.0,1.71,7.83,0.55,0.0
20230504:2011,0.0,0.0,0.0,0.0,6.53,1.59,0.0
20230504:2111,0.0,0.0,0.0,0.0,5.78,2.76,0.0
20230504:2211,0.0,0.0,0.0,0.0,5.3,3.59,0.0
20230504:2311,0.0,0.0,0.0,0.0,4.89,3.86,0.0
20230505:0011,0.0,0.0,0.0,0.0,4.62,4.28,0.0
20230505:0111,0.0,0.0,0.0,0.0,4.5,4.69,0.0
20230505:0211,0.0,0.0,0.0,0.0,4.44,5.03,0.0
20230505:0311,0.0,0.0,0.0,0.0,4.46,5.52,0.0
20230505:0411,0.0,5.0,0.0,3.73,4.53,5.86,0.0
20230505:0511,6.0,70.0,0.0,11.03,4.92,6.21,0.0
20230505:0611,2.0,108.0,0.0,18.72,5.7,5.86,0.0
20230505:0711,104.0,206.0,0.0,26.43,6.78,6.0,0.0
20230505:0811,400.0,138.0,0.0,33.72,7.75,6.97,0.0
20230505:0911,508.01,141.0,0.0,40.07,8.72,7.17,0.0
20230505:1011,611.01,126.0,0.0,44.81,9.48,7.31,0.0
20230505:1111,645.01,128.0,0.0,47.23,10.02,7.1,0.0
20230505:1211,639.01,128.0,0.0,46.86,10.27,6.97,0.0
20230505:1311,612.01,117.0,0.0,43.79,10.34,6.97,0.0
20230505:1411,566.01,94.0,0.0,38.56,10.22,6.83,0.0
20230505:1511,413.0,111.0,0.0,31.91,10.04,6.48,0.0
20230505:1611,302.0,93.0,0.0,24.47,9.69,6.14,0.0
20230505:1711,134.0,97.0,0.0,16.73,9.07,5.86,0.0
20230505:1811,11.0,59.0,0.0,9.1,8.25,5.79,0.0
20230505:1911,0.0,1.0,0.0,1.96,7.45,5.72,0.0
20230505:2011,0.0,0.0,0.0,0.0,6.67,5.93,0.0
20230505:2111,0.0,0.0,0.0,0.0,6.2,6.0,0.0
20230505:2211,0.0,0.0,0.0,0.0,6.09,6.21,0.0
20230505:2311,0.0,0.0,0.0,0.0,6.2,6.41,0.0
20230506:0011,0.0,0.0,0.0,0.0,6.15,6.62,0.0
20230506:0111,0.0,0.0,0.0,0.0,6.04,6.76,0.0
20230506:0211,0.0,0.0,0.0,0.0,5.9,6.07,0.0
20230506:0311,0.0,0.0,0.0,0.0,5.69,5.86,0.0
20230506:0411,0.0,6.0,0.0,3.98,5.47,5.79,0.0
20230506:0511,0.0,47.0,0.0,11.28,5.51,5.79,0.0
20230506:0611,39.0,144.0,0.0,18.97,5.74,5.1,0.0
20230506:0711,43.0,207.0,0.0,26.68,6.64,5.45,0.0
20230506:0811,9.0,223.0,0.0,33.98,7.53,5.93,0.0
20230506:0911,448.01,173.0,0.0,40.34,8.48,5.86,0.0
20230506:1011,583.01,136.0,0.0,45.09,9.27,5.52,0.0
20230506:1111,658.01,116.0,0.0,47.51,9.6,5.1,0.0
20230506:1211,670.01,107.0,0.0,47.14,10.02,4.83,0.0
20230506:1311,600.01,119.0,0.0,44.05,10.49,4.48,0.0
20230506:1411,514.01,118.0,0.0,38.81,10.58,4.21,0.0
20230506:1511,410.0,110.0,0.0,32.15,10.52,4.28,0.0
20230506:1611,295.0,95.0,0.0,24.7,10.24,4.41,0.0
20230506:1711,184.0,72.0,0.0,16.96,9.81,4.55,0.0
20230506:1811,60.0,52.0,0.0,9.34,9.24,4.76,0.0
20230506:1911,0.0,2.0,0.0,2.2,8.6,4.69,0.0
20230506:2011,0.0,0.0,0.0,0.0,7.65,4.76,0.0
20230506:2111,0.0,0.0,0.0,0.0,6.98,4.9,0.0
20230506:2211,0.0,0.0,0.0,0.0,6.66,5.1,0.0
20230506:2311,0.0,0.0,0.0,0.0,6.61,5.24,0.0
20230507:0011,0.0,0.0,0.0,0.0,6.5,5.24,0.0
20230507:0111,0.0,0.0,0.0,0.0,6.36,5.31,0.0
20230507:0211,0.0,0.0,0.0,0.0,6.19,5.38,0.0
20230507:0311,0.0,0.0,0.0,0.0,5.97,5.52,0.0
20230507:0411,0.0,11.0,0.0,4.24,5.68,5.24,0.0
20230507:0511,22.0,81.0,0.0,11.53,5.87,5.17,0.0
20230507:0611,52.0,147.0,0.0,19.21,6.63,4.76,0.0
20230507:0711,177.0,182.0,0.0,26.92,8.07,5.72,0.0
20230507:0811,141.0,263.0,0.0,34.23,9.17,5.86,0.0
20230507:0911,513.01,136.0,0.0,40.6,10.19,6.0,0.0
20230507:1011,604.01,129.0,0.0,45.36,11.01,5.79,0.0
20230507:1111,646.01,126.0,0.0,47.79,11.62,5.52,0.0
20230507:1211,667.01,111.0,0.0,47.42,11.79,5.38,0.0
20230507:1311,454.01,208.0,0.0,44.31,11.66,5.45,0.0
20230507:1411,358.0,212.0,0.0,39.06,11.22,5.52,0.0
20230507:1511,349.0,148.0,0.0,32.38,10.95,5.59,0.0
20230507:1611,292.0,99.0,0.0,24.92,10.82,5.59,0.0
20230507:1711,147.0,93.0,0.0,17.18,10.6,5.31,0.0
20230507:1811,15.0,64.0,0.0,9.56,10.34,5.52,0.0
20230507:1911,0.0,1.0,0.0,2.43,10.2,5.03,0.0
20230507:2011,0.0,0.0,0.0,0.0,9.51,5.17,0.0
20230507:2111,0.0,0.0,0.0,0.0,9.1,5.45,0.0
20230507:2211,0.0,0.0,0.0,0.0,8.83,5.86,0.0
20230507:2311,0.0,0.0,0.0,0.0,8.75,6.07,0.0
20230508:0011,0.0,0.0,0.0,0.0,8.64,6.21,0.0
20230508:0111,0.0,0.0,0.0,0.0,8.67,6.41,0.0
20230508:0211,0.0,0.0,0.0,0.0,8.64,6.76,0.0
20230508:0311,0.0,0.0,0.0,0.0,8.56,6.76,0.0
20230508:0411,0.0,4.0,0.0,4.48,8.52,6.83,0.0
20230508:0511,0.0,53.0,0.0,11.77,8.68,7.03,0.0
20230508:0611,19.0,139.0,0.0,19.45,8.97,7.1,0.0
20230508:0711,50.0,210.0,0.0,27.16,9.47,6.9,0.0
20230508:0811,6.0,214.0,0.0,34.48,10.29,7.38,0.0
20230508:0911,228.0,286.0,0.0,40.86,10.99,7.72,0.0
20230508:1011,360.01,265.0,0.0,45.63,11.82,8.07,0.0
20230508:1111,91.0,367.0,0.0,48.07,12.3,8.21,0.0
20230508:1211,72.0,360.0,0.0,47.69,12.57,8.07,0.0
20230508:1311,59.0,337.0,0.0,44.57,12.29,8.0,0.0
20230508:1411,56.0,301.0,0.0,39.3,12.16,7.93,0.0
20230508:1511,34.0,245.0,0.0,32.61,12.08,7.79,0.0
20230508:1611,3.0,148.0,0.0,25.15,11.77,7.31,0.0
20230508:1711,0.0,63.0,0.0,17.4,11.64,7.24,0.0
20230508:1811,0.0,24.0,0.0,9.79,11.31,7.45,0.0
20230508:1911,0.0,3.0,0.0,2.67,10.72,7.24,0.0
20230508:2011,0.0,0.0,0.0,0.0,10.71,7.52,0.0
20230508:2111,0.0,0.0,0.0,0.0,10.78,7.59,0.0
20230508:2211,0.0,0.0,0.0,0.0,10.64,7.66,0.0
20230508:2311,0.0,0.0,0.0,0.0,10.23,7.66,0.0
20230509:0011,0.0,0.0,0.0,0.0,9.85,7.52,0.0
20230509:0111,0.0,0.0,0.0,0.0,9.77,7.38,0.0
20230509:0211,0.0,0.0,0.0,0.0,9.71,7.31,0.0
20230509:0311,0.0,0.0,0.0,0.0,9.69,7.24,0.0
20230509:0411,0.0,4.0,0.0,4.72,9.62,7.31,0.0
20230509:0511,2.0,66.0,0.0,12.0,9.54,7.31,0.0
20230509:0611,0.0,40.0,0.0,19.69,9.42,7.38,0.0
20230509:0711,27.0,201.0,0.0,27.4,9.61,7.17,0.0
20230509:0811,11.0,229.0,0.0,34.72,9.61,7.17,0.0
20230509:0911,70.0,315.0,0.0,41.11,9.49,7.24,0.0
20230509:1011,36.0,327.0,0.0,45.89,9.37,7.59,0.0
20230509:1111,87.0,364.0,0.0,48.34,9.26,7.72,0.0
20230509:1211,60.0,355.0,0.0,47.95,9.24,8.0,0.0
20230509:1311,5.0,262.0,0.0,44.82,9.11,8.07,0.0
20230509:1411,0.0,180.0,0.0,39.53,9.1,7.93,0.0
20230509:1511,0.0,120.0,0.0,32.84,9.05,7.72,0.0
20230509:1611,0.0,68.0,0.0,25.37,8.6,7.31,0.0
20230509:1711,0.0,53.0,0.0,17.62,8.76,6.9,0.0
20230509:1811,0.0,12.0,0.0,10.01,8.93,6.55,0.0
20230509:1911,0.0,2.0,0.0,2.9,9.04,5.59,0.0
20230509:2011,0.0,0.0,0.0,0.0,9.15,5.17,0.0
20230509:2111,0.0,0.0,0.0,0.0,9.23,4.9,0.0
20230509:2211,0.0,0.0,0.0,0.0,9.19,4.62,0.0
20230509:2311,0.0,0.0,0.0,0.0,9.17,4.55,0.0
20230510:0011,0.0,0.0,0.0,0.0,9.56,4.76,0.0
20230510:0111,0.0,0.0,0.0,0.0,8.77,5.1,0.0
20230510:0211,0.0,0.0,0.0,0.0,8.51,5.31,0.0
20230510:0311,0.0,0.0,0.0,0.0,8.27,5.24,0.0
20230510:0411,0.0,4.0,0.0,4.96,8.09,5.1,0.0
20230510:0511,0.0,14.0,0.0,12.23,7.99,5.1,0.0
20230510:0611,0.0,42.0,0.0,19.91,7.97,5.17,0.0
20230510:0711,0.0,74.0,0.0,27.63,7.76,5.03,0.0
20230510:0811,0.0,138.0,0.0,34.95,7.81,5.24,0.0
20230510:0911,0.0,177.0,0.0,41.35,7.99,5.31,0.0
20230510:1011,1.0,231.0,0.0,46.15,8.28,5.24,0.0
20230510:1111,1.0,250.0,0.0,48.6,8.64,5.1,0.0
20230510:1211,0.0,229.0,0.0,48.21,9.04,4.9,0.0
20230510:1311,1.0,222.0,0.0,45.07,9.6,4.48,0.0
20230510:1411,0.0,160.0,0.0,39.77,9.62,4.14,0.0
20230510:1511,0.0,135.0,0.0,33.06,9.76,3.79,0.0
20230510:1611,6.0,161.0,0.0,25.58,9.8,3.52,0.0
20230510:1711,0.0,75.0,0.0,17.84,9.74,3.31,0.0
20230510:1811,2.0,53.0,0.0,10.23,9.63,3.24,0.0
20230510:1911,0.0,5.0,0.0,3.13,9.34,2.62,0.0
20230510:2011,0.0,0.0,0.0,0.0,8.98,2.34,0.0
20230510:2111,0.0,0.0,0.0,0.0,8.73,2.21,0.0
20230510:2211,0.0,0.0,0.0,0.0,8.61,2.21,0.0
20230510:2311,0.0,0.0,0.0,0.0,9.07,2.28,0.0
20230511:0011,0.0,0.0,0.0,0.0,8.96,2.28,0.0
20230511:0111,0.0,0.0,0.0,0.0,8.85,2.14,0.0
20230511:0211,0.0,0.0,0.0,0.0,8.73,1.93,0.0
20230511:0311,0.0,0.0,0.0,0.0,8.68,1.66,0.0
20230511:0411,0.0,4.0,0.0,5.19,8.68,1.38,0.0
20230511:0511,0.0,27.0,0.0,12.46,8.82,1.17,0.0
20230511:0611,0.0,80.0,0.0,20.14,9.01,0.83,0.0
20230511:0711,4.0,168.0,0.0,27.85,9.2,1.17,0.0
20230511:0811,7.0,220.0,0.0,35.18,9.59,0.62,0.0
20230511:0911,4.0,244.0,0.0,41.6,9.96,0.21,0.0
20230511:1011,0.0,180.0,0.0,46.4,10.54,0.41,0.0
20230511:1111,4.0,275.0,0.0,48.86,10.76,1.1,0.0
20230511:1211,6.0,287.0,0.0,48.47,11.45,1.31,0.0
20230511:1311,1.0,229.0,0.0,45.31,11.42,2.0,0.0
20230511:1411,12.0,260.0,0.0,40.0,11.24,2.62,0.0
20230511:1511,0.0,121.0,0.0,33.28,10.81,2.83,0.0
20230511:1611,73.0,199.0,0.0,25.8,10.49,2.83,0.0
20230511:1711,17.0,126.0,0.0,18.05,10.37,2.69,0.0
20230511:1811,1.0,53.0,0.0,10.45,10.25,2.48,0.0
20230511:1911,0.0,5.0,0.0,3.35,9.34,2.48,0.0
20230511:2011,0.0,0.0,0.0,0.0,8.96,2.55,0.0
20230511:2111,0.0,0.0,0.0,0.0,8.79,2.41,0.0
20230511:2211,0.0,0.0,0.0,0.0,8.72,2.21,0.0
20230511:2311,0.0,0.0,0.0,0.0,8.51,2.0,0.0
20230512:0011,0.0,0.0,0.0,0.0,8.11,2.0,0.0
20230512:0111,0.0,0.0,0.0,0.0,7.61,1.93,0.0
20230512:0211,0.0,0.0,0.0,0.0,7.09,1.93,0.0
20230512:0311,0.0,0.0,0.0,0.0,6.76,2.0,0.0
20230512:0411,0.0,13.0,0.0,5.41,7.05,2.07,0.0
20230512:0511,2.0,67.0,0.0,12.68,7.96,2.07,0.0
20230512:0611,21.0,148.0,0.0,20.35,9.56,2.14,0.0
20230512:0711,76.0,219.0,0.0,28.07,10.22,2.28,0.0
20230512:0811,308.0,199.0,0.0,35.41,11.31,2.55,0.0
20230512:0911,574.01,110.0,0.0,41.83,12.04,2.97,0.0
20230512:1011,612.01,130.0,0.0,46.65,12.29,3.45,0.0
20230512:1111,644.01,132.0,0.0,49.11,12.36,4.07,0.0
20230512:1211,674.01,113.0,0.0,48.72,12.28,4.41,0.0
20230512:1311,629.01,112.0,0.0,45.55,12.45,4.69,0.0
20230512:1411,535.01,116.0,0.0,40.22,12.27,4.76,0.0
20230512:1511,436.0,107.0,0.0,33.49,12.05,4.62,0.0
20230512:1611,307.0,100.0,0.0,26.01,11.67,4.41,0.0
20230512:1711,200.0,76.0,0.0,18.26,11.05,4.14,0.0
20230512:1811,82.0,55.0,0.0,10.66,10.33,3.93,0.0
20230512:1911,0.0,12.0,0.0,3.57,9.51,3.59,0.0
20230512:2011,0.0,0.0,0.0,0.0,8.49,3.59,0.0
20230512:2111,0.0,0.0,0.0,0.0,7.88,3.52,0.0
20230512:2211,0.0,0.0,0.0,0.0,7.45,3.66,0.0
20230512:2311,0.0,0.0,0.0,0.0,7.2,3.52,0.0
20230513:0011,0.0,0.0,0.0,0.0,6.93,3.45,0.0
20230513:0111,0.0,0.0,0.0,0.0,6.86,3.31,0.0
20230513:0211,0.0,0.0,0.0,0.0,6.68,3.1,0.0
20230513:0311,0.0,0.0,0.0,0.0,6.76,2.9,0.0
20230513:0411,0.0,5.0,0.0,5.63,6.69,2.9,0.0
20230513:0511,0.0,43.0,0.0,12.89,7.01,3.45,0.0
20230513:0611,2.0,115.0,0.0,20.56,7.4,3.52,0.0
20230513:0711,4.0,169.0,0.0,28.28,8.37,4.07,0.0
20230513:0811,14.0,245.0,0.0,35.63,9.48,4.48,0.0
20230513:0911,19.0,290.0,0.0,42.06,10.35,4.41,0.0
20230513:1011,6.0,279.0,0.0,46.89,11.1,4.69,0.0
20230513:1111,89.0,378.0,0.0,49.36,11.66,4.97,0.0
20230513:1211,555.01,189.0,0.0,48.96,12.11,5.1,0.0
20230513:1311,616.01,124.0,0.0,45.79,11.87,5.38,0.0
20230513:1411,532.01,123.0,0.0,40.45,11.85,5.45,0.0
20230513:1511,423.0,118.0,0.0,33.71,11.31,5.03,0.0
20230513:1611,303.0,106.0,0.0,26.21,10.66,4.48,0.0
20230513:1711,210.0,75.0,0.0,18.47,10.32,3.79,0.0
20230513:1811,88.0,55.0,0.0,10.87,10.07,3.24,0.0
20230513:1911,1.0,16.81,0.0,3.79,10.1,2.69,0.0
20230513:2011,0.0,0.0,0.0,0.0,9.41,2.28,0.0
20230513:2111,0.0,0.0,0.0,0.0,8.89,1.93,0.0
20230513:2211,0.0,0.0,0.0,0.0,8.39,1.66,0.0
20230513:2311,0.0,0.0,0.0,0.0,7.81,1.38,0.0
20230514:0011,0.0,0.0,0.0,0.0,7.28,1.38,0.0
20230514:0111,0.0,0.0,0.0,0.0,6.89,1.52,0.0
20230514:0211,0.0,0.0,0.0,0.0,6.8,1.59,0.0
20230514:0311,0.0,0.0,0.0,0.0,6.68,1.79,0.0
20230514:0411,0.0,5.0,0.0,5.85,7.09,1.93,0.0
20230514:0511,56.0,90.0,0.0,13.1,8.39,1.86,0.0
20230514:0611,18.0,150.0,0.0,20.77,9.97,1.72,0.0
20230514:0711,111.0,218.0,0.0,28.49,10.89,1.86,0.0
20230514:0811,80.0,283.0,0.0,35.84,11.76,2.69,0.0
20230514:0911,78.0,329.0,0.0,42.28,11.77,3.38,0.0
20230514:1011,112.0,364.0,0.0,47.12,11.72,3.45,0.0
20230514:1111,252.0,349.0,0.0,49.6,11.77,3.45,0.0
20230514:1211,419.01,267.0,0.0,49.2,12.27,3.31,0.0
20230514:1311,205.0,338.0,0.0,46.02,12.11,3.72,0.0
20230514:1411,271.0,268.0,0.0,40.67,11.47,4.07,0.0
20230514:1511,239.0,220.0,0.0,33.92,10.62,4.0,0.0
20230514:1611,47.0,205.0,0.0,26.42,9.63,3.45,0.0
20230514:1711,21.0,136.0,0.0,18.67,9.06,2.83,0.0
20230514:1811,0.0,40.0,0.0,11.08,8.65,2.48,0.0
20230514:1911,0.0,4.0,0.0,4.0,7.82,1.79,0.0
20230514:2011,0.0,0.0,0.0,0.0,7.26,1.86,0.0
20230514:2111,0.0,0.0,0.0,0.0,6.71,1.93,0.0
20230514:2211,0.0,0.0,0.0,0.0,6.4,2.07,0.0
20230514:2311,0.0,0.0,0.0,0.0,6.11,2.07,0.0
20230515:0011,0.0,0.0,0.0,0.0,5.87,2.0,0.0
20230515:0111,0.0,0.0,0.0,0.0,5.7,1.86,0.0
20230515:0211,0.0,0.0,0.0,0.0,5.47,1.59,0.0
20230515:0311,0.0,0.0,0.0,0.0,5.47,1.45,0.0
20230515:0411,0.0,6.0,0.0,6.05,5.55,1.24,0.0
20230515:0511,0.0,19.0,0.0,13.3,5.71,0.9,0.0
20230515:0611,0.0,50.0,0.0,20.97,6.2,0.9,0.0
20230515:0711,24.0,210.0,0.0,28.69,6.61,0.48,0.0
20230515:0811,92.0,285.0,0.0,36.05,7.41,0.48,0.0
20230515:0911,85.0,332.0,0.0,42.5,8.58,1.1,0.0
20230515:1011,82.0,363.0,0.0,47.35,9.15,2.48,0.0
20230515:1111,76.0,378.0,0.0,49.84,9.06,3.66,0.0
20230515:1211,20.0,333.0,0.0,49.44,8.96,4.55,0.0
20230515:1311,7.0,281.0,0.0,46.24,8.83,4.83,0.0
20230515:1411,1.0,220.0,0.0,40.88,8.59,5.17,0.0
20230515:1511,32.0,255.0,0.0,34.12,8.47,5.79,0.0
20230515:1611,44.0,206.0,0.0,26.62,8.47,6.14,0.0
20230515:1711,58.0,142.0,0.0,18.87,8.35,6.28,0.0
20230515:1811,0.0,22.0,0.0,11.28,8.05,6.14,0.0
20230515:1911,0.0,3.0,0.0,4.21,7.4,5.86,0.0
20230515:2011,0.0,0.0,0.0,0.0,6.98,5.66,0.0
20230515:2111,0.0,0.0,0.0,0.0,6.61,5.66,0.0
20230515:2211,0.0,0.0,0.0,0.0,6.39,5.72,0.0
20230515:2311,0.0,0.0,0.0,0.0,6.26,5.86,0.0
20230516:0011,0.0,0.0,0.0,0.0,6.14,5.93,0.0
20230516:0111,0.0,0.0,0.0,0.0,6.01,6.0,0.0
20230516:0211,0.0,0.0,0.0,0.0,5.92,6.0,0.0
20230516:0311,0.0,0.0,0.0,0.0,5.83,5.93,0.0
20230516:0411,0.0,32.0,0.0,6.26,5.81,6.0,0.0
20230516:0511,42.0,98.0,0.0,13.5,6.04,6.0,0.0
20230516:0611,201.0,109.0,0.0,21.16,6.37,6.0,0.0
20230516:0711,344.0,114.0,0.0,28.88,7.07,5.72,0.0
20230516:0811,437.0,139.0,0.0,36.25,7.72,5.38,0.0
20230516:0911,486.01,175.0,0.0,42.71,8.49,5.24,0.0
20230516:1011,245.0,340.0,0.0,47.58,9.12,5.72,0.0
20230516:1111,358.01,310.0,0.0,50.07,9.38,5.79,0.0
20230516:1211,175.0,377.0,0.0,49.67,9.4,6.41,0.0
20230516:1311,7.0,285.0,0.0,46.47,8.66,6.9,0.0
20230516:1411,68.0,322.0,0.0,41.09,8.45,8.0,0.0
20230516:1511,75.0,272.0,0.0,34.32,7.26,9.03,0.0
20230516:1611,32.0,204.0,0.0,26.81,6.63,8.76,0.0
20230516:1711,71.0,143.0,0.0,19.07,6.03,8.9,0.0
20230516:1811,60.0,74.0,0.0,11.49,5.34,8.83,0.0
20230516:1911,0.0,17.0,0.0,4.42,5.22,8.48,0.0
20230516:2011,0.0,0.0,0.0,0.0,4.44,8.55,0.0
20230516:2111,0.0,0.0,0.0,0.0,3.81,8.48,0.0
20230516:2211,0.0,0.0,0.0,0.0,3.46,8.34,0.0
20230516:2311,0.0,0.0,0.0,0.0,3.25,8.48,0.0
20230517:0011,0.0,0.0,0.0,0.0,3.12,8.62,0.0
20230517:0111,0.0,0.0,0.0,0.0,3.16,8.62,0.0
20230517:0211,0.0,0.0,0.0,0.0,3.25,8.55,0.0
20230517:0311,0.0,0.0,0.0,0.0,3.35,8.21,0.0
20230517:0411,0.0,25.0,0.0,6.45,3.4,8.0,0.0
20230517:0511,23.0,100.0,0.0,13.69,3.64,8.21,0.0
20230517:0611,57.0,167.0,0.0,21.35,4.13,7.93,0.0
20230517:0711,68.0,232.0,0.0,29.07,5.18,8.07,0.0
20230517:0811,29.0,272.0,0.0,36.44,5.58,7.59,0.0
20230517:0911,152.0,334.0,0.0,42.92,6.16,7.45,0.0
20230517:1011,11.0,307.0,0.0,47.8,6.58,7.17,0.0
20230517:1111,15.0,330.0,0.0,50.3,6.73,7.38,0.0
20230517:1211,15.0,328.0,0.0,49.9,6.83,7.66,0.0
20230517:1311,213.0,346.0,0.0,46.68,6.64,7.59,0.0
20230517:1411,469.01,173.0,0.0,41.3,6.77,7.45,0.0
20230517:1511,225.0,237.0,0.0,34.52,6.77,7.17,0.0
20230517:1611,197.0,175.0,0.0,27.01,6.55,6.97,0.0
20230517:1711,87.0,141.0,0.0,19.26,6.18,6.62,0.0
20230517:1811,74.0,71.0,0.0,11.68,5.76,6.14,0.0
20230517:1911,23.0,18.09,0.0,4.62,5.55,4.97,0.0
20230517:2011,0.0,0.0,0.0,0.0,4.98,4.28,0.0
20230517:2111,0.0,0.0,0.0,0.0,4.61,3.45,0.0
20230517:2211,0.0,0.0,0.0,0.0,4.46,2.76,0.0
20230517:2311,0.0,0.0,0.0,0.0,4.36,2.0,0.0
20230518:0011,0.0,0.0,0.0,0.0,4.11,1.24,0.0
20230518:0111,0.0,0.0,0.0,0.0,4.03,0.62,0.0
20230518:0211,0.0,0.0,0.0,0.0,4.42,0.21,0.0
20230518:0311,0.0,0.0,0.0,0.0,3.27,0.9,0.0
20230518:0411,0.0,6.0,0.0,6.64,3.65,1.79,0.0
20230518:0511,0.0,17.0,0.0,13.87,4.52,2.0,0.0
20230518:0611,17.0,154.0,0.0,21.53,5.99,2.21,0.0
20230518:0711,9.0,191.0,0.0,29.26,7.97,2.69,0.0
20230518:0811,78.0,287.0,0.0,36.63,9.11,2.97,0.0
20230518:0911,112.0,334.0,0.0,43.12,9.8,3.79,0.0
20230518:1011,117.0,367.0,0.0,48.01,9.96,4.0,0.0
20230518:1111,40.0,360.0,0.0,50.52,10.35,4.14,0.0
20230518:1211,193.0,368.0,0.0,50.12,10.66,4.14,0.0
20230518:1311,161.0,354.0,0.0,46.9,10.56,3.93,0.0
20230518:1411,167.0,312.0,0.0,41.5,10.61,3.66,0.0
20230518:1511,264.0,213.0,0.0,34.72,10.61,3.38,0.0
20230518:1611,289.0,121.0,0.0,27.2,10.69,3.31,0.0
20230518:1711,120.0,127.0,0.0,19.45,10.12,3.1,0.0
20230518:1811,50.0,79.0,0.0,11.88,9.59,2.83,0.0
20230518:1911,1.0,22.8,0.0,4.82,9.28,2.55,0.0
20230518:2011,0.0,0.0,0.0,0.0,8.68,2.48,0.0
20230518:2111,0.0,0.0,0.0,0.0,8.17,2.69,0.0
20230518:2211,0.0,0.0,0.0,0.0,7.69,2.9,0.0
20230518:2311,0.0,0.0,0.0,0.0,7.21,2.97,0.0
20230519:0011,0.0,0.0,0.0,0.0,6.77,3.17,0.0
20230519:0111,0.0,0.0,0.0,0.0,6.27,3.1,0.0
20230519:0211,0.0,0.0,0.0,0.0,6.15,3.1,0.0
20230519:0311,0.0,0.0,0.0,0.0,6.09,3.31,0.0
20230519:0411,0.0,7.0,0.0,6.83,6.49,3.52,0.0
20230519:0511,0.0,32.0,0.0,14.05,7.27,3.59,0.0
20230519:0611,4.0,133.0,0.0,21.71,8.43,3.79,0.0
20230519:0711,85.0,229.0,0.0,29.43,9.06,4.21,0.0
20230519:0811,40.0,277.0,0.0,36.82,9.59,4.41,0.0
20230519:0911,65.0,331.0,0.0,43.31,10.05,4.62,0.0
20230519:1011,110.0,368.0,0.0,48.21,10.31,4.41,0.0
20230519:1111,426.01,272.0,0.0,50.74,11.19,4.48,0.0
20230519:1211,199.0,368.0,0.0,50.33,11.5,4.41,0.0
20230519:1311,404.01,253.0,0.0,47.11,11.8,4.14,0.0
20230519:1411,430.01,190.0,0.0,41.7,11.86,3.79,0.0
20230519:1511,288.0,202.0,0.0,34.91,11.68,3.59,0.0
20230519:1611,257.0,141.0,0.0,27.39,11.26,3.45,0.0
20230519:1711,45.0,147.0,0.0,19.64,10.62,3.24,0.0
20230519:1811,49.0,81.0,0.0,12.07,9.96,2.97,0.0
20230519:1911,10.0,26.52,0.0,5.02,9.67,2.14,0.0
20230519:2011,0.0,0.0,0.0,0.0,9.04,2.34,0.0
20230519:2111,0.0,0.0,0.0,0.0,8.45,2.34,0.0
20230519:2211,0.0,0.0,0.0,0.0,7.94,2.21,0.0
20230519:2311,0.0,0.0,0.0,0.0,7.43,2.21,0.0
20230520:0011,0.0,0.0,0.0,0.0,7.03,2.0,0.0
20230520:0111,0.0,0.0,0.0,0.0,6.82,1.79,0.0
20230520:0211,0.0,0.0,0.0,0.0,6.57,1.66,0.0
20230520:0311,0.0,0.0,0.0,0.0,6.4,1.59,0.0
20230520:0411,0.0,7.0,0.0,7.01,6.41,1.24,0.0
20230520:0511,0.0,64.0,0.0,14.22,7.53,0.97,0.0
20230520:0611,110.0,156.0,0.0,21.88,9.19,1.03,0.0
20230520:0711,356.0,111.0,0.0,29.6,9.69,1.31,0.0
20230520:0811,480.0,117.0,0.0,36.99,10.54,1.52,0.0
20230520:0911,569.01,127.0,0.0,43.5,11.26,1.93,0.0
20230520:1011,636.01,131.0,0.0,48.41,11.8,2.48,0.0
20230520:1111,669.01,132.0,0.0,50.94,12.02,2.83,0.0
20230520:1211,700.01,113.0,0.0,50.55,11.92,2.9,0.0
20230520:1311,629.01,126.0,0.0,47.31,11.79,2.69,0.0
20230520:1411,538.01,129.0,0.0,41.89,11.71,2.48,0.0
20230520:1511,438.0,120.0,0.0,35.09,11.56,2.28,0.0
20230520:1611,328.0,104.0,0.0,27.57,11.19,2.07,0.0
20230520:1711,196.0,93.0,0.0,19.82,10.65,1.86,0.0
20230520:1811,96.0,64.0,0.0,12.25,10.0,1.59,0.0
20230520:1911,12.0,27.03,0.0,5.21,9.82,1.03,0.0
20230520:2011,0.0,0.0,0.0,0.0,9.0,1.24,0.0
20230520:2111,0.0,0.0,0.0,0.0,8.33,1.17,0.0
20230520:2211,0.0,0.0,0.0,0.0,7.79,1.03,0.0
20230520:2311,0.0,0.0,0.0,0.0,7.15,1.17,0.0
20230521:0011,0.0,0.0,0.0,0.0,6.38,1.24,0.0
20230521:0111,0.0,0.0,0.0,0.0,5.57,1.31,0.0
20230521:0211,0.0,0.0,0.0,0.0,4.89,1.24,0.0
20230521:0311,0.0,0.0,0.0,0.0,4.46,1.17,0.0
20230521:0411,0.0,39.0,0.0,7.18,4.67,1.38,0.0
20230521:0511,113.0,80.0,0.0,14.39,6.62,1.45,0.0
20230521:0611,175.0,130.0,0.0,22.04,9.58,1.38,0.0
20230521:0711,293.0,150.0,0.0,29.77,11.51,0.97,0.0
20230521:0811,513.0,102.0,0.0,37.16,12.94,0.55,0.0
20230521:0911,607.01,109.0,0.0,43.68,13.45,1.59,0.0
20230521:1011,625.01,140.0,0.0,48.61,13.61,2.21,0.0
20230521:1111,571.01,195.0,0.0,51.15,13.77,2.76,0.0
20230521:1211,617.01,163.0,0.0,50.75,13.9,3.17,0.0
20230521:1311,600.01,145.0,0.0,47.51,13.84,3.59,0.0
20230521:1411,528.01,137.0,0.0,42.08,14.0,3.79,0.0
20230521:1511,438.0,123.0,0.0,35.28,13.94,3.79,0.0
20230521:1611,307.0,119.0,0.0,27.75,13.71,3.66,0.0
20230521:1711,149.0,121.0,0.0,20.0,13.33,3.38,0.0
20230521:1811,59.0,82.0,0.0,12.43,12.82,2.9,0.0
20230521:1911,2.0,27.55,0.0,5.4,12.59,2.69,0.0
20230521:2011,0.0,0.0,0.0,0.0,11.9,2.69,0.0
20230521:2111,0.0,0.0,0.0,0.0,11.35,2.69,0.0
20230521:2211,0.0,0.0,0.0,0.0,10.73,2.83,0.0
20230521:2311,0.0,0.0,0.0,0.0,10.12,2.76,0.0
20230522:0011,0.0,0.0,0.0,0.0,9.32,2.55,0.0
20230522:0111,0.0,0.0,0.0,0.0,8.88,2.21,0.0
20230522:0211,0.0,0.0,0.0,0.0,8.53,2.0,0.0
20230522:0311,0.0,0.0,0.0,0.0,8.49,1.86,0.0
20230522:0411,0.0,29.0,0.0,7.34,8.83,1.72,0.0
20230522:0511,0.0,33.0,0.0,14.55,10.06,1.45,0.0
20230522:0611,0.0,78.0,0.0,22.2,12.17,1.03,0.0
20230522:0711,108.0,228.0,0.0,29.93,13.94,1.24,0.0
20230522:0811,239.0,248.0,0.0,37.33,14.89,1.72,0.0
20230522:0911,171.0,326.0,0.0,43.85,15.21,2.21,0.0
20230522:1011,156.0,365.0,0.0,48.79,15.38,2.69,0.0
20230522:1111,472.01,247.0,0.0,51.35,15.53,3.03,0.0
20230522:1211,114.0,383.0,0.0,50.95,14.8,3.52,0.0
20230522:1311,254.0,327.0,0.0,47.7,14.35,3.59,0.0
20230522:1411,269.0,277.0,0.0,42.27,13.94,3.66,0.0
20230522:1511,30.0,258.0,0.0,35.46,13.37,4.21,0.0
20230522:1611,0.0,134.0,0.0,27.92,11.85,4.55,0.0
20230522:1711,0.0,26.0,0.0,20.18,10.67,4.83,0.0
20230522:1811,0.0,21.0,0.0,12.61,9.34,4.41,0.0
20230522:1911,0.0,5.0,0.0,5.58,8.48,3.59,0.0
20230522:2011,0.0,0.0,0.0,0.0,8.01,3.66,0.0
20230522:2111,0.0,0.0,0.0,0.0,7.7,4.14,0.0
20230522:2211,0.0,0.0,0.0,0.0,7.48,5.03,0.0
20230522:2311,0.0,0.0,0.0,0.0,7.13,5.52,0.0
20230523:0011,0.0,0.0,0.0,0.0,6.82,5.93,0.0
20230523:0111,0.0,0.0,0.0,0.0,6.67,6.0,0.0
20230523:0211,0.0,0.0,0.0,0.0,6.52,6.14,0.0
20230523:0311,0.0,0.0,0.0,0.0,6.44,6.55,0.0
20230523:0411,7.0,46.0,0.0,7.51,6.44,7.03,0.0
20230523:0511,34.0,108.0,0.0,14.7,6.65,7.31,0.0
20230523:0611,16.0,159.0,0.0,22.35,7.07,8.07,0.0
20230523:0711,61.0,237.0,0.0,30.08,7.79,8.34,0.0
20230523:0811,148.0,288.0,0.0,37.49,8.29,8.55,0.0
20230523:0911,158.0,337.0,0.0,44.02,8.81,8.55,0.0
20230523:1011,226.0,354.0,0.0,48.98,9.35,8.9,0.0
20230523:1111,666.01,141.0,0.0,51.54,9.67,9.17,0.0
20230523:1211,697.01,122.0,0.0,51.15,9.99,8.97,0.0
20230523:1311,619.01,139.0,0.0,47.89,10.12,8.34,0.0
20230523:1411,516.01,151.0,0.0,42.45,10.21,8.0,0.0
20230523:1511,423.0,137.0,0.0,35.63,10.16,7.93,0.0
20230523:1611,332.0,110.0,0.0,28.1,10.0,7.45,0.0
20230523:1711,170.0,115.0,0.0,20.35,9.65,6.9,0.0
20230523:1811,88.0,75.0,0.0,12.79,9.19,6.21,0.0
20230523:1911,33.0,30.0,0.0,5.76,8.74,5.03,0.0
20230523:2011,0.0,0.0,0.0,0.0,7.99,5.24,0.0
20230523:2111,0.0,0.0,0.0,0.0,7.36,4.62,0.0
20230523:2211,0.0,0.0,0.0,0.0,6.95,4.14,0.0
20230523:2311,0.0,0.0,0.0,0.0,6.63,3.38,0.0
20230524:0011,0.0,0.0,0.0,0.0,6.39,2.97,0.0
20230524:0111,0.0,0.0,0.0,0.0,6.23,2.62,0.0
20230524:0211,0.0,0.0,0.0,0.0,6.1,2.28,0.0
20230524:0311,0.0,0.0,0.0,0.0,6.04,1.79,0.0
20230524:0411,45.0,42.0,0.0,7.66,6.24,1.24,0.0
20230524:0511,24.0,107.0,0.0,14.85,7.36,0.55,0.0
20230524:0611,50.0,172.0,0.0,22.49,8.57,0.76,0.0
20230524:0711,34.0,226.0,0.0,30.23,9.01,1.31,0.0
20230524:0811,16.0,256.0,0.0,37.64,9.88,1.59,0.0
20230524:0911,430.01,211.0,0.0,44.18,10.56,2.07,0.0
20230524:1011,115.0,372.0,0.0,49.15,10.92,2.9,0.0
20230524:1111,19.0,337.0,0.0,51.72,10.9,3.59,0.0
20230524:1211,0.0,230.0,0.0,51.33,10.88,4.21,0.0
20230524:1311,3.0,267.0,0.0,48.08,10.61,4.97,0.0
20230524:1411,0.0,176.0,0.0,42.63,10.22,5.52,0.0
20230524:1511,0.0,160.0,0.0,35.8,9.84,5.66,0.0
20230524:1611,7.0,178.0,0.0,28.26,9.52,5.86,0.0
20230524:1711,3.0,117.0,0.0,20.52,9.29,5.93,0.0
20230524:1811,0.0,49.0,0.0,12.96,8.87,6.07,0.0
20230524:1911,0.0,15.0,0.0,5.93,8.97,5.1,0.0
20230524:2011,0.0,0.0,0.0,0.0,8.49,4.97,0.0
20230524:2111,0.0,0.0,0.0,0.0,8.02,5.1,0.0
20230524:2211,0.0,0.0,0.0,0.0,8.0,5.72,0.0
20230524:2311,0.0,0.0,0.0,0.0,7.92,5.79,0.0
20230525:0011,0.0,0.0,0.0,0.0,7.78,5.79,0.0
20230525:0111,0.0,0.0,0.0,0.0,7.53,5.86,0.0
20230525:0211,0.0,0.0,0.0,0.0,7.44,5.79,0.0
20230525:0311,0.0,0.0,0.0,0.0,7.24,5.59,0.0
20230525:0411,0.0,10.0,0.0,7.81,7.26,5.52,0.0
20230525:0511,12.0,104.0,0.0,15.0,7.59,6.34,0.0
20230525:0611,98.0,170.0,0.0,22.63,7.9,6.62,0.0
20230525:0711,227.0,194.0,0.0,30.37,8.63,5.66,0.0
20230525:0811,334.0,213.0,0.0,37.79,8.94,5.59,0.0
20230525:0911,161.0,340.0,0.0,44.34,9.2,5.52,0.0
20230525:1011,223.0,360.0,0.0,49.32,9.41,5.72,0.0
20230525:1111,331.0,336.0,0.0,51.9,9.46,5.79,0.0
20230525:1211,129.0,394.0,0.0,51.52,9.67,5.93,0.0
20230525:1311,236.0,348.0,0.0,48.26,9.68,6.14,0.0
20230525:1411,208.0,315.0,0.0,42.8,9.68,6.34,0.0
20230525:1511,167.0,270.0,0.0,35.97,9.49,6.48,0.0
20230525:1611,79.0,225.0,0.0,28.43,9.24,6.55,0.0
20230525:1711,29.0,155.0,0.0,20.68,8.85,6.48,0.0
20230525:1811,17.0,92.0,0.0,13.12,8.44,6.83,0.0
20230525:1911,0.0,24.0,0.0,6.1,8.24,5.93,0.0
20230525:2011,0.0,0.0,0.0,0.0,7.84,6.0,0.0
20230525:2111,0.0,0.0,0.0,0.0,7.6,6.21,0.0
20230525:2211,0.0,0.0,0.0,0.0,7.32,6.34,0.0
20230525:2311,0.0,0.0,0.0,0.0,7.24,6.48,0.0
20230526:0011,0.0,0.0,0.0,0.0,7.09,6.9,0.0
20230526:0111,0.0,0.0,0.0,0.0,7.07,6.69,0.0
20230526:0211,0.0,0.0,0.0,0.0,7.11,6.55,0.0
20230526:0311,0.0,1.0,0.0,1.56,7.06,6.62,0.0
20230526:0411,0.0,24.0,0.0,7.95,7.13,6.55,0.0
20230526:0511,2.0,86.0,0.0,15.13,7.33,6.28,0.0
20230526:0611,23.0,166.0,0.0,22.77,7.62,6.41,0.0
20230526:0711,29.0,227.0,0.0,30.5,7.77,5.31,0.0
20230526:0811,56.0,292.0,0.0,37.92,8.17,5.24,0.0
20230526:0911,67.0,340.0,0.0,44.49,8.67,5.24,0.0
20230526:1011,17.0,325.0,0.0,49.48,9.02,5.38,0.0
20230526:1111,21.0,345.0,0.0,52.08,9.24,5.45,0.0
20230526:1211,110.0,390.0,0.0,51.69,9.49,5.45,0.0
20230526:1311,208.0,353.0,0.0,48.43,9.71,5.45,0.0
20230526:1411,231.0,302.0,0.0,42.97,9.8,5.52,0.0
20230526:1511,167.0,267.0,0.0,36.13,9.81,5.52,0.0
20230526:1611,274.0,145.0,0.0,28.59,9.61,5.38,0.0
20230526:1711,102.0,148.0,0.0,20.84,9.38,5.1,0.0
20230526:1811,39.0,94.0,0.0,13.29,8.98,4.83,0.0
20230526:1911,0.0,15.0,0.0,6.27,8.44,3.66,0.0
20230526:2011,0.0,0.0,0.0,0.0,7.74,3.38,0.0
20230526:2111,0.0,0.0,0.0,0.0,7.32,2.76,0.0
20230526:2211,0.0,0.0,0.0,0.0,7.09,2.41,0.0
20230526:2311,0.0,0.0,0.0,0.0,6.92,2.07,0.0
20230527:0011,0.0,0.0,0.0,0.0,6.82,1.86,0.0
20230527:0111,0.0,0.0,0.0,0.0,6.84,1.66,0.0
20230527:0211,0.0,0.0,0.0,0.0,6.74,1.52,0.0
20230527:0311,0.0,1.0,0.0,1.7,6.67,1.38,0.0
20230527:0411,0.0,25.0,0.0,8.09,6.51,1.03,0.0
20230527:0511,51.0,110.0,0.0,15.26,6.93,0.62,0.0
20230527:0611,2.0,130.0,0.0,22.9,7.64,0.62,0.0
20230527:0711,11.0,203.0,0.0,30.63,8.42,1.79,0.0
20230527:0811,112.0,294.0,0.0,38.06,9.02,2.55,0.0
20230527:0911,97.0,342.0,0.0,44.63,9.45,3.59,0.0
20230527:1011,11.0,308.0,0.0,49.64,10.17,4.48,0.0
20230527:1111,4.0,286.0,0.0,52.24,10.7,5.45,0.0
20230527:1211,0.0,206.0,0.0,51.87,10.68,6.14,0.0
20230527:1311,0.0,144.0,0.0,48.6,10.2,6.62,0.0
20230527:1411,0.0,101.0,0.0,43.13,9.97,6.76,0.0
20230527:1511,0.0,85.0,0.0,36.29,9.79,6.55,0.0
20230527:1611,0.0,95.0,0.0,28.74,9.55,5.72,0.0
20230527:1711,0.0,32.0,0.0,21.0,9.48,4.69,0.0
20230527:1811,0.0,16.0,0.0,13.44,9.35,4.28,0.0
20230527:1911,0.0,7.0,0.0,6.43,9.22,3.45,0.0
20230527:2011,0.0,0.0,0.0,0.0,9.03,3.72,0.0
20230527:2111,0.0,0.0,0.0,0.0,8.79,4.41,0.0
20230527:2211,0.0,0.0,0.0,0.0,8.47,5.45,0.0
20230527:2311,0.0,0.0,0.0,0.0,8.01,5.59,0.0
20230528:0011,0.0,0.0,0.0,0.0,7.45,5.38,0.0
20230528:0111,0.0,0.0,0.0,0.0,7.17,5.38,0.0
20230528:0211,0.0,0.0,0.0,0.0,6.91,5.45,0.0
20230528:0311,0.0,1.0,0.0,1.84,6.89,5.72,0.0
20230528:0411,0.0,22.0,0.0,8.22,6.82,5.66,0.0
20230528:0511,23.0,113.0,0.0,15.39,6.91,6.07,0.0
20230528:0611,64.0,180.0,0.0,23.02,7.09,6.0,0.0
20230528:0711,63.0,244.0,0.0,30.75,7.67,5.86,0.0
20230528:0811,125.0,299.0,0.0,38.19,8.17,6.0,0.0
20230528:0911,84.0,349.0,0.0,44.77,8.53,6.14,0.0
20230528:1011,124.0,384.0,0.0,49.79,8.8,6.14,0.0
20230528:1111,218.0,382.0,0.0,52.4,8.77,6.28,0.0
20230528:1211,177.0,391.0,0.0,52.03,9.11,6.62,0.0
20230528:1311,311.0,320.0,0.0,48.76,9.2,6.97,0.0
20230528:1411,301.0,280.0,0.0,43.29,9.22,7.1,0.0
20230528:1511,421.0,149.0,0.0,36.44,8.87,7.31,0.0
20230528:1611,391.0,88.0,0.0,28.89,8.3,7.24,0.0
20230528:1711,52.0,163.0,0.0,21.15,7.88,7.03,0.0
20230528:1811,18.0,97.0,0.0,13.6,7.49,6.69,0.0
20230528:1911,0.0,24.0,0.0,6.59,7.47,6.34,0.0
20230528:2011,0.0,0.0,0.0,0.0,6.89,5.93,0.0
20230528:2111,0.0,0.0,0.0,0.0,6.43,5.72,0.0
20230528:2211,0.0,0.0,0.0,0.0,6.04,5.66,0.0
20230528:2311,0.0,0.0,0.0,0.0,5.79,5.52,0.0
20230529:0011,0.0,0.0,0.0,0.0,5.53,5.31,0.0
20230529:0111,0.0,0.0,0.0,0.0,5.47,4.97,0.0
20230529:0211,0.0,0.0,0.0,0.0,5.41,4.48,0.0
20230529:0311,0.0,1.0,0.0,1.97,5.31,3.79,0.0
20230529:0411,0.0,9.0,0.0,8.34,5.45,3.1,0.0
20230529:0511,1.0,77.0,0.0,15.5,6.03,2.69,0.0
20230529:0611,18.0,164.0,0.0,23.13,6.77,2.97,0.0
20230529:0711,281.0,163.0,0.0,30.87,7.46,2.14,0.0
20230529:0811,299.0,227.0,0.0,38.31,8.25,2.69,0.0
20230529:0911,49.0,332.0,0.0,44.9,8.75,3.17,0.0
20230529:1011,7.0,296.0,0.0,49.93,9.28,4.0,0.0
20230529:1111,3.0,279.0,0.0,52.56,9.52,4.69,0.0
20230529:1211,4.0,289.0,0.0,52.19,9.52,5.03,0.0
20230529:1311,0.0,224.0,0.0,48.92,9.45,5.03,0.0
20230529:1411,0.0,197.0,0.0,43.44,9.3,4.83,0.0
20230529:1511,0.0,169.0,0.0,36.59,9.28,4.62,0.0
20230529:1611,0.0,118.0,0.0,29.04,9.13,4.69,0.0
20230529:1711,0.0,84.0,0.0,21.29,8.97,5.17,0.0
20230529:1811,0.0,30.0,0.0,13.75,8.9,5.59,0.0
20230529:1911,0.0,6.0,0.0,6.74,8.65,5.03,0.0
20230529:2011,0.0,0.0,0.0,0.0,8.48,5.38,0.0
20230529:2111,0.0,0.0,0.0,0.0,8.32,5.66,0.0
20230529:2211,0.0,0.0,0.0,0.0,8.26,5.59,0.0
20230529:2311,0.0,0.0,0.0,0.0,8.27,5.24,0.0
20230530:0011,0.0,0.0,0.0,0.0,8.3,5.17,0.0
20230530:0111,0.0,0.0,0.0,0.0,8.37,4.97,0.0
20230530:0211,0.0,0.0,0.0,0.0,8.33,4.76,0.0
20230530:0311,0.0,1.0,0.0,2.09,8.22,4.55,0.0
20230530:0411,0.0,11.0,0.0,8.46,8.24,4.55,0.0
20230530:0511,1.0,82.0,0.0,15.62,8.42,4.34,0.0
20230530:0611,22.0,170.0,0.0,23.24,9.07,4.14,0.0
20230530:0711,55.0,241.0,0.0,30.98,9.89,3.93,0.0
20230530:0811,214.0,270.0,0.0,38.42,10.81,3.79,0.0
20230530:0911,586.01,128.0,0.0,45.02,11.55,3.66,0.0
20230530:1011,689.01,113.0,0.0,50.07,12.22,3.79,0.0
20230530:1111,733.01,108.0,0.0,52.71,12.66,4.28,0.0
20230530:1211,719.01,113.0,0.0,52.35,12.75,4.97,0.0
20230530:1311,666.01,117.0,0.0,49.07,12.69,5.52,0.0
20230530:1411,589.01,114.0,0.0,43.59,12.46,5.79,0.0
20230530:1511,485.0,109.0,0.0,36.74,12.34,6.0,0.0
20230530:1611,360.0,103.0,0.0,29.18,11.88,6.0,0.0
20230530:1711,241.0,87.0,0.0,21.44,11.34,5.93,0.0
20230530:1811,81.0,88.0,0.0,13.89,10.59,5.93,0.0
20230530:1911,6.0,40.0,0.0,6.89,9.93,5.66,0.0
20230530:2011,0.0,0.0,0.0,0.0,9.18,5.66,0.0
20230530:2111,0.0,0.0,0.0,0.0,8.54,5.31,0.0
20230530:2211,0.0,0.0,0.0,0.0,8.16,5.31,0.0
20230530:2311,0.0,0.0,0.0,0.0,7.94,5.59,0.0
20230531:0011,0.0,0.0,0.0,0.0,7.77,5.45,0.0
20230531:0111,0.0,0.0,0.0,0.0,7.72,5.72,0.0
20230531:0211,0.0,0.0,0.0,0.0,7.57,5.72,0.0
20230531:0311,0.0,1.0,0.0,2.21,7.6,5.59,0.0
20230531:0411,0.0,33.0,0.0,8.57,7.79,5.52,0.0
20230531:0511,1.0,79.0,0.0,15.72,7.99,5.31,0.0
20230531:0611,3.0,137.0,0.0,23.34,8.47,5.1,0.0
20230531:0711,5.0,190.0,0.0,31.08,8.85,4.76,0.0
20230531:0811,6.0,238.0,0.0,38.53,9.33,4.9,0.0
20230531:0911,40.0,330.0,0.0,45.14,9.79,5.17,0.0
20230531:1011,0.0,244.0,0.0,50.2,10.29,5.66,0.0
20230531:1111,14.0,334.0,0.0,52.85,10.64,6.14,0.0
20230531:1211,1.0,257.0,0.0,52.49,10.68,6.14,0.0
20230531:1311,0.0,232.0,0.0,49.22,10.79,6.21,0.0
20230531:1411,0.0,216.0,0.0,43.74,10.79,6.28,0.0
20230531:1511,11.0,241.0,0.0,36.88,10.69,6.48,0.0
20230531:1611,25.0,215.0,0.0,29.32,10.37,6.62,0.0
20230531:1711,57.0,164.0,0.0,21.58,10.01,6.69,0.0
20230531:1811,8.0,90.0,0.0,14.03,9.51,6.62,0.0
20230531:1911,1.0,31.0,0.0,7.03,9.16,5.86,0.0
20230531:2011,0.0,0.0,0.0,0.0,8.67,5.66,0.0
20230531:2111,0.0,0.0,0.0,0.0,8.17,5.66,0.0
20230531:2211,0.0,0.0,0.0,0.0,7.83,5.66,0.0
20230531:2311,0.0,0.0,0.0,0.0,7.58,5.52,0.0
20230601:0011,0.0,0.0,0.0,0.0,7.34,5.66,0.0
20230601:0111,0.0,0.0,0.0,0.0,7.17,6.14,0.0
20230601:0211,0.0,0.0,0.0,0.0,7.17,6.55,0.0
20230601:0311,0.0,1.0,0.0,2.32,7.05,6.76,0.0
20230601:0411,0.0,17.0,0.0,8.67,7.05,7.1,0.0
20230601:0511,147.0,79.0,0.0,15.82,7.28,7.38,0.0
20230601:0611,244.0,110.0,0.0,23.44,7.48,7.59,0.0
20230601:0711,124.0,240.0,0.0,31.18,8.19,7.72,0.0
20230601:0811,279.0,248.0,0.0,38.63,8.77,7.52,0.0
20230601:0911,442.0,222.0,0.0,45.25,9.39,7.38,0.0
20230601:1011,377.0,300.0,0.0,50.32,10.09,7.24,0.0
20230601:1111,567.01,215.0,0.0,52.98,10.71,7.24,0.0
20230601:1211,695.01,133.0,0.0,52.64,11.36,7.31,0.0
20230601:1311,663.01,126.0,0.0,49.36,11.8,7.45,0.0
20230601:1411,588.01,122.0,0.0,43.88,11.91,7.72,0.0
20230601:1511,500.0,108.0,0.0,37.01,11.75,7.79,0.0
20230601:1611,384.0,96.0,0.0,29.46,11.45,7.79,0.0
20230601:1711,251.0,86.0,0.0,21.71,10.97,7.72,0.0
20230601:1811,148.0,60.0,0.0,14.17,10.21,7.59,0.0
20230601:1911,52.0,35.0,0.0,7.17,10.23,6.97,0.0
20230601:2011,0.0,0.0,0.0,0.0,9.45,6.41,0.0
20230601:2111,0.0,0.0,0.0,0.0,8.71,5.52,0.0
20230601:2211,0.0,0.0,0.0,0.0,8.1,4.83,0.0
20230601:2311,0.0,0.0,0.0,0.0,7.61,4.14,0.0
20230602:0011,0.0,0.0,0.0,0.0,7.16,3.72,0.0
20230602:0111,0.0,0.0,0.0,0.0,6.61,3.52,0.0
20230602:0211,0.0,0.0,0.0,0.0,6.12,3.38,0.0
20230602:0311,0.0,2.0,0.0,2.43,5.68,3.24,0.0
20230602:0411,52.0,51.0,0.0,8.77,5.87,2.97,0.0
20230602:0511,152.0,75.0,0.0,15.91,7.41,2.9,0.0
20230602:0611,264.0,96.0,0.0,23.53,9.12,2.76,0.0
20230602:0711,408.0,99.0,0.0,31.27,10.7,1.03,0.0
20230602:0811,552.0,93.0,0.0,38.73,11.52,1.31,0.0
20230602:0911,656.01,94.0,0.0,45.36,11.92,1.93,0.0
20230602:1011,695.01,113.0,0.0,50.44,12.02,2.62,0.0
20230602:1111,729.01,114.0,0.0,53.11,11.97,3.03,0.0
20230602:1211,734.01,109.0,0.0,52.77,11.76,3.1,0.0
20230602:1311,682.01,112.0,0.0,49.5,11.69,3.03,0.0
20230602:1411,604.01,110.0,0.0,44.01,11.55,3.03,0.0
20230602:1511,480.0,116.0,0.0,37.14,11.4,3.24,0.0
20230602:1611,342.0,117.0,0.0,29.59,11.08,3.45,0.0
20230602:1711,167.0,130.0,0.0,21.84,10.78,3.52,0.0
20230602:1811,140.0,65.0,0.0,14.3,10.32,3.72,0.0
20230602:1911,50.0,38.0,0.0,7.3,9.84,3.03,0.0
20230602:2011,0.0,0.0,0.0,0.0,8.99,3.03,0.0
20230602:2111,0.0,0.0,0.0,0.0,8.35,2.83,0.0
20230602:2211,0.0,0.0,0.0,0.0,7.94,2.76,0.0
20230602:2311,0.0,0.0,0.0,0.0,7.61,3.1,0.0
20230603:0011,0.0,0.0,0.0,0.0,7.32,3.38,0.0
20230603:0111,0.0,0.0,0.0,0.0,7.09,3.72,0.0
20230603:0211,0.0,0.0,0.0,0.0,6.9,4.0,0.0
20230603:0311,0.0,2.0,0.0,2.53,6.74,4.14,0.0
20230603:0411,29.0,59.0,0.0,8.86,6.81,4.28,0.0
20230603:0511,0.0,78.0,0.0,16.0,7.64,4.55,0.0
20230603:0611,56.0,183.0,0.0,23.62,8.7,5.03,0.0
20230603:0711,348.0,134.0,0.0,31.36,9.76,4.9,0.0
20230603:0811,493.0,125.0,0.0,38.82,10.72,5.03,0.0
20230603:0911,610.01,120.0,0.0,45.46,11.49,5.24,0.0
20230603:1011,651.01,137.0,0.0,50.55,11.97,5.66,0.0
20230603:1111,598.01,192.0,0.0,53.24,12.21,6.07,0.0
20230603:1211,679.01,139.0,0.0,52.9,12.32,6.28,0.0
20230603:1311,639.01,136.0,0.0,49.63,12.31,6.28,0.0
20230603:1411,575.01,127.0,0.0,44.14,12.19,6.28,0.0
20230603:1511,476.0,119.0,0.0,37.27,11.94,6.28,0.0
20230603:1611,356.0,110.0,0.0,29.71,11.53,6.41,0.0
20230603:1711,209.0,110.0,0.0,21.96,11.12,6.34,0.0
20230603:1811,94.0,88.0,0.0,14.42,10.67,5.86,0.0
20230603:1911,19.0,48.0,0.0,7.43,10.0,5.45,0.0
20230603:2011,0.0,0.0,0.0,0.0,9.32,5.52,0.0
20230603:2111,0.0,0.0,0.0,0.0,8.63,5.45,0.0
20230603:2211,0.0,0.0,0.0,0.0,8.15,5.31,0.0
20230603:2311,0.0,0.0,0.0,0.0,7.77,5.1,0.0
20230604:0011,0.0,0.0,0.0,0.0,7.44,4.69,0.0
20230604:0111,0.0,0.0,0.0,0.0,7.13,4.69,0.0
20230604:0211,0.0,0.0,0.0,0.0,6.86,4.62,0.0
20230604:0311,0.0,2.0,0.0,2.62,6.64,4.48,0.0
20230604:0411,0.0,10.0,0.0,8.95,6.82,4.28,0.0
20230604:0511,0.0,46.0,0.0,16.08,7.91,3.93,0.0
20230604:0611,19.0,170.0,0.0,23.69,9.33,3.86,0.0
20230604:0711,156.0,231.0,0.0,31.44,10.22,3.31,0.0
20230604:0811,504.0,121.0,0.0,38.9,11.38,3.1,0.0
20230604:0911,606.01,124.0,0.0,45.55,12.41,3.03,0.0
20230604:1011,692.01,118.0,0.0,50.65,13.05,3.17,0.0
20230604:1111,736.01,113.0,0.0,53.35,13.55,3.52,0.0
20230604:1211,722.01,118.0,0.0,53.03,13.79,3.72,0.0
20230604:1311,680.01,117.0,0.0,49.76,13.38,3.72,0.0
20230604:1411,603.01,114.0,0.0,44.26,13.32,3.59,0.0
20230604:1511,500.0,109.0,0.0,37.39,13.51,3.59,0.0
20230604:1611,365.0,108.0,0.0,29.83,13.42,3.52,0.0
20230604:1711,253.0,88.0,0.0,22.08,13.26,3.45,0.0
20230604:1811,127.0,73.0,0.0,14.54,12.85,3.45,0.0
20230604:1911,53.0,39.0,0.0,7.55,12.02,2.97,0.0
20230604:2011,0.0,0.0,0.0,0.0,11.13,3.1,0.0
20230604:2111,0.0,0.0,0.0,0.0,10.41,3.38,0.0
20230604:2211,0.0,0.0,0.0,0.0,9.88,3.52,0.0
20230604:2311,0.0,0.0,0.0,0.0,9.44,3.79,0.0
20230605:0011,0.0,0.0,0.0,0.0,9.02,4.14,0.0
20230605:0111,0.0,0.0,0.0,0.0,8.65,4.48,0.0
20230605:0211,0.0,0.0,0.0,0.0,8.3,4.62,0.0
20230605:0311,0.0,2.0,0.0,2.71,8.09,4.69,0.0
20230605:0411,25.0,61.0,0.0,9.03,7.86,4.62,0.0
20230605:0511,139.0,86.0,0.0,16.16,8.61,4.76,0.0
20230605:0611,271.0,97.0,0.0,23.77,9.47,4.97,0.0
20230605:0711,383.0,117.0,0.0,31.51,10.15,5.1,0.0
20230605:0811,474.0,141.0,0.0,38.98,11.05,5.1,0.0
20230605:0911,562.01,152.0,0.0,45.63,11.82,5.31,0.0
20230605:1011,669.01,132.0,0.0,50.75,12.44,5.59,0.0
20230605:1111,731.01,118.0,0.0,53.46,12.84,5.93,0.0
20230605:1211,727.01,118.0,0.0,53.14,12.99,6.28,0.0
20230605:1311,675.01,122.0,0.0,49.88,12.99,6.55,0.0
20230605:1411,600.01,118.0,0.0,44.38,12.9,6.69,0.0
20230605:1511,505.0,108.0,0.0,37.51,12.74,6.76,0.0
20230605:1611,395.0,95.0,0.0,29.95,12.48,6.9,0.0
20230605:1711,260.0,86.0,0.0,22.2,11.99,7.03,0.0
20230605:1811,147.0,65.0,0.0,14.66,11.28,6.97,0.0
20230605:1911,53.0,40.0,0.0,7.67,10.72,6.41,0.0
20230605:2011,0.0,1.0,0.0,1.55,9.79,6.41,0.0
20230605:2111,0.0,0.0,0.0,0.0,8.95,6.07,0.0
20230605:2211,0.0,0.0,0.0,0.0,8.33,5.72,0.0
20230605:2311,0.0,0.0,0.0,0.0,7.87,5.66,0.0
20230606:0011,0.0,0.0,0.0,0.0,7.51,5.66,0.0
20230606:0111,0.0,0.0,0.0,0.0,7.23,5.59,0.0
20230606:0211,0.0,0.0,0.0,0.0,7.06,5.79,0.0
20230606:0311,0.0,2.0,0.0,2.79,6.92,5.93,0.0
20230606:0411,0.0,10.0,0.0,9.1,7.13,5.86,0.0
20230606:0511,3.0,95.0,0.0,16.22,7.91,6.21,0.0
20230606:0611,119.0,174.0,0.0,23.83,8.79,6.14,0.0
20230606:0711,0.0,0.0,0.0,0.0,9.72,6.76,0.0
20230606:0811,540.0,105.0,0.0,39.05,10.89,6.9,0.0
20230606:0911,640.01,109.0,0.0,45.71,12.08,6.9,0.0
20230606:1011,692.01,121.0,0.0,50.84,12.99,7.1,0.0
20230606:1111,716.01,128.0,0.0,53.56,13.61,7.24,0.0
20230606:1211,722.01,123.0,0.0,53.25,13.97,7.38,0.0
20230606:1311,680.01,121.0,0.0,49.99,14.13,7.45,0.0
20230606:1411,613.01,113.0,0.0,44.49,14.08,7.45,0.0
20230606:1511,509.0,108.0,0.0,37.62,13.93,7.31,0.0
20230606:1611,394.0,97.0,0.0,30.06,13.59,7.17,0.0
20230606:1711,253.0,92.0,0.0,22.31,13.05,6.97,0.0
20230606:1811,150.0,66.0,0.0,14.77,12.28,6.76,0.0
20230606:1911,59.0,38.0,0.0,7.78,11.63,6.28,0.0
20230606:2011,0.0,1.0,0.0,1.67,10.64,6.0,0.0
20230606:2111,0.0,0.0,0.0,0.0,9.72,5.72,0.0
20230606:2211,0.0,0.0,0.0,0.0,9.01,5.38,0.0
20230606:2311,0.0,0.0,0.0,0.0,8.47,4.97,0.0
20230607:0011,0.0,0.0,0.0,0.0,8.02,4.97,0.0
20230607:0111,0.0,0.0,0.0,0.0,7.67,5.1,0.0
20230607:0211,0.0,0.0,0.0,0.0,7.42,5.1,0.0
20230607:0311,0.0,2.0,0.0,2.86,7.25,5.17,0.0
20230607:0411,0.0,10.0,0.0,9.17,7.5,4.9,0.0
20230607:0511,0.0,60.0,0.0,16.29,8.44,4.83,0.0
20230607:0611,23.0,177.0,0.0,23.89,9.67,4.76,0.0
20230607:0711,267.0,185.0,0.0,31.63,10.91,4.55,0.0
20230607:0811,527.0,113.0,0.0,39.11,12.14,4.69,0.0
20230607:0911,633.01,114.0,0.0,45.78,13.09,4.97,0.0
20230607:1011,684.01,126.0,0.0,50.92,13.82,5.38,0.0
20230607:1111,727.01,123.0,0.0,53.66,14.28,5.93,0.0
20230607:1211,714.01,128.0,0.0,53.36,14.42,6.34,0.0
20230607:1311,682.01,121.0,0.0,50.1,14.39,6.55,0.0
20230607:1411,598.01,122.0,0.0,44.6,14.19,6.62,0.0
20230607:1511,504.0,112.0,0.0,37.73,13.84,6.55,0.0
20230607:1611,386.0,102.0,0.0,30.16,13.39,6.55,0.0
20230607:1711,266.0,86.0,0.0,22.42,12.82,6.41,0.0
20230607:1811,159.0,63.0,0.0,14.88,12.1,6.14,0.0
20230607:1911,60.0,39.0,0.0,7.89,11.3,5.72,0.0
20230607:2011,0.0,1.0,0.0,1.77,10.4,5.59,0.0
20230607:2111,0.0,0.0,0.0,0.0,9.52,5.52,0.0
20230607:2211,0.0,0.0,0.0,0.0,8.9,5.45,0.0
20230607:2311,0.0,0.0,0.0,0.0,8.39,5.45,0.0
20230608:0011,0.0,0.0,0.0,0.0,7.97,5.24,0.0
20230608:0111,0.0,0.0,0.0,0.0,7.68,5.66,0.0
20230608:0211,0.0,0.0,0.0,0.0,7.45,5.72,0.0
20230608:0311,0.0,2.0,0.0,2.93,7.32,5.72,0.0
20230608:0411,0.0,10.0,0.0,9.23,7.52,5.52,0.0
20230608:0511,0.0,41.0,0.0,16.34,8.05,5.45,0.0
20230608:0611,1.0,127.0,0.0,23.94,8.88,5.24,0.0
20230608:0711,26.0,234.0,0.0,31.69,9.81,4.97,0.0
20230608:0811,118.0,307.0,0.0,39.17,11.01,4.69,0.0
20230608:0911,483.01,203.0,0.0,45.85,12.21,4.41,0.0
20230608:1011,684.01,127.0,0.0,51.0,13.41,4.41,0.0
20230608:1111,718.01,128.0,0.0,53.75,14.19,4.62,0.0
20230608:1211,714.01,128.0,0.0,53.46,14.32,4.97,0.0
20230608:1311,664.01,131.0,0.0,50.2,14.37,5.03,0.0
20230608:1411,599.01,122.0,0.0,44.7,14.28,4.83,0.0
20230608:1511,505.0,112.0,0.0,37.83,14.12,4.41,0.0
20230608:1611,392.0,100.0,0.0,30.26,13.73,4.0,0.0
20230608:1711,256.0,92.0,0.0,22.52,13.34,3.79,0.0
20230608:1811,138.0,73.0,0.0,14.98,12.69,3.38,0.0
20230608:1911,41.0,48.0,0.0,7.99,11.67,2.83,0.0
20230608:2011,0.0,1.0,0.0,1.88,10.84,2.28,0.0
20230608:2111,0.0,0.0,0.0,0.0,10.11,1.72,0.0
20230608:2211,0.0,0.0,0.0,0.0,9.79,1.38,0.0
20230608:2311,0.0,0.0,0.0,0.0,9.56,1.38,0.0
20230609:0011,0.0,0.0,0.0,0.0,9.18,1.45,0.0
20230609:0111,0.0,0.0,0.0,0.0,8.8,1.59,0.0
20230609:0211,0.0,0.0,0.0,0.0,8.56,1.72,0.0
20230609:0311,0.0,2.0,0.0,2.99,8.9,1.93,0.0
20230609:0411,31.0,61.0,0.0,9.28,9.92,2.0,0.0
20230609:0511,85.0,110.0,0.0,16.39,11.6,2.0,0.0
20230609:0611,275.0,94.0,0.0,23.99,13.96,1.79,0.0
20230609:0711,395.0,107.0,0.0,31.74,15.08,1.66,0.0
20230609:0811,463.0,142.0,0.0,39.22,16.38,1.31,0.0
20230609:0911,247.0,315.0,0.0,45.91,17.13,0.41,0.0
20230609:1011,160.0,378.0,0.0,51.07,17.23,0.55,0.0
20230609:1111,163.0,395.0,0.0,53.83,17.16,1.52,0.0
20230609:1211,447.01,277.0,0.0,53.55,17.32,2.21,0.0
20230609:1311,579.01,173.0,0.0,50.3,17.12,3.24,0.0
20230609:1411,323.0,272.0,0.0,44.8,16.2,3.24,0.0
20230609:1511,436.0,144.0,0.0,37.92,15.46,2.97,0.0
20230609:1611,209.0,194.0,0.0,30.36,15.0,3.1,0.0
20230609:1711,151.0,144.0,0.0,22.61,14.58,2.97,0.0
20230609:1811,22.0,107.0,0.0,15.08,14.19,2.62,0.0
20230609:1911,1.0,40.0,0.0,8.09,13.26,1.93,0.0
20230609:2011,0.0,1.0,0.0,1.97,12.75,2.07,0.0
20230609:2111,0.0,0.0,0.0,0.0,12.21,2.48,0.0
20230609:2211,0.0,0.0,0.0,0.0,11.81,2.62,0.0
20230609:2311,0.0,0.0,0.0,0.0,11.28,2.69,0.0
20230610:0011,0.0,0.0,0.0,0.0,10.81,2.83,0.0
20230610:0111,0.0,0.0,0.0,0.0,10.68,3.03,0.0
20230610:0211,0.0,0.0,0.0,0.0,10.98,3.31,0.0
20230610:0311,0.0,2.0,0.0,3.04,11.5,3.66,0.0
20230610:0411,59.0,53.0,0.0,9.33,12.57,4.0,0.0
20230610:0511,157.0,78.0,0.0,16.44,13.93,4.28,0.0
20230610:0611,278.0,95.0,0.0,24.03,15.25,4.48,0.0
20230610:0711,415.0,100.0,0.0,31.78,16.46,4.97,0.0
20230610:0811,519.0,114.0,0.0,39.27,17.25,5.03,0.0
20230610:0911,615.01,120.0,0.0,45.96,17.76,5.1,0.0
20230610:1011,666.01,132.0,0.0,51.13,18.02,5.31,0.0
20230610:1111,708.01,130.0,0.0,53.91,17.89,5.59,0.0
20230610:1211,705.01,129.0,0.0,53.63,17.81,5.66,0.0
20230610:1311,683.01,118.0,0.0,50.39,17.89,5.59,0.0
20230610:1411,584.01,127.0,0.0,44.89,17.97,5.31,0.0
20230610:1511,486.0,120.0,0.0,38.01,17.97,4.97,0.0
20230610:1611,387.0,101.0,0.0,30.45,18.03,4.62,0.0
20230610:1711,264.0,88.0,0.0,22.7,17.78,4.21,0.0
20230610:1811,158.0,65.0,0.0,15.17,17.31,3.79,0.0
20230610:1911,60.0,42.0,0.0,8.18,16.04,3.45,0.0
20230610:2011,0.0,1.0,0.0,2.06,15.09,3.38,0.0
20230610:2111,0.0,0.0,0.0,0.0,14.45,3.38,0.0
20230610:2211,0.0,0.0,0.0,0.0,13.89,3.38,0.0
20230610:2311,0.0,0.0,0.0,0.0,13.48,3.45,0.0
20230611:0011,0.0,0.0,0.0,0.0,13.2,3.66,0.0
20230611:0111,0.0,0.0,0.0,0.0,13.06,4.07,0.0
20230611:0211,0.0,0.0,0.0,0.0,13.0,4.41,0.0
20230611:0311,0.0,2.0,0.0,3.09,13.02,4.76,0.0
20230611:0411,69.0,49.0,0.0,9.37,13.46,4.83,0.0
20230611:0511,160.0,77.0,0.0,16.47,14.45,4.83,0.0
20230611:0611,274.0,97.0,0.0,24.07,15.58,4.83,0.0
20230611:0711,398.0,109.0,0.0,31.81,16.73,4.76,0.0
20230611:0811,512.0,118.0,0.0,39.3,18.02,4.62,0.0
20230611:0911,615.01,120.0,0.0,46.0,18.91,4.62,0.0
20230611:1011,665.01,133.0,0.0,51.19,19.2,4.83,0.0
20230611:1111,699.01,134.0,0.0,53.97,19.28,5.1,0.0
20230611:1211,695.01,135.0,0.0,53.71,19.42,5.45,0.0
20230611:1311,656.01,132.0,0.0,50.47,19.65,5.79,0.0
20230611:1411,592.01,123.0,0.0,44.98,19.75,5.86,0.0
20230611:1511,365.0,192.0,0.0,38.1,19.73,5.86,0.0
20230611:1611,264.0,171.0,0.0,30.54,19.47,5.66,0.0
20230611:1711,56.0,175.0,0.0,22.79,19.03,5.31,0.0
20230611:1811,14.0,105.0,0.0,15.25,18.53,4.97,0.0
20230611:1911,18.0,55.0,0.0,8.27,17.97,4.97,0.0
20230611:2011,0.0,1.0,0.0,2.15,17.15,4.9,0.0
20230611:2111,0.0,0.0,0.0,0.0,16.29,5.03,0.0
20230611:2211,0.0,0.0,0.0,0.0,15.57,5.17,0.0
20230611:2311,0.0,0.0,0.0,0.0,15.32,5.38,0.0
20230612:0011,0.0,0.0,0.0,0.0,14.91,5.66,0.0
20230612:0111,0.0,0.0,0.0,0.0,14.72,5.86,0.0
20230612:0211,0.0,0.0,0.0,0.0,14.53,6.0,0.0
20230612:0311,0.0,2.0,0.0,3.13,14.33,5.86,0.0
20230612:0411,1.0,48.0,0.0,9.41,14.44,5.79,0.0
20230612:0511,39.0,121.0,0.0,16.51,14.82,5.66,0.0
20230612:0611,61.0,184.0,0.0,24.1,15.58,5.59,0.0
20230612:0711,330.0,144.0,0.0,31.84,16.63,4.83,0.0
20230612:0811,164.0,291.0,0.0,39.34,17.53,4.76,0.0
20230612:0911,0.0,0.0,0.0,0.0,18.3,4.55,0.0
20230612:1011,307.0,328.0,0.0,51.24,18.67,4.55,0.0
20230612:1111,172.0,392.0,0.0,54.04,19.02,4.83,0.0
20230612:1211,502.01,245.0,0.0,53.78,19.19,4.97,0.0
20230612:1311,623.01,144.0,0.0,50.55,19.14,5.03,0.0
20230612:1411,503.01,171.0,0.0,45.06,18.97,4.83,0.0
20230612:1511,154.0,284.0,0.0,38.18,18.69,4.48,0.0
20230612:1611,358.0,113.0,0.0,30.62,18.25,4.0,0.0
20230612:1711,239.0,99.0,0.0,22.87,17.57,3.31,0.0
20230612:1811,119.0,83.0,0.0,15.33,16.66,2.41,0.0
20230612:1911,30.0,53.0,0.0,8.35,15.72,1.24,0.0
20230612:2011,0.0,1.0,0.0,2.23,14.72,1.45,0.0
20230612:2111,0.0,0.0,0.0,0.0,13.81,1.59,0.0
20230612:2211,0.0,0.0,0.0,0.0,13.35,1.52,0.0
20230612:2311,0.0,0.0,0.0,0.0,13.11,1.66,0.0
20230613:0011,0.0,0.0,0.0,0.0,12.91,1.86,0.0
20230613:0111,0.0,0.0,0.0,0.0,12.58,2.07,0.0
20230613:0211,0.0,0.0,0.0,0.0,12.08,2.14,0.0
20230613:0311,0.0,2.0,0.0,3.17,11.53,1.86,0.0
20230613:0411,8.0,58.0,0.0,9.44,11.77,1.38,0.0
20230613:0511,29.0,120.0,0.0,16.53,13.09,0.97,0.0
20230613:0611,130.0,166.0,0.0,24.12,15.87,0.83,0.0
20230613:0711,179.0,220.0,0.0,31.87,16.88,1.45,0.0
20230613:0811,37.0,287.0,0.0,39.36,17.92,2.14,0.0
20230613:0911,138.0,345.0,0.0,46.08,18.52,2.55,0.0
20230613:1011,193.0,369.0,0.0,51.28,19.17,2.97,0.0
20230613:1111,368.0,317.0,0.0,54.09,19.26,3.31,0.0
20230613:1211,608.01,179.0,0.0,53.85,18.63,3.52,0.0
20230613:1311,630.01,139.0,0.0,50.62,18.61,3.86,0.0
20230613:1411,531.01,152.0,0.0,45.13,18.34,4.0,0.0
20230613:1511,416.0,156.0,0.0,38.26,17.38,3.52,0.0
20230613:1611,251.0,174.0,0.0,30.69,17.15,3.38,0.0
20230613:1711,252.0,92.0,0.0,22.95,17.15,3.03,0.0
20230613:1811,149.0,69.0,0.0,15.41,16.78,2.76,0.0
20230613:1911,52.0,46.0,0.0,8.42,16.63,2.83,0.0
20230613:2011,0.0,1.0,0.0,2.3,15.84,2.9,0.0
20230613:2111,0.0,0.0,0.0,0.0,15.17,2.83,0.0
20230613:2211,0.0,0.0,0.0,0.0,14.81,2.55,0.0
20230613:2311,0.0,0.0,0.0,0.0,14.41,2.28,0.0
20230614:0011,0.0,0.0,0.0,0.0,13.82,2.0,0.0
20230614:0111,0.0,0.0,0.0,0.0,13.22,2.0,0.0
20230614:0211,0.0,0.0,0.0,0.0,12.75,2.14,0.0
20230614:0311,0.0,16.0,0.0,3.19,12.39,2.14,0.0
20230614:0411,0.0,10.0,0.0,9.46,12.51,2.14,0.0
20230614:0511,13.0,112.0,0.0,16.55,13.69,2.07,0.0
20230614:0611,3.0,139.0,0.0,24.14,15.41,2.07,0.0
20230614:0711,79.0,244.0,0.0,31.89,16.34,1.24,0.0
20230614:0811,133.0,296.0,0.0,39.38,17.61,1.31,0.0
20230614:0911,519.01,167.0,0.0,46.1,18.49,1.79,0.0
20230614:1011,643.01,136.0,0.0,51.32,18.89,2.28,0.0
20230614:1111,686.01,132.0,0.0,54.14,18.98,2.83,0.0
20230614:1211,683.01,132.0,0.0,53.91,18.72,3.38,0.0
20230614:1311,653.01,125.0,0.0,50.68,18.13,3.38,0.0
20230614:1411,565.01,130.0,0.0,45.2,17.62,2.14,0.0
20230614:1511,178.0,275.0,0.0,38.33,16.78,1.59,0.0
20230614:1611,398.0,92.0,0.0,30.76,16.77,2.14,0.0
20230614:1711,270.0,84.0,0.0,23.02,16.97,2.69,0.0
20230614:1811,9.0,101.0,0.0,15.48,16.67,2.62,0.0
20230614:1911,1.0,42.0,0.0,8.49,15.96,2.76,0.0
20230614:2011,0.0,1.0,0.0,2.37,15.01,2.69,0.0
20230614:2111,0.0,0.0,0.0,0.0,14.17,2.76,0.0
20230614:2211,0.0,0.0,0.0,0.0,13.73,2.62,0.0
20230614:2311,0.0,0.0,0.0,0.0,13.46,2.55,0.0
20230615:0011,0.0,0.0,0.0,0.0,13.2,2.55,0.0
20230615:0111,0.0,0.0,0.0,0.0,12.94,2.62,0.0
20230615:0211,0.0,0.0,0.0,0.0,12.62,2.62,0.0
20230615:0311,0.0,17.0,0.0,3.22,12.25,2.48,0.0
20230615:0411,57.0,54.0,0.0,9.48,12.39,2.34,0.0
20230615:0511,154.0,78.0,0.0,16.56,13.85,2.34,0.0
20230615:0611,260.0,100.0,0.0,24.15,15.59,2.62,0.0
20230615:0711,406.0,100.0,0.0,31.9,17.0,2.9,0.0
20230615:0811,516.0,110.0,0.0,39.4,18.23,2.97,0.0
20230615:0911,613.01,114.0,0.0,46.12,19.34,3.1,0.0
20230615:1011,665.01,125.0,0.0,51.34,20.02,3.38,0.0
20230615:1111,699.01,126.0,0.0,54.18,20.59,3.45,0.0
20230615:1211,632.01,164.0,0.0,53.96,20.96,3.66,0.0
20230615:1311,471.01,236.0,0.0,50.74,20.98,3.79,0.0
20230615:1411,281.0,291.0,0.0,45.26,20.86,4.07,0.0
20230615:1511,6.0,229.0,0.0,38.39,20.36,4.21,0.0
20230615:1611,352.0,117.0,0.0,30.83,19.83,3.93,0.0
20230615:1711,168.0,138.0,0.0,23.08,20.38,3.03,0.0
20230615:1811,19.0,109.0,0.0,15.54,20.27,2.97,0.0
20230615:1911,0.0,9.0,0.0,8.55,19.11,3.66,0.0
20230615:2011,0.0,1.0,0.0,2.43,17.88,3.66,0.0
20230615:2111,0.0,0.0,0.0,0.0,17.05,3.17,0.0
20230615:2211,0.0,0.0,0.0,0.0,16.38,2.9,0.0
20230615:2311,0.0,0.0,0.0,0.0,15.62,3.03,0.0
20230616:0011,0.0,0.0,0.0,0.0,15.06,3.03,0.0
20230616:0111,0.0,0.0,0.0,0.0,14.54,2.76,0.0
20230616:0211,0.0,0.0,0.0,0.0,13.96,2.55,0.0
20230616:0311,0.0,17.0,0.0,3.23,13.32,2.41,0.0
20230616:0411,39.0,61.0,0.0,9.49,13.36,2.34,0.0
20230616:0511,141.0,85.0,0.0,16.57,14.79,2.41,0.0
20230616:0611,242.0,110.0,0.0,24.16,16.64,2.55,0.0
20230616:0711,385.0,111.0,0.0,31.9,18.15,2.21,0.0
20230616:0811,496.0,120.0,0.0,39.41,19.09,2.69,0.0
20230616:0911,589.01,127.0,0.0,46.14,19.83,3.31,0.0
20230616:1011,656.01,130.0,0.0,51.37,20.3,3.66,0.0
20230616:1111,680.01,137.0,0.0,54.21,20.63,3.93,0.0
20230616:1211,669.01,141.0,0.0,54.0,20.72,4.21,0.0
20230616:1311,640.01,134.0,0.0,50.8,20.36,4.41,0.0
20230616:1411,562.01,134.0,0.0,45.32,19.72,4.28,0.0
20230616:1511,162.0,282.0,0.0,38.45,19.5,3.52,0.0
20230616:1611,0.0,78.0,0.0,30.89,19.4,3.52,0.0
20230616:1711,0.0,63.0,0.0,23.14,18.86,3.17,0.0
20230616:1811,0.0,62.0,0.0,15.6,17.97,3.24,0.0
20230616:1911,4.0,48.0,0.0,8.61,16.7,2.9,0.0
20230616:2011,0.0,3.0,0.0,2.49,16.03,2.69,0.0
20230616:2111,0.0,0.0,0.0,0.0,15.15,2.76,0.0
20230616:2211,0.0,0.0,0.0,0.0,14.52,2.69,0.0
20230616:2311,0.0,0.0,0.0,0.0,14.17,2.34,0.0
20230617:0011,0.0,0.0,0.0,0.0,13.79,2.0,0.0
20230617:0111,0.0,0.0,0.0,0.0,13.25,2.14,0.0
20230617:0211,0.0,0.0,0.0,0.0,12.83,2.21,0.0
20230617:0311,0.0,17.0,0.0,3.24,12.44,2.07,0.0
20230617:0411,9.0,60.0,0.0,9.49,12.77,1.86,0.0
20230617:0511,62.0,118.0,0.0,16.57,14.45,1.59,0.0
20230617:0611,187.0,141.0,0.0,24.16,16.34,1.45,0.0
20230617:0711,362.0,123.0,0.0,31.9,17.63,1.17,0.0
20230617:0811,475.0,132.0,0.0,39.41,18.78,1.72,0.0
20230617:0911,574.01,135.0,0.0,46.15,19.23,2.55,0.0
20230617:1011,639.01,139.0,0.0,51.38,19.01,3.1,0.0
20230617:1111,648.01,156.0,0.0,54.24,18.98,3.45,0.0
20230617:1211,670.01,141.0,0.0,54.04,18.71,3.45,0.0
20230617:1311,632.01,139.0,0.0,50.84,18.03,2.69,0.0
20230617:1411,554.01,139.0,0.0,45.37,18.06,1.38,0.0
20230617:1511,453.0,135.0,0.0,38.5,18.5,1.24,0.0
20230617:1611,274.0,164.0,0.0,30.94,18.66,2.48,0.0
20230617:1711,173.0,137.0,0.0,23.19,18.09,2.69,0.0
20230617:1811,18.0,109.0,0.0,15.65,17.36,2.55,0.0
20230617:1911,0.0,36.0,0.0,8.66,15.72,2.34,0.0
20230617:2011,0.0,2.0,0.0,2.53,15.13,2.07,0.0
20230617:2111,0.0,0.0,0.0,0.0,14.58,2.0,0.0
20230617:2211,0.0,0.0,0.0,0.0,14.21,1.93,0.0
20230617:2311,0.0,0.0,0.0,0.0,13.75,2.07,0.0
20230618:0011,0.0,0.0,0.0,0.0,13.24,2.14,0.0
20230618:0111,0.0,0.0,0.0,0.0,12.81,2.0,0.0
20230618:0211,0.0,0.0,0.0,0.0,12.35,1.86,0.0
20230618:0311,0.0,17.0,0.0,3.24,11.89,1.86,0.0
20230618:0411,16.0,63.0,0.0,9.49,12.28,1.79,0.0
20230618:0511,62.0,119.0,0.0,16.57,14.11,1.66,0.0
20230618:0611,167.0,151.0,0.0,24.15,16.26,1.45,0.0
20230618:0711,357.0,127.0,0.0,31.9,17.74,1.38,0.0
20230618:0811,477.0,132.0,0.0,39.41,18.63,1.86,0.0
20230618:0911,577.01,134.0,0.0,46.15,19.33,2.28,0.0
20230618:1011,631.01,146.0,0.0,51.39,19.89,2.34,0.0
20230618:1111,664.01,148.0,0.0,54.26,19.87,2.07,0.0
20230618:1211,662.01,148.0,0.0,54.07,17.53,0.62,0.0
20230618:1311,552.01,191.0,0.0,50.88,18.45,0.9,0.0
20230618:1411,506.01,171.0,0.0,45.41,20.05,0.48,0.0
20230618:1511,313.0,218.0,0.0,38.55,19.49,1.1,0.0
20230618:1611,324.0,136.0,0.0,30.99,18.73,1.79,0.0
20230618:1711,193.0,128.0,0.0,23.24,19.13,2.07,0.0
20230618:1811,66.0,109.0,0.0,15.7,19.67,1.93,0.0
20230618:1911,22.0,57.0,0.0,8.71,18.95,0.62,0.0
20230618:2011,0.0,2.0,0.0,2.58,18.37,0.97,0.0
20230618:2111,0.0,0.0,0.0,0.0,17.68,0.34,0.0
20230618:2211,0.0,0.0,0.0,0.0,16.76,0.48,0.0
20230618:2311,0.0,0.0,0.0,0.0,15.25,0.83,0.0
20230619:0011,0.0,0.0,0.0,0.0,14.53,0.9,0.0
20230619:0111,0.0,0.0,0.0,0.0,13.63,1.03,0.0
20230619:0211,0.0,0.0,0.0,0.0,12.53,1.31,0.0
20230619:0311,0.0,17.0,0.0,3.24,11.96,1.38,0.0
20230619:0411,20.0,64.0,0.0,9.49,12.26,1.24,0.0
20230619:0511,115.0,97.0,0.0,16.56,14.7,0.97,0.0
20230619:0611,230.0,116.0,0.0,24.14,16.89,0.48,0.0
20230619:0711,372.0,116.0,0.0,31.89,17.58,0.62,0.0
20230619:0811,171.0,286.0,0.0,39.4,18.44,0.69,0.0
20230619:0911,82.0,346.0,0.0,46.14,18.91,0.07,0.0
20230619:1011,8.0,303.0,0.0,51.4,19.18,0.41,0.0
20230619:1111,67.0,388.0,0.0,54.28,19.37,0.9,0.0
20230619:1211,104.0,395.0,0.0,54.1,19.31,0.97,0.0
20230619:1311,121.0,377.0,0.0,50.92,19.12,1.03,0.0
20230619:1411,78.0,341.0,0.0,45.45,19.27,1.38,0.0
20230619:1511,3.0,219.0,0.0,38.59,18.96,1.38,0.0
20230619:1611,0.0,53.0,0.0,31.03,18.48,1.38,0.0
20230619:1711,0.0,68.0,0.0,23.28,17.76,0.83,0.0
20230619:1811,0.0,33.0,0.0,15.74,16.99,0.41,0.0
20230619:1911,0.0,9.0,0.0,8.75,16.91,1.03,0.0
20230619:2011,0.0,2.0,0.0,2.61,16.16,0.14,0.0
20230619:2111,0.0,0.0,0.0,0.0,15.7,1.79,0.0
20230619:2211,0.0,0.0,0.0,0.0,15.04,1.93,0.0
20230619:2311,0.0,0.0,0.0,0.0,14.83,2.07,0.0
20230620:0011,0.0,0.0,0.0,0.0,15.12,2.48,0.0
20230620:0111,0.0,0.0,0.0,0.0,15.12,2.28,0.0
20230620:0211,0.0,0.0,0.0,0.0,14.24,2.07,0.0
20230620:0311,0.0,17.0,0.0,3.23,14.03,1.52,0.0
20230620:0411,0.0,19.0,0.0,9.47,14.03,1.03,0.0
20230620:0511,0.0,72.0,0.0,16.54,14.83,1.17,0.0
20230620:0611,0.0,106.0,0.0,24.12,14.81,1.31,0.0
20230620:0711,5.0,193.0,0.0,31.87,15.75,1.31,0.0
20230620:0811,4.0,226.0,0.0,39.38,16.66,1.24,0.0
20230620:0911,1.0,224.0,0.0,46.13,17.58,2.28,0.0
20230620:1011,113.0,379.0,0.0,51.39,18.03,2.41,0.0
20230620:1111,123.0,396.0,0.0,54.28,18.49,2.34,0.0
20230620:1211,275.0,356.0,0.0,54.12,18.25,2.34,0.0
20230620:1311,477.01,231.0,0.0,50.94,18.3,3.17,0.0
20230620:1411,476.0,185.0,0.0,45.49,17.42,3.45,0.0
20230620:1511,432.0,147.0,0.0,38.63,17.75,2.28,0.0
20230620:1611,124.0,229.0,0.0,31.07,18.2,1.45,0.0
20230620:1711,27.0,169.0,0.0,23.32,18.59,0.97,0.0
20230620:1811,43.0,113.0,0.0,15.78,18.31,1.17,0.0
20230620:1911,28.0,57.0,0.0,8.78,16.72,0.76,0.0
20230620:2011,0.0,2.0,0.0,2.64,16.65,0.9,0.0
20230620:2111,0.0,0.0,0.0,0.0,16.45,1.1,0.0
20230620:2211,0.0,0.0,0.0,0.0,16.07,1.24,0.0
20230620:2311,0.0,0.0,0.0,0.0,16.09,1.72,0.0
20230621:0011,0.0,0.0,0.0,0.0,16.17,2.76,0.0
20230621:0111,0.0,0.0,0.0,0.0,16.18,3.1,0.0
20230621:0211,0.0,0.0,0.0,0.0,16.15,3.31,0.0
20230621:0311,0.0,17.0,0.0,3.22,16.12,3.86,0.0
20230621:0411,0.0,10.0,0.0,9.45,16.35,4.34,0.0
20230621:0511,0.0,20.0,0.0,16.52,16.8,4.97,0.0
20230621:0611,0.0,50.0,0.0,24.1,17.2,5.38,0.0
20230621:0711,2.0,174.0,0.0,31.85,15.87,5.1,0.0
20230621:0811,128.0,295.0,0.0,39.36,16.31,5.03,0.0
20230621:0911,18.0,302.0,0.0,46.11,17.08,5.1,0.0
20230621:1011,9.0,305.0,0.0,51.38,18.3,5.72,0.0
20230621:1111,67.0,386.0,0.0,54.28,18.55,5.93,0.0
20230621:1211,1.0,261.0,0.0,54.13,18.11,5.93,0.0
20230621:1311,0.0,162.0,0.0,50.96,17.24,6.48,0.0
20230621:1411,0.0,103.0,0.0,45.51,15.79,5.86,0.0
20230621:1511,0.0,119.0,0.0,38.66,15.21,5.79,0.0
20230621:1611,0.0,153.0,0.0,31.1,15.11,5.45,0.0
20230621:1711,0.0,89.0,0.0,23.35,14.74,4.76,0.0
20230621:1811,0.0,43.0,0.0,15.81,14.39,4.14,0.0
20230621:1911,0.0,11.0,0.0,8.81,14.34,4.0,0.0
20230621:2011,0.0,2.0,0.0,2.67,13.96,3.1,0.0
20230621:2111,0.0,0.0,0.0,0.0,13.73,2.48,0.0
20230621:2211,0.0,0.0,0.0,0.0,13.52,1.93,0.0
20230621:2311,0.0,0.0,0.0,0.0,13.48,1.52,0.0
20230622:0011,0.0,0.0,0.0,0.0,13.55,1.38,0.0
20230622:0111,0.0,0.0,0.0,0.0,13.59,1.38,0.0
20230622:0211,0.0,0.0,0.0,0.0,13.48,1.66,0.0
20230622:0311,0.0,17.0,0.0,3.19,13.48,2.0,0.0
20230622:0411,0.0,32.0,0.0,9.43,13.44,2.28,0.0
20230622:0511,0.0,58.0,0.0,16.49,13.51,2.34,0.0
20230622:0611,44.0,183.0,0.0,24.07,13.56,2.69,0.0
20230622:0711,236.0,195.0,0.0,31.82,13.56,2.83,0.0
20230622:0811,279.0,245.0,0.0,39.33,13.79,2.83,0.0
20230622:0911,304.0,290.0,0.0,46.09,14.27,2.76,0.0
20230622:1011,160.0,379.0,0.0,51.37,14.69,2.83,0.0
20230622:1111,81.0,396.0,0.0,54.27,15.28,3.17,0.0
20230622:1211,130.0,399.0,0.0,54.13,15.58,3.17,0.0
20230622:1311,536.01,203.0,0.0,50.98,15.87,3.24,0.0
20230622:1411,395.0,239.0,0.0,45.53,15.75,3.31,0.0
20230622:1511,357.0,197.0,0.0,38.68,15.55,3.38,0.0
20230622:1611,68.0,241.0,0.0,31.13,15.25,3.45,0.0
20230622:1711,85.0,175.0,0.0,23.38,14.93,3.72,0.0
20230622:1811,43.0,115.0,0.0,15.83,14.5,3.93,0.0
20230622:1911,36.0,56.0,0.0,8.83,14.17,3.66,0.0
20230622:2011,0.0,3.0,0.0,2.69,13.49,3.45,0.0
20230622:2111,0.0,0.0,0.0,0.0,12.79,3.45,0.0
20230622:2211,0.0,0.0,0.0,0.0,12.4,3.45,0.0
20230622:2311,0.0,0.0,0.0,0.0,12.07,3.59,0.0
20230623:0011,0.0,0.0,0.0,0.0,12.0,3.72,0.0
20230623:0111,0.0,0.0,0.0,0.0,12.06,3.66,0.0
20230623:0211,0.0,0.0,0.0,0.0,12.04,3.72,0.0
20230623:0311,0.0,16.0,0.0,3.17,11.8,3.79,0.0
20230623:0411,0.0,17.0,0.0,9.4,11.83,3.86,0.0
20230623:0511,138.0,87.0,0.0,16.46,12.15,4.28,0.0
20230623:0611,153.0,159.0,0.0,24.04,12.53,4.62,0.0
20230623:0711,275.0,177.0,0.0,31.78,13.27,4.34,0.0
20230623:0811,398.0,183.0,0.0,39.3,14.02,4.62,0.0
20230623:0911,255.0,314.0,0.0,46.06,14.96,5.03,0.0
20230623:1011,478.01,244.0,0.0,51.34,15.77,5.59,0.0
20230623:1111,624.01,179.0,0.0,54.26,16.46,5.86,0.0
20230623:1211,660.01,155.0,0.0,54.13,16.5,6.07,0.0
20230623:1311,578.01,181.0,0.0,50.98,16.49,6.21,0.0
20230623:1411,506.01,177.0,0.0,45.55,16.28,6.28,0.0
20230623:1511,155.0,290.0,0.0,38.7,15.89,6.28,0.0
20230623:1611,158.0,224.0,0.0,31.14,15.45,5.93,0.0
20230623:1711,31.0,174.0,0.0,23.4,15.08,5.52,0.0
20230623:1811,37.0,116.0,0.0,15.85,14.59,5.03,0.0
20230623:1911,22.0,59.0,0.0,8.85,13.9,4.41,0.0
20230623:2011,8.0,11.33,0.0,2.7,13.36,4.0,0.0
20230623:2111,0.0,0.0,0.0,0.0,12.88,3.52,0.0
20230623:2211,0.0,0.0,0.0,0.0,12.49,3.1,0.0
20230623:2311,0.0,0.0,0.0,0.0,12.1,2.9,0.0
20230624:0011,0.0,0.0,0.0,0.0,11.84,2.62,0.0
20230624:0111,0.0,0.0,0.0,0.0,11.61,2.0,0.0
20230624:0211,0.0,0.0,0.0,0.0,11.38,1.59,0.0
20230624:0311,0.0,16.0,0.0,3.13,11.02,1.66,0.0
20230624:0411,18.0,63.0,0.0,9.36,11.18,1.1,0.0
20230624:0511,135.0,86.0,0.0,16.42,12.34,1.45,0.0
20230624:0611,208.0,128.0,0.0,24.0,13.76,0.48,0.0
20230624:0711,79.0,244.0,0.0,31.74,15.46,0.28,0.0
20230624:0811,134.0,296.0,0.0,39.26,16.1,0.97,0.0
20230624:0911,164.0,340.0,0.0,46.03,16.99,1.72,0.0
20230624:1011,70.0,374.0,0.0,51.31,17.46,2.62,0.0
20230624:1111,279.0,358.0,0.0,54.24,17.44,3.03,0.0
20230624:1211,133.0,396.0,0.0,54.12,17.8,2.48,0.0
20230624:1311,85.0,376.0,0.0,50.98,18.38,2.0,0.0
20230624:1411,57.0,336.0,0.0,45.56,18.68,2.07,0.0
20230624:1511,110.0,295.0,0.0,38.71,18.6,2.28,0.0
20230624:1611,77.0,239.0,0.0,31.16,18.38,2.34,0.0
20230624:1711,179.0,136.0,0.0,23.41,18.26,2.41,0.0
20230624:1811,56.0,113.0,0.0,15.87,17.73,2.55,0.0
20230624:1911,47.0,52.0,0.0,8.86,16.75,1.86,0.0
20230624:2011,7.0,12.43,0.0,2.7,16.22,1.24,0.0
20230624:2111,0.0,0.0,0.0,0.0,15.74,0.9,0.0
20230624:2211,0.0,0.0,0.0,0.0,15.12,0.9,0.0
20230624:2311,0.0,0.0,0.0,0.0,14.91,1.31,0.0
20230625:0011,0.0,0.0,0.0,0.0,14.56,1.45,0.0
20230625:0111,0.0,0.0,0.0,0.0,14.21,1.38,0.0
20230625:0211,0.0,0.0,0.0,0.0,13.89,1.31,0.0
20230625:0311,0.0,17.0,0.0,3.09,13.76,1.31,0.0
20230625:0411,0.0,10.0,0.0,9.32,13.93,1.17,0.0
20230625:0511,0.0,38.0,0.0,16.38,15.34,1.1,0.0
20230625:0611,0.0,107.0,0.0,23.95,16.72,1.31,0.0
20230625:0711,11.0,206.0,0.0,31.7,17.72,1.1,0.0
20230625:0811,38.0,284.0,0.0,39.22,18.61,1.59,0.0
20230625:0911,190.0,328.0,0.0,45.98,19.35,2.21,0.0
20230625:1011,174.0,369.0,0.0,51.28,19.73,2.62,0.0
20230625:1111,370.0,312.0,0.0,54.21,20.34,2.76,0.0
20230625:1211,677.01,133.0,0.0,54.1,20.41,3.38,0.0
20230625:1311,649.01,126.0,0.0,50.98,20.1,3.79,0.0
20230625:1411,571.01,127.0,0.0,45.56,20.22,4.14,0.0
20230625:1511,476.0,121.0,0.0,38.72,19.83,4.48,0.0
20230625:1611,356.0,115.0,0.0,31.17,19.23,4.62,0.0
20230625:1711,161.0,143.0,0.0,23.42,18.67,4.48,0.0
20230625:1811,91.0,100.0,0.0,15.87,18.3,4.14,0.0
20230625:1911,10.0,55.0,0.0,8.86,17.7,4.41,0.0
20230625:2011,0.0,2.0,0.0,2.7,17.52,3.93,0.0
20230625:2111,0.0,0.0,0.0,0.0,17.07,3.72,0.0
20230625:2211,0.0,0.0,0.0,0.0,16.68,3.79,0.0
20230625:2311,0.0,0.0,0.0,0.0,16.44,4.0,0.0
20230626:0011,0.0,0.0,0.0,0.0,16.31,4.41,0.0
20230626:0111,0.0,0.0,0.0,0.0,16.2,4.97,0.0
20230626:0211,0.0,0.0,0.0,0.0,16.23,5.24,0.0
20230626:0311,0.0,16.0,0.0,3.05,16.37,5.59,0.0
20230626:0411,7.0,56.0,0.0,9.27,16.86,5.93,0.0
20230626:0511,44.0,119.0,0.0,16.33,17.68,6.14,0.0
20230626:0611,0.0,43.0,0.0,23.9,18.71,6.55,0.0
20230626:0711,0.0,48.0,0.0,31.65,19.66,6.48,0.0
20230626:0811,0.0,73.0,0.0,39.17,19.65,6.48,0.0
20230626:0911,0.0,95.0,0.0,45.94,18.61,6.07,0.0
20230626:1011,0.0,132.0,0.0,51.23,17.62,5.93,0.0
20230626:1111,0.0,188.0,0.0,54.18,16.74,6.07,0.0
20230626:1211,0.0,135.0,0.0,54.08,16.25,5.86,0.0
20230626:1311,0.0,167.0,0.0,50.97,16.1,5.1,0.0
20230626:1411,0.0,196.0,0.0,45.55,15.78,4.48,0.0
20230626:1511,0.0,154.0,0.0,38.72,15.26,4.41,0.0
20230626:1611,0.0,90.0,0.0,31.17,14.49,5.45,0.0
20230626:1711,0.0,44.0,0.0,23.42,13.99,6.55,0.0
20230626:1811,0.0,69.0,0.0,15.87,13.43,6.62,0.0
20230626:1911,8.0,55.0,0.0,8.86,13.6,5.72,0.0
20230626:2011,0.0,2.0,0.0,2.7,13.12,6.76,0.0
20230626:2111,0.0,0.0,0.0,0.0,12.77,7.17,0.0
20230626:2211,0.0,0.0,0.0,0.0,12.71,7.17,0.0
20230626:2311,0.0,0.0,0.0,0.0,12.39,7.45,0.0
20230627:0011,0.0,0.0,0.0,0.0,12.23,7.59,0.0
20230627:0111,0.0,0.0,0.0,0.0,12.27,7.24,0.0
20230627:0211,0.0,0.0,0.0,0.0,12.2,7.52,0.0
20230627:0311,0.0,15.0,0.0,2.99,12.08,7.24,0.0
20230627:0411,0.0,19.0,0.0,9.21,11.99,7.03,0.0
20230627:0511,0.0,22.0,0.0,16.27,12.13,6.69,0.0
20230627:0611,0.0,77.0,0.0,23.84,12.23,6.62,0.0
20230627:0711,23.0,226.0,0.0,31.59,12.3,6.48,0.0
20230627:0811,42.0,290.0,0.0,39.11,12.41,6.83,0.0
20230627:0911,71.0,344.0,0.0,45.88,13.07,6.9,0.0
20230627:1011,200.0,367.0,0.0,51.19,13.76,6.97,0.0
20230627:1111,90.0,397.0,0.0,54.14,14.15,6.83,0.0
20230627:1211,187.0,389.0,0.0,54.05,14.47,6.69,0.0
20230627:1311,183.0,370.0,0.0,50.95,14.8,6.55,0.0
20230627:1411,149.0,341.0,0.0,45.54,15.05,6.48,0.0
20230627:1511,197.0,274.0,0.0,38.71,15.04,6.48,0.0
20230627:1611,152.0,224.0,0.0,31.17,14.84,6.28,0.0
20230627:1711,126.0,162.0,0.0,23.42,14.51,6.07,0.0
20230627:1811,94.0,101.0,0.0,15.87,14.02,5.72,0.0
20230627:1911,1.0,45.0,0.0,8.85,13.87,4.9,0.0
20230627:2011,0.0,2.0,0.0,2.68,13.35,4.55,0.0
20230627:2111,0.0,0.0,0.0,0.0,12.83,3.93,0.0
20230627:2211,0.0,0.0,0.0,0.0,12.54,3.45,0.0
20230627:2311,0.0,0.0,0.0,0.0,12.22,2.97,0.0
20230628:0011,0.0,0.0,0.0,0.0,12.01,2.55,0.0
20230628:0111,0.0,0.0,0.0,0.0,11.79,2.0,0.0
20230628:0211,0.0,0.0,0.0,0.0,11.45,1.45,0.0
20230628:0311,0.0,16.0,0.0,2.94,10.82,1.17,0.0
20230628:0411,48.0,55.0,0.0,9.15,11.1,0.83,0.0
20230628:0511,47.0,117.0,0.0,16.21,12.64,0.62,0.0
20230628:0611,220.0,118.0,0.0,23.78,13.61,0.41,0.0
20230628:0711,372.0,113.0,0.0,31.53,14.93,0.48,0.0
20230628:0811,7.0,238.0,0.0,39.05,16.03,0.55,0.0
20230628:0911,158.0,338.0,0.0,45.82,17.15,1.45,0.0
20230628:1011,20.0,332.0,0.0,51.13,17.83,2.55,0.0
20230628:1111,0.0,150.0,0.0,54.09,17.51,3.45,0.0
20230628:1211,0.0,150.0,0.0,54.01,17.06,3.72,0.0
20230628:1311,0.0,183.0,0.0,50.92,16.46,3.52,0.0
20230628:1411,0.0,192.0,0.0,45.53,16.4,3.66,0.0
20230628:1511,0.0,174.0,0.0,38.7,16.95,3.79,0.0
20230628:1611,0.0,123.0,0.0,31.16,16.89,3.66,0.0
20230628:1711,3.0,134.0,0.0,23.41,16.83,3.79,0.0
20230628:1811,0.0,67.0,0.0,15.86,16.63,3.72,0.0
20230628:1911,0.0,20.0,0.0,8.83,16.11,3.38,0.0
20230628:2011,0.0,2.0,0.0,2.66,15.74,3.24,0.0
20230628:2111,0.0,0.0,0.0,0.0,15.42,3.1,0.0
20230628:2211,0.0,0.0,0.0,0.0,15.21,2.55,0.0
20230628:2311,0.0,0.0,0.0,0.0,14.98,2.07,0.0
20230629:0011,0.0,0.0,0.0,0.0,14.81,1.72,0.0
20230629:0111,0.0,0.0,0.0,0.0,14.54,1.86,0.0
20230629:0211,0.0,0.0,0.0,0.0,14.43,2.21,0.0
20230629:0311,0.0,15.0,0.0,2.87,14.38,2.55,0.0
20230629:0411,0.0,10.0,0.0,9.09,14.15,2.97,0.0
20230629:0511,0.0,20.0,0.0,16.14,14.08,3.38,0.0
20230629:0611,0.0,54.0,0.0,23.71,13.94,3.93,0.0
20230629:0711,0.0,108.0,0.0,31.46,14.44,4.14,0.0
20230629:0811,0.0,142.0,0.0,38.98,14.67,4.0,0.0
20230629:0911,6.0,265.0,0.0,45.76,14.62,4.07,0.0
20230629:1011,0.0,142.0,0.0,51.07,14.84,4.21,0.0
20230629:1111,0.0,165.0,0.0,54.04,15.04,4.28,0.0
20230629:1211,0.0,123.0,0.0,53.97,15.5,4.41,0.0
20230629:1311,0.0,161.0,0.0,50.89,15.67,4.69,0.0
20230629:1411,0.0,99.0,0.0,45.5,15.23,5.24,0.0
20230629:1511,0.0,89.0,0.0,38.68,14.24,5.59,0.0
20230629:1611,0.0,66.0,0.0,31.14,13.11,5.72,0.0
20230629:1711,0.0,31.0,0.0,23.39,12.35,6.28,0.0
20230629:1811,0.0,28.0,0.0,15.84,11.85,6.34,0.0
20230629:1911,0.0,16.0,0.0,8.81,12.21,5.52,0.0
20230629:2011,0.0,5.0,0.0,2.64,12.08,5.38,0.0
20230629:2111,0.0,0.0,0.0,0.0,11.95,5.45,0.0
20230629:2211,0.0,0.0,0.0,0.0,11.89,5.45,0.0
20230629:2311,0.0,0.0,0.0,0.0,11.84,5.52,0.0
20230630:0011,0.0,0.0,0.0,0.0,11.74,5.38,0.0
20230630:0111,0.0,0.0,0.0,0.0,11.58,5.1,0.0
20230630:0211,0.0,0.0,0.0,0.0,11.39,4.9,0.0
20230630:0311,0.0,14.0,0.0,2.8,11.23,4.41,0.0
20230630:0411,64.0,48.0,0.0,9.02,11.37,3.86,0.0
20230630:0511,121.0,91.0,0.0,16.07,11.57,3.38,0.0
20230630:0611,112.0,170.0,0.0,23.64,11.91,2.83,0.0
20230630:0711,223.0,198.0,0.0,31.39,12.25,1.72,0.0
20230630:0811,340.0,210.0,0.0,38.91,13.11,1.52,0.0
20230630:0911,15.0,296.0,0.0,45.69,13.84,1.66,0.0
20230630:1011,1.0,256.0,0.0,51.0,14.22,2.0,0.0
20230630:1111,0.0,0.0,0.0,0.0,14.5,2.55,0.0
20230630:1211,80.0,394.0,0.0,53.92,14.99,3.38,0.0
20230630:1311,153.0,377.0,0.0,50.85,15.13,4.07,0.0
20230630:1411,53.0,335.0,0.0,45.47,15.04,4.48,0.0
20230630:1511,37.0,283.0,0.0,38.66,14.84,4.28,0.0
20230630:1611,1.0,166.0,0.0,31.12,14.69,3.72,0.0
20230630:1711,20.0,168.0,0.0,23.37,14.52,3.31,0.0
20230630:1811,0.0,44.0,0.0,15.81,14.26,3.31,0.0
20230630:1911,0.0,9.0,0.0,8.78,13.45,3.24,0.0
20230630:2011,0.0,2.0,0.0,2.6,13.35,2.76,0.0
20230630:2111,0.0,0.0,0.0,0.0,13.12,2.76,0.0
20230630:2211,0.0,0.0,0.0,0.0,12.74,2.83,0.0
20230630:2311,0.0,0.0,0.0,0.0,12.48,2.9,0.0
20230701:0011,0.0,0.0,0.0,0.0,12.14,3.1,0.0
20230701:0111,0.0,0.0,0.0,0.0,11.95,3.24,0.0
20230701:0211,0.0,0.0,0.0,0.0,11.63,3.31,0.0
20230701:0311,0.0,15.0,0.0,2.73,11.49,3.38,0.0
20230701:0411,0.0,10.0,0.0,8.94,11.47,3.38,0.0
20230701:0511,0.0,34.0,0.0,15.99,11.95,3.31,0.0
20230701:0611,5.0,143.0,0.0,23.57,12.98,3.38,0.0
20230701:0711,130.0,232.0,0.0,31.31,14.01,3.1,0.0
20230701:0811,50.0,290.0,0.0,38.84,15.16,3.24,0.0
20230701:0911,4.0,258.0,0.0,45.61,16.3,3.31,0.0
20230701:1011,0.0,155.0,0.0,50.93,16.96,3.1,0.0
20230701:1111,0.0,237.0,0.0,53.91,16.35,2.97,0.0
20230701:1211,0.0,153.0,0.0,53.86,15.32,2.48,0.0
20230701:1311,0.0,192.0,0.0,50.8,15.08,2.21,0.0
20230701:1411,0.0,111.0,0.0,45.44,15.46,2.83,0.0
20230701:1511,0.0,158.0,0.0,38.63,15.5,3.1,0.0
20230701:1611,0.0,155.0,0.0,31.09,15.25,3.38,0.0
20230701:1711,0.0,75.0,0.0,23.35,14.43,3.17,0.0
20230701:1811,0.0,39.0,0.0,15.78,13.48,3.59,0.0
20230701:1911,0.0,9.0,0.0,8.75,13.4,4.07,0.0
20230701:2011,7.0,11.46,0.0,2.56,13.26,3.66,0.0
20230701:2111,0.0,0.0,0.0,0.0,12.57,2.76,0.0
20230701:2211,0.0,0.0,0.0,0.0,12.48,3.72,0.0
20230701:2311,0.0,0.0,0.0,0.0,12.15,6.0,0.0
20230702:0011,0.0,0.0,0.0,0.0,12.04,6.21,0.0
20230702:0111,0.0,0.0,0.0,0.0,11.33,4.21,0.0
20230702:0211,0.0,0.0,0.0,0.0,11.63,3.45,0.0
20230702:0311,0.0,13.0,0.0,2.64,11.62,3.24,0.0
20230702:0411,63.0,47.0,0.0,8.86,11.5,3.17,0.0
20230702:0511,66.0,113.0,0.0,15.91,11.68,3.1,0.0
20230702:0611,27.0,174.0,0.0,23.48,11.96,2.83,0.0
20230702:0711,44.0,239.0,0.0,31.23,12.58,3.45,0.0
20230702:0811,282.0,240.0,0.0,38.75,13.14,3.59,0.0
20230702:0911,329.0,277.0,0.0,45.53,13.69,3.59,0.0
20230702:1011,307.0,329.0,0.0,50.85,14.23,3.31,0.0
20230702:1111,80.0,396.0,0.0,53.83,14.54,2.55,0.0
20230702:1211,23.0,354.0,0.0,53.8,14.73,1.79,0.0
20230702:1311,0.0,157.0,0.0,50.75,14.99,1.93,0.0
20230702:1411,8.0,275.0,0.0,45.39,15.15,3.17,0.0
20230702:1511,149.0,291.0,0.0,38.59,15.01,4.14,0.0
20230702:1611,286.0,163.0,0.0,31.06,14.61,4.41,0.0
20230702:1711,113.0,167.0,0.0,23.31,14.22,4.55,0.0
20230702:1811,111.0,94.0,0.0,15.75,13.42,4.55,0.0
20230702:1911,0.0,15.0,0.0,8.71,13.24,4.14,0.0
20230702:2011,0.0,2.0,0.0,2.52,12.39,4.48,0.0
20230702:2111,0.0,0.0,0.0,0.0,12.27,4.9,0.0
20230702:2211,0.0,0.0,0.0,0.0,11.97,5.86,0.0
20230702:2311,0.0,0.0,0.0,0.0,11.21,7.03,0.0
20230703:0011,0.0,0.0,0.0,0.0,11.54,7.86,0.0
20230703:0111,0.0,0.0,0.0,0.0,10.93,8.48,0.0
20230703:0211,0.0,0.0,0.0,0.0,10.73,8.34,0.0
20230703:0311,0.0,13.0,0.0,2.56,10.74,8.0,0.0
20230703:0411,0.0,16.0,0.0,8.77,10.8,7.79,0.0
20230703:0511,0.0,34.0,0.0,15.82,10.8,7.52,0.0
20230703:0611,0.0,31.0,0.0,23.4,10.75,7.03,0.0
20230703:0711,0.0,59.0,0.0,31.14,10.77,8.07,0.0
20230703:0811,0.0,100.0,0.0,38.67,10.84,7.79,0.0
20230703:0911,0.0,76.0,0.0,45.44,10.96,7.59,0.0
20230703:1011,0.0,101.0,0.0,50.76,10.93,7.45,0.0
20230703:1111,0.0,150.0,0.0,53.75,10.9,7.1,0.0
20230703:1211,0.0,150.0,0.0,53.73,10.92,6.97,0.0
20230703:1311,0.0,171.0,0.0,50.69,10.87,7.17,0.0
20230703:1411,0.0,117.0,0.0,45.34,10.96,7.1,0.0
20230703:1511,0.0,105.0,0.0,38.55,10.87,7.24,0.0
20230703:1611,0.0,96.0,0.0,31.02,10.69,7.17,0.0
20230703:1711,0.0,58.0,0.0,23.27,10.86,6.62,0.0
20230703:1811,0.0,33.0,0.0,15.71,10.94,6.48,0.0
20230703:1911,0.0,9.0,0.0,8.66,11.04,7.17,0.0
20230703:2011,0.0,2.0,0.0,2.47,11.02,7.1,0.0
20230703:2111,0.0,0.0,0.0,0.0,10.98,6.76,0.0
20230703:2211,0.0,0.0,0.0,0.0,10.89,6.41,0.0
20230703:2311,0.0,0.0,0.0,0.0,10.91,6.07,0.0
20230704:0011,0.0,0.0,0.0,0.0,11.3,5.59,0.0
20230704:0111,0.0,0.0,0.0,0.0,10.93,4.9,0.0
20230704:0211,0.0,0.0,0.0,0.0,10.98,3.86,0.0
20230704:0311,0.0,13.0,0.0,2.46,11.02,3.1,0.0
20230704:0411,53.0,49.0,0.0,8.68,10.98,3.17,0.0
20230704:0511,0.0,36.0,0.0,15.73,11.04,3.45,0.0
20230704:0611,3.0,137.0,0.0,23.3,11.65,3.59,0.0
20230704:0711,2.0,170.0,0.0,31.05,12.29,4.07,0.0
20230704:0811,8.0,240.0,0.0,38.57,12.66,4.48,0.0
20230704:0911,219.0,322.0,0.0,45.35,13.3,4.97,0.0
20230704:1011,99.0,380.0,0.0,50.67,13.69,5.24,0.0
20230704:1111,120.0,398.0,0.0,53.67,13.65,5.31,0.0
20230704:1211,427.01,288.0,0.0,53.65,13.84,5.59,0.0
20230704:1311,372.0,294.0,0.0,50.63,13.79,5.72,0.0
20230704:1411,340.0,267.0,0.0,45.29,13.57,5.79,0.0
20230704:1511,104.0,297.0,0.0,38.5,13.36,5.72,0.0
20230704:1611,123.0,233.0,0.0,30.97,13.07,5.66,0.0
20230704:1711,91.0,173.0,0.0,23.23,12.78,5.31,0.0
20230704:1811,26.0,114.0,0.0,15.66,12.46,4.97,0.0
20230704:1911,32.0,56.0,0.0,8.61,12.15,4.14,0.0
20230704:2011,0.0,2.0,0.0,2.41,11.75,3.59,0.0
20230704:2111,0.0,0.0,0.0,0.0,11.22,3.17,0.0
20230704:2211,0.0,0.0,0.0,0.0,10.85,2.76,0.0
20230704:2311,0.0,0.0,0.0,0.0,10.63,2.41,0.0
20230705:0011,0.0,0.0,0.0,0.0,10.43,2.0,0.0
20230705:0111,0.0,0.0,0.0,0.0,10.35,1.79,0.0
20230705:0211,0.0,0.0,0.0,0.0,10.12,1.66,0.0
20230705:0311,0.0,12.0,0.0,2.37,9.23,1.24,0.0
20230705:0411,19.0,57.0,0.0,8.58,9.2,1.1,0.0
20230705:0511,156.0,71.0,0.0,15.64,10.25,0.83,0.0
20230705:0611,236.0,108.0,0.0,23.21,11.13,0.83,0.0
20230705:0711,0.0,0.0,0.0,0.0,12.09,1.66,0.0
20230705:0811,214.0,269.0,0.0,38.48,12.82,1.17,0.0
20230705:0911,365.0,257.0,0.0,45.25,13.51,1.93,0.0
20230705:1011,293.0,333.0,0.0,50.57,14.21,2.07,0.0
20230705:1111,628.01,173.0,0.0,53.57,14.88,2.55,0.0
20230705:1211,628.01,173.0,0.0,53.57,15.19,3.38,0.0
20230705:1311,144.0,380.0,0.0,50.55,15.3,4.41,0.0
20230705:1411,38.0,326.0,0.0,45.23,14.9,5.03,0.0
20230705:1511,48.0,291.0,0.0,38.45,14.41,4.9,0.0
20230705:1611,25.0,226.0,0.0,30.92,14.01,4.55,0.0
20230705:1711,0.0,72.0,0.0,23.18,13.52,4.07,0.0
20230705:1811,0.0,20.0,0.0,15.6,13.07,3.59,0.0
20230705:1911,0.0,18.0,0.0,8.55,12.79,3.31,0.0
20230705:2011,0.0,2.0,0.0,2.34,12.25,3.1,0.0
20230705:2111,0.0,0.0,0.0,0.0,11.24,3.03,0.0
20230705:2211,0.0,0.0,0.0,0.0,11.12,3.1,0.0
20230705:2311,0.0,0.0,0.0,0.0,11.05,3.31,0.0
20230706:0011,0.0,0.0,0.0,0.0,11.56,3.52,0.0
20230706:0111,0.0,0.0,0.0,0.0,11.05,3.66,0.0
20230706:0211,0.0,0.0,0.0,0.0,11.12,3.86,0.0
20230706:0311,0.0,11.0,0.0,2.26,11.22,3.72,0.0
20230706:0411,5.0,51.0,0.0,8.48,11.24,3.79,0.0
20230706:0511,0.0,72.0,0.0,15.53,11.79,4.14,0.0
20230706:0611,36.0,173.0,0.0,23.11,11.98,4.34,0.0
20230706:0711,89.0,238.0,0.0,30.85,12.75,3.86,0.0
20230706:0811,43.0,286.0,0.0,38.37,13.27,3.86,0.0
20230706:0911,84.0,343.0,0.0,45.15,13.76,4.0,0.0
20230706:1011,6.0,290.0,0.0,50.47,13.76,4.28,0.0
20230706:1111,1.0,266.0,0.0,53.47,14.1,4.55,0.0
20230706:1211,67.0,386.0,0.0,53.47,13.69,4.9,0.0
20230706:1311,133.0,377.0,0.0,50.48,14.34,4.76,0.0
20230706:1411,97.0,344.0,0.0,45.16,13.73,4.9,0.0
20230706:1511,163.0,283.0,0.0,38.38,13.98,4.62,0.0
20230706:1611,149.0,223.0,0.0,30.86,13.76,4.28,0.0
20230706:1711,110.0,165.0,0.0,23.12,13.33,3.93,0.0
20230706:1811,106.0,93.0,0.0,15.54,13.2,3.59,0.0
20230706:1911,54.0,47.0,0.0,8.49,12.8,2.28,0.0
20230706:2011,0.0,6.0,0.0,2.27,12.32,1.72,0.0
20230706:2111,0.0,0.0,0.0,0.0,11.82,1.31,0.0
20230706:2211,0.0,0.0,0.0,0.0,11.33,1.17,0.0
20230706:2311,0.0,0.0,0.0,0.0,10.7,0.97,0.0
20230707:0011,0.0,0.0,0.0,0.0,10.95,0.83,0.0
20230707:0111,0.0,0.0,0.0,0.0,9.43,1.31,0.0
20230707:0211,0.0,0.0,0.0,0.0,9.0,1.59,0.0
20230707:0311,0.0,10.0,0.0,2.15,9.07,2.21,0.0
20230707:0411,0.0,9.0,0.0,8.37,9.1,2.48,0.0
20230707:0511,0.0,42.0,0.0,15.43,9.75,2.28,0.0
20230707:0611,22.0,166.0,0.0,23.0,10.9,2.07,0.0
20230707:0711,64.0,236.0,0.0,30.75,13.2,2.07,0.0
20230707:0811,227.0,257.0,0.0,38.27,14.29,2.0,0.0
20230707:0911,18.0,297.0,0.0,45.04,15.13,2.07,0.0
20230707:1011,20.0,328.0,0.0,50.36,15.46,2.34,0.0
20230707:1111,50.0,376.0,0.0,53.37,15.68,2.34,0.0
20230707:1211,12.0,323.0,0.0,53.38,16.14,2.14,0.0
20230707:1311,80.0,372.0,0.0,50.39,16.08,2.07,0.0
20230707:1411,80.0,340.0,0.0,45.08,15.77,2.0,0.0
20230707:1511,29.0,274.0,0.0,38.32,15.57,2.07,0.0
20230707:1611,59.0,236.0,0.0,30.8,15.92,2.0,0.0
20230707:1711,19.0,164.0,0.0,23.05,16.07,1.86,0.0
20230707:1811,67.0,107.0,0.0,15.48,15.83,1.72,0.0
20230707:1911,57.0,46.0,0.0,8.42,15.4,1.93,0.0
20230707:2011,0.0,11.0,0.0,2.19,14.91,2.0,0.0
20230707:2111,0.0,0.0,0.0,0.0,14.3,2.14,0.0
20230707:2211,0.0,0.0,0.0,0.0,13.78,2.14,0.0
20230707:2311,0.0,0.0,0.0,0.0,13.29,2.0,0.0
20230708:0011,0.0,0.0,0.0,0.0,12.83,1.93,0.0
20230708:0111,0.0,0.0,0.0,0.0,12.4,1.93,0.0
20230708:0211,0.0,0.0,0.0,0.0,11.92,1.93,0.0
20230708:0311,0.0,10.0,0.0,2.04,11.62,2.0,0.0
20230708:0411,51.0,46.0,0.0,8.25,11.85,1.72,0.0
20230708:0511,147.0,70.0,0.0,15.31,13.07,1.31,0.0
20230708:0611,265.0,86.0,0.0,22.89,15.0,1.03,0.0
20230708:0711,377.0,102.0,0.0,30.63,16.02,0.62,0.0
20230708:0811,488.0,112.0,0.0,38.15,17.12,0.14,0.0
20230708:0911,594.01,113.0,0.0,44.93,17.98,0.9,0.0
20230708:1011,648.01,125.0,0.0,50.24,18.49,1.72,0.0
20230708:1111,676.01,131.0,0.0,53.25,18.57,2.21,0.0
20230708:1211,658.01,140.0,0.0,53.27,18.49,2.55,0.0
20230708:1311,658.01,119.0,0.0,50.3,18.48,2.83,0.0
20230708:1411,603.01,108.0,0.0,45.0,18.56,2.9,0.0
20230708:1511,502.0,106.0,0.0,38.24,18.42,2.83,0.0
20230708:1611,343.0,120.0,0.0,30.73,18.38,2.76,0.0
20230708:1711,141.0,149.0,0.0,22.98,17.96,2.62,0.0
20230708:1811,136.0,75.0,0.0,15.4,17.42,2.28,0.0
20230708:1911,52.0,46.0,0.0,8.34,17.15,2.62,0.0
20230708:2011,0.0,9.0,0.0,2.11,16.46,2.48,0.0
20230708:2111,0.0,0.0,0.0,0.0,15.8,2.55,0.0
20230708:2211,0.0,0.0,0.0,0.0,15.46,2.48,0.0
20230708:2311,0.0,0.0,0.0,0.0,15.09,2.48,0.0
20230709:0011,0.0,0.0,0.0,0.0,14.52,2.21,0.0
20230709:0111,0.0,0.0,0.0,0.0,13.97,2.0,0.0
20230709:0211,0.0,0.0,0.0,0.0,13.67,1.93,0.0
20230709:0311,0.0,9.0,0.0,1.92,13.63,1.93,0.0
20230709:0411,54.0,44.0,0.0,8.14,14.32,2.28,0.0
20230709:0511,148.0,69.0,0.0,15.2,15.53,2.34,0.0
20230709:0611,253.0,91.0,0.0,22.77,17.04,2.21,0.0
20230709:0711,374.0,104.0,0.0,30.52,18.46,2.21,0.0
20230709:0811,477.0,119.0,0.0,38.04,19.6,2.07,0.0
20230709:0911,573.01,125.0,0.0,44.81,20.73,1.79,0.0
20230709:1011,635.01,132.0,0.0,50.12,21.4,1.93,0.0
20230709:1111,689.01,125.0,0.0,53.13,21.58,2.34,0.0
20230709:1211,680.01,130.0,0.0,53.16,21.75,2.41,0.0
20230709:1311,618.01,142.0,0.0,50.2,21.97,2.41,0.0
20230709:1411,309.0,275.0,0.0,44.91,22.09,2.28,0.0
20230709:1511,402.0,163.0,0.0,38.16,22.02,2.21,0.0
20230709:1611,82.0,235.0,0.0,30.65,21.89,2.21,0.0
20230709:1711,33.0,170.0,0.0,22.91,21.71,2.07,0.0
20230709:1811,0.0,41.0,0.0,15.33,21.46,2.41,0.0
20230709:1911,0.0,9.0,0.0,8.25,20.37,2.55,0.0
20230709:2011,0.0,1.0,0.0,2.02,19.82,3.38,0.0
20230709:2111,0.0,0.0,0.0,0.0,19.25,3.79,0.0
20230709:2211,0.0,0.0,0.0,0.0,18.55,3.72,0.0
20230709:2311,0.0,0.0,0.0,0.0,17.99,3.86,0.0
20230710:0011,0.0,0.0,0.0,0.0,16.71,3.52,0.0
20230710:0111,0.0,0.0,0.0,0.0,15.7,3.66,0.0
20230710:0211,0.0,0.0,0.0,0.0,14.3,3.31,0.0
20230710:0311,0.0,8.0,0.0,1.79,14.21,2.97,0.0
20230710:0411,6.0,48.0,0.0,8.01,14.21,2.34,0.0
20230710:0511,69.0,102.0,0.0,15.08,14.23,1.66,0.0
20230710:0611,0.0,35.0,0.0,22.65,14.3,1.1,0.0
20230710:0711,0.0,72.0,0.0,30.4,15.24,0.9,0.0
20230710:0811,0.0,82.0,0.0,37.91,15.3,0.62,0.0
20230710:0911,0.0,116.0,0.0,44.68,15.39,0.69,0.0
20230710:1011,0.0,163.0,0.0,50.0,15.28,1.24,0.0
20230710:1111,18.0,334.0,0.0,53.01,15.01,1.45,0.0
20230710:1211,1.0,256.0,0.0,53.04,15.3,1.45,0.0
20230710:1311,15.0,316.0,0.0,50.09,15.37,1.86,0.0
20230710:1411,13.0,283.0,0.0,44.82,15.17,2.55,0.0
20230710:1511,63.0,287.0,0.0,38.08,15.01,2.69,0.0
20230710:1611,38.0,226.0,0.0,30.57,14.76,1.93,0.0
20230710:1711,58.0,171.0,0.0,22.82,14.45,1.38,0.0
20230710:1811,26.0,109.0,0.0,15.24,14.42,1.38,0.0
20230710:1911,52.0,45.0,0.0,8.16,14.43,0.62,0.0
20230710:2011,0.0,9.0,0.0,1.92,14.09,0.55,0.0
20230710:2111,0.0,0.0,0.0,0.0,13.42,1.17,0.0
20230710:2211,0.0,0.0,0.0,0.0,13.11,1.86,0.0
20230710:2311,0.0,0.0,0.0,0.0,12.83,2.0,0.0
20230711:0011,0.0,0.0,0.0,0.0,12.53,2.28,0.0
20230711:0111,0.0,0.0,0.0,0.0,12.26,2.55,0.0
20230711:0211,0.0,0.0,0.0,0.0,11.88,2.97,0.0
20230711:0311,0.0,7.0,0.0,1.66,11.68,3.24,0.0
20230711:0411,0.0,8.0,0.0,7.88,11.82,3.66,0.0
20230711:0511,0.0,18.0,0.0,14.95,12.45,4.07,0.0
20230711:0611,0.0,37.0,0.0,22.53,13.32,4.76,0.0
20230711:0711,0.0,82.0,0.0,30.27,13.81,4.76,0.0
20230711:0811,0.0,71.0,0.0,37.79,14.4,5.66,0.0
20230711:0911,0.0,152.0,0.0,44.55,14.39,6.28,0.0
20230711:1011,0.0,136.0,0.0,49.86,13.93,6.55,0.0
20230711:1111,0.0,153.0,0.0,52.88,14.22,7.17,0.0
20230711:1211,0.0,106.0,0.0,52.92,14.35,7.03,0.0
20230711:1311,0.0,164.0,0.0,49.98,14.78,7.1,0.0
20230711:1411,0.0,62.0,0.0,44.72,14.52,6.97,0.0
20230711:1511,0.0,89.0,0.0,37.98,14.53,7.38,0.0
20230711:1611,0.0,106.0,0.0,30.48,14.75,7.38,0.0
20230711:1711,0.0,46.0,0.0,22.74,14.98,7.52,0.0
20230711:1811,0.0,21.0,0.0,15.15,15.13,7.17,0.0
20230711:1911,0.0,14.0,0.0,8.07,14.58,5.45,0.0
20230711:2011,0.0,1.0,0.0,1.82,13.93,4.97,0.0
20230711:2111,0.0,0.0,0.0,0.0,13.74,5.38,0.0
20230711:2211,0.0,0.0,0.0,0.0,13.79,5.1,0.0
20230711:2311,0.0,0.0,0.0,0.0,13.6,5.17,0.0
20230712:0011,0.0,0.0,0.0,0.0,13.61,5.45,0.0
20230712:0111,0.0,0.0,0.0,0.0,13.49,5.38,0.0
20230712:0211,0.0,0.0,0.0,0.0,13.49,5.52,0.0
20230712:0311,0.0,7.0,0.0,1.53,13.49,5.72,0.0
20230712:0411,0.0,9.0,0.0,7.75,13.52,5.66,0.0
20230712:0511,25.0,106.0,0.0,14.82,13.54,5.66,0.0
20230712:0611,4.0,133.0,0.0,22.4,13.89,5.24,0.0
20230712:0711,81.0,233.0,0.0,30.14,14.2,5.24,0.0
20230712:0811,107.0,289.0,0.0,37.66,14.12,5.03,0.0
20230712:0911,344.0,256.0,0.0,44.42,14.82,4.0,0.0
20230712:1011,131.0,372.0,0.0,49.73,15.15,3.72,0.0
20230712:1111,72.0,384.0,0.0,52.74,15.08,3.52,0.0
20230712:1211,81.0,387.0,0.0,52.79,15.25,3.52,0.0
20230712:1311,18.0,325.0,0.0,49.86,15.58,3.59,0.0
20230712:1411,447.0,200.0,0.0,44.61,15.14,3.45,0.0
20230712:1511,282.0,229.0,0.0,37.88,15.05,3.24,0.0
20230712:1611,75.0,234.0,0.0,30.39,15.36,3.59,0.0
20230712:1711,81.0,169.0,0.0,22.64,14.42,4.34,0.0
20230712:1811,0.0,21.0,0.0,15.05,13.85,4.34,0.0
20230712:1911,5.0,47.0,0.0,7.96,13.65,4.14,0.0
20230712:2011,0.0,1.0,0.0,1.71,13.1,4.21,0.0
20230712:2111,0.0,0.0,0.0,0.0,12.68,3.86,0.0
20230712:2211,0.0,0.0,0.0,0.0,12.58,4.0,0.0
20230712:2311,0.0,0.0,0.0,0.0,12.54,4.0,0.0
20230713:0011,0.0,0.0,0.0,0.0,12.32,3.86,0.0
20230713:0111,0.0,0.0,0.0,0.0,12.27,3.93,0.0
20230713:0211,0.0,0.0,0.0,0.0,12.38,3.52,0.0
20230713:0311,0.0,6.0,0.0,1.39,12.38,3.24,0.0
20230713:0411,9.0,49.0,0.0,7.61,12.06,3.31,0.0
20230713:0511,11.0,98.0,0.0,14.68,12.63,3.66,0.0
20230713:0611,0.0,50.0,0.0,22.26,12.92,3.72,0.0
20230713:0711,108.0,227.0,0.0,30.01,12.91,4.69,0.0
20230713:0811,0.0,170.0,0.0,37.52,13.36,4.55,0.0
20230713:0911,0.0,137.0,0.0,44.28,13.45,4.83,0.0
20230713:1011,0.0,134.0,0.0,49.58,13.27,5.24,0.0
20230713:1111,1.0,266.0,0.0,52.6,13.41,5.45,0.0
20230713:1211,0.0,224.0,0.0,52.65,13.93,5.59,0.0
20230713:1311,0.0,146.0,0.0,49.74,13.89,5.38,0.0
20230713:1411,5.0,256.0,0.0,44.5,14.27,5.03,0.0
20230713:1511,10.0,241.0,0.0,37.78,13.3,5.31,0.0
20230713:1611,1.0,155.0,0.0,30.29,13.55,4.76,0.0
20230713:1711,3.0,129.0,0.0,22.54,13.32,4.76,0.0
20230713:1811,0.0,67.0,0.0,14.95,12.97,4.28,0.0
20230713:1911,0.0,20.0,0.0,7.85,12.79,4.0,0.0
20230713:2011,0.0,1.0,0.0,1.59,12.42,3.38,0.0
20230713:2111,0.0,0.0,0.0,0.0,12.11,2.9,0.0
20230713:2211,0.0,0.0,0.0,0.0,11.91,2.55,0.0
20230713:2311,0.0,0.0,0.0,0.0,11.7,2.07,0.0
20230714:0011,0.0,0.0,0.0,0.0,11.68,1.59,0.0
20230714:0111,0.0,0.0,0.0,0.0,11.51,1.31,0.0
20230714:0211,0.0,0.0,0.0,0.0,10.96,1.03,0.0
20230714:0311,0.0,0.0,0.0,0.0,10.69,0.69,0.0
20230714:0411,0.0,47.0,0.0,7.47,11.21,0.41,0.0
20230714:0511,105.0,84.0,0.0,14.54,10.93,0.48,0.0
20230714:0611,162.0,134.0,0.0,22.13,12.02,0.41,0.0
20230714:0711,187.0,200.0,0.0,29.87,13.31,0.76,0.0
20230714:0811,155.0,278.0,0.0,37.38,13.98,0.9,0.0
20230714:0911,277.0,288.0,0.0,44.13,14.44,1.1,0.0
20230714:1011,333.0,304.0,0.0,49.44,15.12,1.72,0.0
20230714:1111,63.0,381.0,0.0,52.45,15.43,2.34,0.0
20230714:1211,102.0,391.0,0.0,52.51,15.4,2.62,0.0
20230714:1311,305.0,318.0,0.0,49.6,15.19,2.55,0.0
20230714:1411,483.01,179.0,0.0,44.38,15.0,2.07,0.0
20230714:1511,446.0,136.0,0.0,37.67,15.28,1.24,0.0
20230714:1611,274.0,160.0,0.0,30.18,15.65,1.17,0.0
20230714:1711,252.0,90.0,0.0,22.43,15.78,1.1,0.0
20230714:1811,114.0,83.0,0.0,14.84,15.53,1.03,0.0
20230714:1911,7.0,47.0,0.0,7.74,15.18,1.24,0.0
20230714:2011,0.0,1.0,0.0,1.47,14.7,1.52,0.0
20230714:2111,0.0,0.0,0.0,0.0,14.03,2.14,0.0
20230714:2211,0.0,0.0,0.0,0.0,13.26,2.55,0.0
20230714:2311,0.0,0.0,0.0,0.0,12.93,2.9,0.0
20230715:0011,0.0,0.0,0.0,0.0,13.1,3.59,0.0
20230715:0111,0.0,0.0,0.0,0.0,13.27,4.0,0.0
20230715:0211,0.0,0.0,0.0,0.0,13.28,4.34,0.0
20230715:0311,0.0,0.0,0.0,0.0,13.42,4.41,0.0
20230715:0411,0.0,7.0,0.0,7.33,13.51,4.62,0.0
20230715:0511,0.0,18.0,0.0,14.4,13.74,4.97,0.0
20230715:0611,0.0,39.0,0.0,21.99,14.05,5.79,0.0
20230715:0711,0.0,78.0,0.0,29.73,15.11,6.55,0.0
20230715:0811,0.0,79.0,0.0,37.24,15.46,6.97,0.0
20230715:0911,0.0,204.0,0.0,43.99,15.74,7.66,0.0
20230715:1011,91.0,365.0,0.0,49.28,15.89,8.41,0.0
20230715:1111,0.0,127.0,0.0,52.29,15.99,8.76,0.0
20230715:1211,7.0,300.0,0.0,52.36,16.31,8.69,0.0
20230715:1311,0.0,203.0,0.0,49.47,16.71,8.55,0.0
20230715:1411,0.0,106.0,0.0,44.25,16.84,8.14,0.0
20230715:1511,0.0,62.0,0.0,37.55,16.66,7.38,0.0
20230715:1611,12.0,199.0,0.0,30.06,15.92,7.17,0.0
20230715:1711,0.0,78.0,0.0,22.32,15.6,7.31,0.0
20230715:1811,8.0,95.0,0.0,14.72,15.29,8.0,0.0
20230715:1911,43.0,44.0,0.0,7.62,15.03,7.52,0.0
20230715:2011,0.0,1.0,0.0,1.34,14.72,7.93,0.0
20230715:2111,0.0,0.0,0.0,0.0,14.56,7.79,0.0
20230715:2211,0.0,0.0,0.0,0.0,14.36,7.52,0.0
20230715:2311,0.0,0.0,0.0,0.0,14.18,7.17,0.0
20230716:0011,0.0,0.0,0.0,0.0,14.14,7.31,0.0
20230716:0111,0.0,0.0,0.0,0.0,14.03,7.03,0.0
20230716:0211,0.0,0.0,0.0,0.0,13.75,6.9,0.0
20230716:0311,0.0,0.0,0.0,0.0,13.75,6.97,0.0
20230716:0411,0.0,26.0,0.0,7.17,13.82,7.52,0.0
20230716:0511,0.0,17.0,0.0,14.25,13.85,7.79,0.0
20230716:0611,0.0,41.0,0.0,21.84,13.83,7.86,0.0
20230716:0711,0.0,147.0,0.0,29.59,14.05,8.76,0.0
20230716:0811,0.0,87.0,0.0,37.09,14.27,9.1,0.0
20230716:0911,193.0,316.0,0.0,43.83,14.2,9.17,0.0
20230716:1011,0.0,166.0,0.0,49.12,14.06,9.38,0.0
20230716:1111,3.0,279.0,0.0,52.13,14.64,7.93,0.0
20230716:1211,18.0,333.0,0.0,52.2,15.46,6.76,0.0
20230716:1311,0.0,142.0,0.0,49.32,15.57,6.69,0.0
20230716:1411,0.0,137.0,0.0,44.12,15.54,6.97,0.0
20230716:1511,7.0,232.0,0.0,37.42,14.5,7.66,0.0
20230716:1611,6.0,183.0,0.0,29.94,14.44,7.59,0.0
20230716:1711,16.0,155.0,0.0,22.2,14.29,8.0,0.0
20230716:1811,0.0,56.0,0.0,14.6,14.06,6.97,0.0
20230716:1911,0.0,10.0,0.0,7.49,13.77,6.76,0.0
20230716:2011,0.0,0.0,0.0,0.0,13.78,6.07,0.0
20230716:2111,0.0,0.0,0.0,0.0,13.82,5.86,0.0
20230716:2211,0.0,0.0,0.0,0.0,13.83,6.21,0.0
20230716:2311,0.0,0.0,0.0,0.0,13.67,6.21,0.0
20230717:0011,0.0,0.0,0.0,0.0,13.52,6.41,0.0
20230717:0111,0.0,0.0,0.0,0.0,13.33,6.14,0.0
20230717:0211,0.0,0.0,0.0,0.0,13.26,6.28,0.0
20230717:0311,0.0,0.0,0.0,0.0,12.92,6.76,0.0
20230717:0411,0.0,7.0,0.0,7.02,12.83,6.62,0.0
20230717:0511,0.0,40.0,0.0,14.1,12.84,6.69,0.0
20230717:0611,0.0,74.0,0.0,21.69,12.93,6.76,0.0
20230717:0711,0.0,75.0,0.0,29.44,12.85,6.9,0.0
20230717:0811,4.0,213.0,0.0,36.94,13.03,7.17,0.0
20230717:0911,0.0,157.0,0.0,43.67,13.2,6.97,0.0
20230717:1011,0.0,214.0,0.0,48.96,13.27,6.76,0.0
20230717:1111,0.0,208.0,0.0,51.96,13.28,6.0,0.0
20230717:1211,3.0,283.0,0.0,52.04,13.35,5.72,0.0
20230717:1311,0.0,137.0,0.0,49.17,13.45,5.93,0.0
20230717:1411,0.0,130.0,0.0,43.98,13.34,6.28,0.0
20230717:1511,0.0,156.0,0.0,37.29,13.69,5.38,0.0
20230717:1611,0.0,148.0,0.0,29.82,12.73,5.59,0.0
20230717:1711,3.0,126.0,0.0,22.07,12.86,5.31,0.0
20230717:1811,10.0,96.0,0.0,14.47,12.53,5.31,0.0
20230717:1911,0.0,17.0,0.0,7.35,11.96,5.1,0.0
20230717:2011,0.0,0.0,0.0,0.0,11.67,5.03,0.0
20230717:2111,0.0,0.0,0.0,0.0,11.39,4.76,0.0
20230717:2211,0.0,0.0,0.0,0.0,11.17,4.69,0.0
20230717:2311,0.0,0.0,0.0,0.0,11.03,4.83,0.0
20230718:0011,0.0,0.0,0.0,0.0,10.85,5.24,0.0
20230718:0111,0.0,0.0,0.0,0.0,10.69,5.38,0.0
20230718:0211,0.0,0.0,0.0,0.0,10.73,5.38,0.0
20230718:0311,0.0,0.0,0.0,0.0,10.58,5.24,0.0
20230718:0411,0.0,7.0,0.0,6.86,10.51,5.45,0.0
20230718:0511,16.0,97.0,0.0,13.94,10.5,5.45,0.0
20230718:0611,20.0,155.0,0.0,21.54,10.87,4.55,0.0
20230718:0711,41.0,222.0,0.0,29.28,11.15,4.55,0.0
20230718:0811,60.0,283.0,0.0,36.78,11.7,4.48,0.0
20230718:0911,52.0,326.0,0.0,43.51,11.8,4.48,0.0
20230718:1011,92.0,368.0,0.0,48.79,12.49,4.62,0.0
20230718:1111,55.0,374.0,0.0,51.79,12.47,4.76,0.0
20230718:1211,81.0,384.0,0.0,51.87,12.39,5.03,0.0
20230718:1311,14.0,314.0,0.0,49.01,12.73,4.83,0.0
20230718:1411,34.0,315.0,0.0,43.83,12.67,4.76,0.0
20230718:1511,3.0,211.0,0.0,37.16,12.7,4.83,0.0
20230718:1611,45.0,227.0,0.0,29.69,12.05,4.83,0.0
20230718:1711,17.0,155.0,0.0,21.94,12.06,4.34,0.0
20230718:1811,1.0,73.0,0.0,14.33,11.73,4.48,0.0
20230718:1911,0.0,29.0,0.0,7.21,10.96,5.24,0.0
20230718:2011,0.0,0.0,0.0,0.0,10.77,4.62,0.0
20230718:2111,0.0,0.0,0.0,0.0,10.88,4.0,0.0
20230718:2211,0.0,0.0,0.0,0.0,10.69,3.79,0.0
20230718:2311,0.0,0.0,0.0,0.0,10.65,3.45,0.0
20230719:0011,0.0,0.0,0.0,0.0,10.74,3.31,0.0
20230719:0111,0.0,0.0,0.0,0.0,10.58,3.72,0.0
20230719:0211,0.0,0.0,0.0,0.0,10.38,4.41,0.0
20230719:0311,0.0,0.0,0.0,0.0,10.06,4.48,0.0
20230719:0411,0.0,19.0,0.0,6.69,10.12,4.14,0.0
20230719:0511,0.0,41.0,0.0,13.78,10.31,3.66,0.0
20230719:0611,90.0,156.0,0.0,21.38,10.92,3.17,0.0
20230719:0711,35.0,219.0,0.0,29.12,11.13,3.86,0.0
20230719:0811,97.0,284.0,0.0,36.62,11.66,4.28,0.0
20230719:0911,126.0,330.0,0.0,43.34,12.02,4.21,0.0
20230719:1011,1.0,246.0,0.0,48.62,12.19,4.14,0.0
20230719:1111,5.0,289.0,0.0,51.61,12.36,4.07,0.0
20230719:1211,0.0,217.0,0.0,51.7,12.12,4.21,0.0
20230719:1311,0.0,203.0,0.0,48.85,12.47,4.07,0.0
20230719:1411,1.0,227.0,0.0,43.68,11.82,4.07,0.0
20230719:1511,2.0,201.0,0.0,37.01,11.9,4.07,0.0
20230719:1611,9.0,191.0,0.0,29.55,11.48,4.14,0.0
20230719:1711,29.0,163.0,0.0,21.8,11.53,3.93,0.0
20230719:1811,3.0,80.0,0.0,14.19,11.05,4.34,0.0
20230719:1911,0.0,7.0,0.0,7.07,10.83,3.52,0.0
20230719:2011,0.0,0.0,0.0,0.0,10.44,3.66,0.0
20230719:2111,0.0,0.0,0.0,0.0,10.32,3.72,0.0
20230719:2211,0.0,0.0,0.0,0.0,10.32,3.79,0.0
20230719:2311,0.0,0.0,0.0,0.0,10.56,3.93,0.0
20230720:0011,0.0,0.0,0.0,0.0,10.68,3.72,0.0
20230720:0111,0.0,0.0,0.0,0.0,10.8,3.59,0.0
20230720:0211,0.0,0.0,0.0,0.0,10.79,3.93,0.0
20230720:0311,0.0,0.0,0.0,0.0,10.92,4.28,0.0
20230720:0411,0.0,6.0,0.0,6.53,10.95,4.55,0.0
20230720:0511,0.0,38.0,0.0,13.62,11.33,4.28,0.0
20230720:0611,0.0,63.0,0.0,21.22,11.39,4.83,0.0
20230720:0711,0.0,130.0,0.0,28.96,11.41,3.93,0.0
20230720:0811,0.0,166.0,0.0,36.45,12.01,3.66,0.0
20230720:0911,6.0,256.0,0.0,43.17,12.27,4.14,0.0
20230720:1011,3.0,263.0,0.0,48.44,12.85,4.07,0.0
20230720:1111,5.0,293.0,0.0,51.43,13.18,4.21,0.0
20230720:1211,3.0,278.0,0.0,51.52,12.86,4.21,0.0
20230720:1311,2.0,253.0,0.0,48.68,12.45,4.14,0.0
20230720:1411,0.0,183.0,0.0,43.52,12.18,4.41,0.0
20230720:1511,0.0,174.0,0.0,36.86,11.92,4.34,0.0
20230720:1611,3.0,171.0,0.0,29.4,11.94,4.34,0.0
20230720:1711,46.0,165.0,0.0,21.66,11.81,4.48,0.0
20230720:1811,1.0,71.0,0.0,14.05,11.66,4.28,0.0
20230720:1911,0.0,12.0,0.0,6.91,11.09,4.41,0.0
20230720:2011,0.0,0.0,0.0,0.0,10.82,4.34,0.0
20230720:2111,0.0,0.0,0.0,0.0,10.63,4.07,0.0
20230720:2211,0.0,0.0,0.0,0.0,10.41,3.66,0.0
20230720:2311,0.0,0.0,0.0,0.0,10.28,3.24,0.0
20230721:0011,0.0,0.0,0.0,0.0,10.2,3.03,0.0
20230721:0111,0.0,0.0,0.0,0.0,10.16,3.03,0.0
20230721:0211,0.0,0.0,0.0,0.0,10.09,3.1,0.0
20230721:0311,0.0,0.0,0.0,0.0,10.04,2.97,0.0
20230721:0411,0.0,19.0,0.0,6.35,9.79,2.62,0.0
20230721:0511,1.0,66.0,0.0,13.45,10.13,2.34,0.0
20230721:0611,0.0,94.0,0.0,21.05,10.36,2.07,0.0
20230721:0711,32.0,215.0,0.0,28.8,11.35,1.72,0.0
20230721:0811,80.0,282.0,0.0,36.28,11.82,1.93,0.0
20230721:0911,59.0,324.0,0.0,43.0,12.22,2.07,0.0
20230721:1011,14.0,309.0,0.0,48.25,12.73,2.34,0.0
20230721:1111,80.0,380.0,0.0,51.24,12.76,2.76,0.0
20230721:1211,15.0,326.0,0.0,51.33,13.06,3.24,0.0
20230721:1311,13.0,308.0,0.0,48.5,13.05,3.52,0.0
20230721:1411,2.0,236.0,0.0,43.36,13.02,3.66,0.0
20230721:1511,56.0,281.0,0.0,36.71,12.99,3.72,0.0
20230721:1611,77.0,227.0,0.0,29.25,12.59,3.86,0.0
20230721:1711,4.0,131.0,0.0,21.51,12.15,3.72,0.0
20230721:1811,11.0,93.0,0.0,13.89,11.84,3.38,0.0
20230721:1911,0.0,9.0,0.0,6.76,11.97,3.31,0.0
20230721:2011,0.0,0.0,0.0,0.0,11.46,3.1,0.0
20230721:2111,0.0,0.0,0.0,0.0,11.11,3.03,0.0
20230721:2211,0.0,0.0,0.0,0.0,10.91,3.1,0.0
20230721:2311,0.0,0.0,0.0,0.0,10.75,3.17,0.0
20230722:0011,0.0,0.0,0.0,0.0,10.66,3.17,0.0
20230722:0111,0.0,0.0,0.0,0.0,10.83,3.03,0.0
20230722:0211,0.0,0.0,0.0,0.0,10.74,2.97,0.0
20230722:0311,0.0,0.0,0.0,0.0,10.61,2.69,0.0
20230722:0411,0.0,6.0,0.0,6.18,10.63,2.48,0.0
20230722:0511,0.0,32.0,0.0,13.28,10.89,2.55,0.0
20230722:0611,1.0,108.0,0.0,20.88,11.15,2.69,0.0
20230722:0711,11.0,193.0,0.0,28.63,11.72,2.14,0.0
20230722:0811,130.0,275.0,0.0,36.11,12.14,2.34,0.0
20230722:0911,1.0,220.0,0.0,42.82,12.39,2.34,0.0
20230722:1011,17.0,313.0,0.0,48.06,13.19,2.28,0.0
20230722:1111,49.0,367.0,0.0,51.05,13.36,2.62,0.0
20230722:1211,86.0,382.0,0.0,51.14,13.57,2.97,0.0
20230722:1311,211.0,347.0,0.0,48.32,13.64,3.38,0.0
20230722:1411,265.0,287.0,0.0,43.19,13.16,3.66,0.0
20230722:1511,274.0,224.0,0.0,36.55,13.15,3.45,0.0
20230722:1611,86.0,226.0,0.0,29.1,13.12,3.17,0.0
20230722:1711,140.0,138.0,0.0,21.35,12.99,2.83,0.0
20230722:1811,75.0,90.0,0.0,13.74,12.92,2.34,0.0
20230722:1911,22.0,42.0,0.0,6.59,12.54,1.93,0.0
20230722:2011,0.0,0.0,0.0,0.0,12.06,1.59,0.0
20230722:2111,0.0,0.0,0.0,0.0,11.65,1.31,0.0
20230722:2211,0.0,0.0,0.0,0.0,10.96,0.97,0.0
20230722:2311,0.0,0.0,0.0,0.0,11.72,0.55,0.0
20230723:0011,0.0,0.0,0.0,0.0,11.74,0.28,0.0
20230723:0111,0.0,0.0,0.0,0.0,11.24,0.41,0.0
20230723:0211,0.0,0.0,0.0,0.0,10.03,0.76,0.0
20230723:0311,0.0,0.0,0.0,0.0,8.99,0.83,0.0
20230723:0411,0.0,38.0,0.0,6.0,9.09,1.1,0.0
20230723:0511,84.0,80.0,0.0,13.11,10.13,1.24,0.0
20230723:0611,204.0,98.0,0.0,20.71,11.27,1.38,0.0
20230723:0711,312.0,121.0,0.0,28.45,12.41,1.59,0.0
20230723:0811,401.0,147.0,0.0,35.93,13.82,2.14,0.0
20230723:0911,487.01,162.0,0.0,42.63,15.05,2.21,0.0
20230723:1011,539.01,179.0,0.0,47.87,15.86,2.28,0.0
20230723:1111,561.01,191.0,0.0,50.85,16.4,2.55,0.0
20230723:1211,368.01,300.0,0.0,50.94,16.43,2.9,0.0
20230723:1311,174.0,357.0,0.0,48.13,16.73,2.97,0.0
20230723:1411,0.0,193.0,0.0,43.01,16.74,3.24,0.0
20230723:1511,368.0,172.0,0.0,36.38,16.63,3.72,0.0
20230723:1611,111.0,220.0,0.0,28.93,15.53,3.72,0.0
20230723:1711,194.0,109.0,0.0,21.19,15.15,3.31,0.0
20230723:1811,37.0,99.0,0.0,13.57,14.92,2.62,0.0
20230723:1911,5.0,38.0,0.0,6.42,14.55,2.21,0.0
20230723:2011,0.0,0.0,0.0,0.0,14.18,2.07,0.0
20230723:2111,0.0,0.0,0.0,0.0,13.79,2.48,0.0
20230723:2211,0.0,0.0,0.0,0.0,13.44,2.62,0.0
20230723:2311,0.0,0.0,0.0,0.0,13.1,2.41,0.0
20230724:0011,0.0,0.0,0.0,0.0,12.74,2.14,0.0
20230724:0111,0.0,0.0,0.0,0.0,12.27,2.0,0.0
20230724:0211,0.0,0.0,0.0,0.0,11.88,1.79,0.0
20230724:0311,0.0,0.0,0.0,0.0,11.46,1.66,0.0
20230724:0411,0.0,6.0,0.0,5.81,11.21,1.59,0.0
20230724:0511,0.0,50.0,0.0,12.93,11.73,1.45,0.0
20230724:0611,0.0,77.0,0.0,20.53,13.25,1.38,0.0
20230724:0711,1.0,147.0,0.0,28.28,14.4,1.66,0.0
20230724:0811,50.0,271.0,0.0,35.75,15.25,2.0,0.0
20230724:0911,15.0,279.0,0.0,42.44,15.5,2.14,0.0
20230724:1011,74.0,357.0,0.0,47.67,15.77,2.41,0.0
20230724:1111,340.0,310.0,0.0,50.64,16.38,3.03,0.0
20230724:1211,82.0,377.0,0.0,50.74,15.47,3.52,0.0
20230724:1311,243.0,332.0,0.0,47.93,15.67,3.72,0.0
20230724:1411,312.0,261.0,0.0,42.83,15.99,3.72,0.0
20230724:1511,336.0,187.0,0.0,36.21,15.36,3.59,0.0
20230724:1611,148.0,206.0,0.0,28.76,15.77,3.66,0.0
20230724:1711,189.0,110.0,0.0,21.02,14.81,3.17,0.0
20230724:1811,25.0,96.0,0.0,13.4,14.63,3.1,0.0
20230724:1911,1.0,30.0,0.0,6.24,14.26,4.07,0.0
20230724:2011,0.0,0.0,0.0,0.0,13.6,4.28,0.0
20230724:2111,0.0,0.0,0.0,0.0,13.17,4.21,0.0
20230724:2211,0.0,0.0,0.0,0.0,12.87,4.07,0.0
20230724:2311,0.0,0.0,0.0,0.0,12.78,4.14,0.0
20230725:0011,0.0,0.0,0.0,0.0,12.69,4.0,0.0
20230725:0111,0.0,0.0,0.0,0.0,12.46,3.79,0.0
20230725:0211,0.0,0.0,0.0,0.0,12.38,4.34,0.0
20230725:0311,0.0,0.0,0.0,0.0,12.19,4.41,0.0
20230725:0411,0.0,8.0,0.0,5.63,12.11,4.83,0.0
20230725:0511,11.0,86.0,0.0,12.75,12.28,5.1,0.0
20230725:0611,0.0,92.0,0.0,20.35,12.56,5.17,0.0
20230725:0711,46.0,216.0,0.0,28.1,12.4,5.59,0.0
20230725:0811,5.0,211.0,0.0,35.57,12.41,6.48,0.0
20230725:0911,0.0,146.0,0.0,42.25,12.51,7.03,0.0
20230725:1011,0.0,114.0,0.0,47.47,12.39,7.17,0.0
20230725:1111,2.0,262.0,0.0,50.43,12.62,7.31,0.0
20230725:1211,1.0,250.0,0.0,50.53,12.38,7.24,0.0
20230725:1311,0.0,141.0,0.0,47.73,12.36,8.0,0.0
20230725:1411,4.0,244.0,0.0,42.64,12.19,7.86,0.0
20230725:1511,0.0,180.0,0.0,36.03,11.9,8.28,0.0
20230725:1611,0.0,109.0,0.0,28.59,11.62,7.72,0.0
20230725:1711,0.0,76.0,0.0,20.85,11.26,7.86,0.0
20230725:1811,10.0,87.0,0.0,13.22,11.22,7.17,0.0
20230725:1911,11.0,38.0,0.0,6.06,11.32,7.93,0.0
20230725:2011,0.0,0.0,0.0,0.0,10.74,8.34,0.0
20230725:2111,0.0,0.0,0.0,0.0,10.95,8.76,0.0
20230725:2211,0.0,0.0,0.0,0.0,11.2,7.93,0.0
20230725:2311,0.0,0.0,0.0,0.0,11.43,7.31,0.0
20230726:0011,0.0,0.0,0.0,0.0,11.52,7.72,0.0
20230726:0111,0.0,0.0,0.0,0.0,11.62,7.86,0.0
20230726:0211,0.0,0.0,0.0,0.0,11.65,7.52,0.0
20230726:0311,0.0,0.0,0.0,0.0,11.59,6.83,0.0
20230726:0411,0.0,5.0,0.0,5.43,11.62,6.14,0.0
20230726:0511,0.0,32.0,0.0,12.56,11.99,5.59,0.0
20230726:0611,48.0,153.0,0.0,20.17,12.22,4.83,0.0
20230726:0711,199.0,176.0,0.0,27.91,13.27,3.52,0.0
20230726:0811,225.0,236.0,0.0,35.38,13.92,3.31,0.0
20230726:0911,251.0,283.0,0.0,42.05,14.61,3.24,0.0
20230726:1011,118.0,359.0,0.0,47.26,15.18,3.59,0.0
20230726:1111,302.0,325.0,0.0,50.21,15.2,4.34,0.0
20230726:1211,482.01,232.0,0.0,50.31,15.52,5.1,0.0
20230726:1311,213.0,340.0,0.0,47.53,15.4,5.59,0.0
20230726:1411,231.0,295.0,0.0,42.44,15.08,6.07,0.0
20230726:1511,73.0,278.0,0.0,35.84,15.07,6.07,0.0
20230726:1611,97.0,217.0,0.0,28.41,14.21,5.86,0.0
20230726:1711,4.0,125.0,0.0,20.67,13.76,5.79,0.0
20230726:1811,0.0,52.0,0.0,13.04,13.72,5.03,0.0
20230726:1911,0.0,13.0,0.0,5.87,13.78,4.21,0.0
20230726:2011,0.0,0.0,0.0,0.0,13.17,4.0,0.0
20230726:2111,0.0,0.0,0.0,0.0,12.89,3.79,0.0
20230726:2211,0.0,0.0,0.0,0.0,12.8,3.59,0.0
20230726:2311,0.0,0.0,0.0,0.0,12.76,3.31,0.0
20230727:0011,0.0,0.0,0.0,0.0,12.71,3.17,0.0
20230727:0111,0.0,0.0,0.0,0.0,12.69,2.9,0.0
20230727:0211,0.0,0.0,0.0,0.0,12.61,2.48,0.0
20230727:0311,0.0,0.0,0.0,0.0,12.54,1.86,0.0
20230727:0411,0.0,5.0,0.0,5.24,12.47,1.38,0.0
20230727:0511,0.0,49.0,0.0,12.37,12.57,1.03,0.0
20230727:0611,19.0,143.0,0.0,19.99,12.92,0.97,0.0
20230727:0711,25.0,203.0,0.0,27.73,13.25,1.1,0.0
20230727:0811,32.0,259.0,0.0,35.19,13.72,1.59,0.0
20230727:0911,78.0,320.0,0.0,41.85,14.38,1.93,0.0
20230727:1011,154.0,352.0,0.0,47.05,14.81,2.14,0.0
20230727:1111,164.0,370.0,0.0,49.99,15.25,2.28,0.0
20230727:1211,141.0,375.0,0.0,50.09,15.52,2.55,0.0
20230727:1311,125.0,358.0,0.0,47.31,15.62,3.24,0.0
20230727:1411,142.0,320.0,0.0,42.24,15.21,4.14,0.0
20230727:1511,142.0,268.0,0.0,35.65,14.95,4.41,0.0
20230727:1611,75.0,219.0,0.0,28.22,14.55,4.34,0.0
20230727:1711,93.0,148.0,0.0,20.48,14.27,3.79,0.0
20230727:1811,69.0,83.0,0.0,12.85,14.0,3.1,0.0
20230727:1911,14.0,31.26,0.0,5.68,13.68,2.9,0.0
20230727:2011,0.0,0.0,0.0,0.0,13.27,2.62,0.0
20230727:2111,0.0,0.0,0.0,0.0,12.9,2.41,0.0
20230727:2211,0.0,0.0,0.0,0.0,12.61,2.41,0.0
20230727:2311,0.0,0.0,0.0,0.0,12.32,2.55,0.0
20230728:0011,0.0,0.0,0.0,0.0,12.06,2.62,0.0
20230728:0111,0.0,0.0,0.0,0.0,11.78,2.55,0.0
20230728:0211,0.0,0.0,0.0,0.0,11.74,2.34,0.0
20230728:0311,0.0,0.0,0.0,0.0,11.78,2.21,0.0
20230728:0411,0.0,10.0,0.0,5.04,11.81,2.07,0.0
20230728:0511,1.0,61.0,0.0,12.18,11.98,2.14,0.0
20230728:0611,22.0,144.0,0.0,19.8,12.47,2.34,0.0
20230728:0711,49.0,213.0,0.0,27.54,12.88,2.48,0.0
20230728:0811,144.0,263.0,0.0,34.99,13.97,2.34,0.0
20230728:0911,201.0,300.0,0.0,41.65,15.03,2.28,0.0
20230728:1011,290.0,306.0,0.0,46.83,15.55,2.76,0.0
20230728:1111,392.01,280.0,0.0,49.77,15.82,3.31,0.0
20230728:1211,562.01,183.0,0.0,49.86,15.91,3.52,0.0
20230728:1311,521.01,184.0,0.0,47.1,15.69,3.66,0.0
20230728:1411,500.01,149.0,0.0,42.03,15.66,3.45,0.0
20230728:1511,446.0,118.0,0.0,35.45,15.43,3.17,0.0
20230728:1611,313.0,117.0,0.0,28.03,15.23,2.62,0.0
20230728:1711,199.0,97.0,0.0,20.29,15.04,2.07,0.0
20230728:1811,50.0,89.0,0.0,12.66,14.65,1.66,0.0
20230728:1911,9.0,31.58,0.0,5.48,13.87,1.79,0.0
20230728:2011,0.0,0.0,0.0,0.0,13.15,1.38,0.0
20230728:2111,0.0,0.0,0.0,0.0,12.4,0.62,0.0
20230728:2211,0.0,0.0,0.0,0.0,11.73,0.9,0.0
20230728:2311,0.0,0.0,0.0,0.0,11.88,1.72,0.0
20230729:0011,0.0,0.0,0.0,0.0,11.51,1.79,0.0
20230729:0111,0.0,0.0,0.0,0.0,11.24,1.59,0.0
20230729:0211,0.0,0.0,0.0,0.0,10.82,1.52,0.0
20230729:0311,0.0,0.0,0.0,0.0,10.41,1.66,0.0
20230729:0411,0.0,28.0,0.0,4.84,10.2,1.93,0.0
20230729:0511,52.0,80.0,0.0,11.98,10.83,1.93,0.0
20230729:0611,47.0,147.0,0.0,19.6,12.57,1.86,0.0
20230729:0711,90.0,209.0,0.0,27.34,14.33,1.79,0.0
20230729:0811,116.0,266.0,0.0,34.79,15.62,2.0,0.0
20230729:0911,207.0,293.0,0.0,41.44,16.7,2.28,0.0
20230729:1011,84.0,351.0,0.0,46.61,17.2,2.41,0.0
20230729:1111,225.0,349.0,0.0,49.54,17.46,2.69,0.0
20230729:1211,226.0,349.0,0.0,49.63,17.01,2.62,0.0
20230729:1311,260.0,316.0,0.0,46.87,17.17,2.48,0.0
20230729:1411,75.0,319.0,0.0,41.82,17.34,2.34,0.0
20230729:1511,13.0,234.0,0.0,35.25,17.18,2.62,0.0
20230729:1611,2.0,155.0,0.0,27.83,16.65,3.31,0.0
20230729:1711,0.0,79.0,0.0,20.1,15.86,3.24,0.0
20230729:1811,0.0,34.0,0.0,12.46,15.17,3.45,0.0
20230729:1911,5.0,28.77,0.0,5.27,15.08,2.69,0.0
20230729:2011,0.0,0.0,0.0,0.0,14.63,2.83,0.0
20230729:2111,0.0,0.0,0.0,0.0,14.5,2.97,0.0
20230729:2211,0.0,0.0,0.0,0.0,13.74,3.24,0.0
20230729:2311,0.0,0.0,0.0,0.0,13.61,3.38,0.0
20230730:0011,0.0,0.0,0.0,0.0,13.42,3.17,0.0
20230730:0111,0.0,0.0,0.0,0.0,13.17,3.03,0.0
20230730:0211,0.0,0.0,0.0,0.0,13.27,2.83,0.0
20230730:0311,0.0,0.0,0.0,0.0,13.14,3.03,0.0
20230730:0411,0.0,8.0,0.0,4.63,13.04,2.97,0.0
20230730:0511,47.0,80.0,0.0,11.78,13.23,3.17,0.0
20230730:0611,139.0,118.0,0.0,19.41,13.57,3.24,0.0
20230730:0711,73.0,210.0,0.0,27.15,13.8,3.59,0.0
20230730:0811,26.0,249.0,0.0,34.59,14.59,3.93,0.0
20230730:0911,192.0,298.0,0.0,41.23,15.26,4.14,0.0
20230730:1011,90.0,352.0,0.0,46.39,15.31,4.48,0.0
20230730:1111,41.0,350.0,0.0,49.3,15.51,4.14,0.0
20230730:1211,16.0,317.0,0.0,49.39,15.93,3.93,0.0
20230730:1311,0.0,191.0,0.0,46.64,15.05,3.66,0.0
20230730:1411,0.0,88.0,0.0,41.6,14.92,3.38,0.0
20230730:1511,0.0,160.0,0.0,35.04,15.35,2.76,0.0
20230730:1611,0.0,92.0,0.0,27.63,14.62,2.41,0.0
20230730:1711,0.0,93.0,0.0,19.89,14.67,1.66,0.0
20230730:1811,0.0,54.0,0.0,12.25,13.94,1.59,0.0
20230730:1911,15.0,27.02,0.0,5.06,14.1,0.9,0.0
20230730:2011,0.0,0.0,0.0,0.0,13.61,0.41,0.0
20230730:2111,0.0,0.0,0.0,0.0,13.69,0.14,0.0
20230730:2211,0.0,0.0,0.0,0.0,13.4,0.34,0.0
20230730:2311,0.0,0.0,0.0,0.0,13.11,0.34,0.0
20230731:0011,0.0,0.0,0.0,0.0,12.99,0.28,0.0
20230731:0111,0.0,0.0,0.0,0.0,12.38,0.62,0.0
20230731:0211,0.0,0.0,0.0,0.0,10.01,0.97,0.0
20230731:0311,0.0,0.0,0.0,0.0,9.36,1.17,0.0
20230731:0411,0.0,27.0,0.0,4.42,9.54,1.1,0.0
20230731:0511,66.0,72.0,0.0,11.58,10.92,1.17,0.0
20230731:0611,32.0,143.0,0.0,19.21,11.95,1.52,0.0
20230731:0711,218.0,156.0,0.0,26.95,13.78,2.14,0.0
20230731:0811,207.0,233.0,0.0,34.39,14.69,2.41,0.0
20230731:0911,364.0,217.0,0.0,41.01,15.75,2.28,0.0
20230731:1011,245.0,317.0,0.0,46.16,16.29,2.69,0.0
20230731:1111,236.0,343.0,0.0,49.06,16.52,3.31,0.0
20230731:1211,181.0,361.0,0.0,49.15,16.72,3.72,0.0
20230731:1311,152.0,348.0,0.0,46.41,16.19,3.79,0.0
20230731:1411,66.0,315.0,0.0,41.38,16.44,3.93,0.0
20230731:1511,40.0,262.0,0.0,34.82,16.48,3.38,0.0
20230731:1611,0.0,83.0,0.0,27.42,16.4,3.17,0.0
20230731:1711,6.0,124.0,0.0,19.68,16.18,2.55,0.0
20230731:1811,90.0,66.0,0.0,12.04,15.66,2.28,0.0
20230731:1911,10.0,27.32,0.0,4.84,15.08,1.52,0.0
20230731:2011,0.0,0.0,0.0,0.0,14.49,1.03,0.0
20230731:2111,0.0,0.0,0.0,0.0,13.73,1.1,0.0
20230731:2211,0.0,0.0,0.0,0.0,12.85,1.59,0.0
20230731:2311,0.0,0.0,0.0,0.0,12.42,1.79,0.0
20230801:0011,0.0,0.0,0.0,0.0,11.86,1.66,0.0
20230801:0111,0.0,0.0,0.0,0.0,11.41,1.66,0.0
20230801:0211,0.0,0.0,0.0,0.0,11.13,1.66,0.0
20230801:0311,0.0,0.0,0.0,0.0,10.38,1.45,0.0
20230801:0411,0.0,6.0,0.0,4.21,10.07,1.24,0.0
20230801:0511,11.0,76.0,0.0,11.38,11.2,0.97,0.0
20230801:0611,182.0,90.0,0.0,19.01,13.38,0.76,0.0
20230801:0711,291.0,112.0,0.0,26.75,14.43,1.24,0.0
20230801:0811,319.0,175.0,0.0,34.18,15.92,1.86,0.0
20230801:0911,259.0,267.0,0.0,40.79,16.78,2.69,0.0
20230801:1011,160.0,342.0,0.0,45.92,17.23,3.24,0.0
20230801:1111,328.0,301.0,0.0,48.82,17.27,3.72,0.0
20230801:1211,458.01,233.0,0.0,48.9,17.21,4.28,0.0
20230801:1311,516.01,175.0,0.0,46.16,16.61,4.62,0.0
20230801:1411,239.0,279.0,0.0,41.15,16.39,4.62,0.0
20230801:1511,388.0,139.0,0.0,34.6,16.66,4.69,0.0
20230801:1611,226.0,155.0,0.0,27.2,16.42,4.62,0.0
20230801:1711,130.0,123.0,0.0,19.47,15.72,4.41,0.0
20230801:1811,29.0,84.0,0.0,11.82,15.51,3.93,0.0
20230801:1911,4.0,25.03,0.0,4.62,14.98,4.14,0.0
20230801:2011,0.0,0.0,0.0,0.0,14.34,3.93,0.0
20230801:2111,0.0,0.0,0.0,0.0,13.95,3.52,0.0
20230801:2211,0.0,0.0,0.0,0.0,13.58,3.1,0.0
20230801:2311,0.0,0.0,0.0,0.0,13.4,2.83,0.0
20230802:0011,0.0,0.0,0.0,0.0,13.33,2.69,0.0
20230802:0111,0.0,0.0,0.0,0.0,13.32,2.76,0.0
20230802:0211,0.0,0.0,0.0,0.0,13.32,2.69,0.0
20230802:0311,0.0,0.0,0.0,0.0,13.28,2.48,0.0
20230802:0411,0.0,3.0,0.0,4.0,13.17,2.34,0.0
20230802:0511,0.0,30.0,0.0,11.17,13.25,2.14,0.0
20230802:0611,1.0,100.0,0.0,18.8,13.47,2.0,0.0
20230802:0711,65.0,205.0,0.0,26.54,14.53,2.34,0.0
20230802:0811,89.0,263.0,0.0,33.97,15.12,2.55,0.0
20230802:0911,281.0,255.0,0.0,40.57,15.83,2.48,0.0
20230802:1011,237.0,317.0,0.0,45.68,16.95,2.48,0.0
20230802:1111,446.01,237.0,0.0,48.57,17.49,2.9,0.0
20230802:1211,619.01,134.0,0.0,48.65,17.73,3.24,0.0
20230802:1311,599.01,124.0,0.0,45.92,17.45,3.52,0.0
20230802:1411,500.01,135.0,0.0,40.91,17.63,3.38,0.0
20230802:1511,400.0,130.0,0.0,34.37,17.64,3.24,0.0
20230802:1611,127.0,196.0,0.0,26.98,16.69,3.38,0.0
20230802:1711,17.0,136.0,0.0,19.25,16.4,3.31,0.0
20230802:1811,13.0,78.0,0.0,11.6,16.22,3.03,0.0
20230802:1911,4.0,24.02,0.0,4.39,15.88,3.03,0.0
20230802:2011,0.0,0.0,0.0,0.0,15.44,2.9,0.0
20230802:2111,0.0,0.0,0.0,0.0,15.02,2.9,0.0
20230802:2211,0.0,0.0,0.0,0.0,14.62,3.1,0.0
20230802:2311,0.0,0.0,0.0,0.0,14.25,2.97,0.0
20230803:0011,0.0,0.0,0.0,0.0,13.93,2.62,0.0
20230803:0111,0.0,0.0,0.0,0.0,13.57,2.55,0.0
20230803:0211,0.0,0.0,0.0,0.0,13.33,2.83,0.0
20230803:0311,0.0,0.0,0.0,0.0,13.23,2.9,0.0
20230803:0411,0.0,3.0,0.0,3.78,13.18,2.9,0.0
20230803:0511,0.0,35.0,0.0,10.96,13.34,2.69,0.0
20230803:0611,2.0,104.0,0.0,18.6,14.34,2.62,0.0
20230803:0711,6.0,163.0,0.0,26.33,15.46,3.1,0.0
20230803:0811,56.0,258.0,0.0,33.75,16.38,3.59,0.0
20230803:0911,168.0,297.0,0.0,40.34,16.9,4.07,0.0
20230803:1011,297.0,287.0,0.0,45.44,17.36,4.41,0.0
20230803:1111,302.0,308.0,0.0,48.31,17.65,4.69,0.0
20230803:1211,250.0,331.0,0.0,48.39,17.73,5.1,0.0
20230803:1311,266.0,304.0,0.0,45.67,17.52,5.38,0.0
20230803:1411,224.0,280.0,0.0,40.67,17.4,5.31,0.0
20230803:1511,38.0,254.0,0.0,34.14,17.12,5.52,0.0
20230803:1611,36.0,201.0,0.0,26.75,16.8,5.59,0.0
20230803:1711,31.0,142.0,0.0,19.02,16.46,5.52,0.0
20230803:1811,6.0,71.0,0.0,11.37,16.02,5.52,0.0
20230803:1911,0.0,6.0,0.0,4.16,15.34,5.86,0.0
20230803:2011,0.0,0.0,0.0,0.0,14.64,5.86,0.0
20230803:2111,0.0,0.0,0.0,0.0,14.25,5.93,0.0
20230803:2211,0.0,0.0,0.0,0.0,14.02,6.0,0.0
20230803:2311,0.0,0.0,0.0,0.0,13.95,6.34,0.0
20230804:0011,0.0,0.0,0.0,0.0,13.81,6.55,0.0
20230804:0111,0.0,0.0,0.0,0.0,13.59,6.76,0.0
20230804:0211,0.0,0.0,0.0,0.0,13.44,6.62,0.0
20230804:0311,0.0,0.0,0.0,0.0,13.38,6.83,0.0
20230804:0411,0.0,3.0,0.0,3.56,13.27,6.9,0.0
20230804:0511,0.0,20.0,0.0,10.74,13.32,6.97,0.0
20230804:0611,14.0,128.0,0.0,18.39,13.47,7.59,0.0
20230804:0711,2.0,143.0,0.0,26.12,13.76,7.72,0.0
20230804:0811,2.0,186.0,0.0,33.53,14.09,8.0,0.0
20230804:0911,3.0,229.0,0.0,40.11,14.56,8.21,0.0
20230804:1011,0.0,156.0,0.0,45.2,14.84,8.34,0.0
20230804:1111,0.0,197.0,0.0,48.05,14.95,8.55,0.0
20230804:1211,61.0,358.0,0.0,48.13,14.77,8.48,0.0
20230804:1311,11.0,289.0,0.0,45.41,14.66,8.48,0.0
20230804:1411,2.0,218.0,0.0,40.42,14.59,8.55,0.0
20230804:1511,0.0,167.0,0.0,33.9,14.41,8.14,0.0
20230804:1611,5.0,163.0,0.0,26.52,14.11,7.45,0.0
20230804:1711,0.0,53.0,0.0,18.79,13.67,7.1,0.0
20230804:1811,1.0,54.0,0.0,11.14,13.12,6.76,0.0
20230804:1911,0.0,5.0,0.0,3.92,12.92,6.41,0.0
20230804:2011,0.0,0.0,0.0,0.0,12.52,6.07,0.0
20230804:2111,0.0,0.0,0.0,0.0,12.21,5.79,0.0
20230804:2211,0.0,0.0,0.0,0.0,11.96,5.59,0.0
20230804:2311,0.0,0.0,0.0,0.0,11.79,5.24,0.0
20230805:0011,0.0,0.0,0.0,0.0,11.64,5.1,0.0
20230805:0111,0.0,0.0,0.0,0.0,11.42,4.97,0.0
20230805:0211,0.0,0.0,0.0,0.0,11.44,4.97,0.0
20230805:0311,0.0,0.0,0.0,0.0,11.29,4.9,0.0
20230805:0411,0.0,3.0,0.0,3.33,11.19,4.83,0.0
20230805:0511,19.0,73.0,0.0,10.53,11.22,4.69,0.0
20230805:0611,18.0,131.0,0.0,18.17,11.5,5.03,0.0
20230805:0711,24.0,190.0,0.0,25.91,12.44,4.97,0.0
20230805:0811,37.0,252.0,0.0,33.31,12.68,4.9,0.0
20230805:0911,60.0,306.0,0.0,39.88,12.85,4.97,0.0
20230805:1011,1.0,235.0,0.0,44.95,13.26,4.97,0.0
20230805:1111,13.0,306.0,0.0,47.79,13.62,4.97,0.0
20230805:1211,2.0,257.0,0.0,47.86,13.56,5.03,0.0
20230805:1311,11.0,288.0,0.0,45.15,13.49,5.17,0.0
20230805:1411,2.0,225.0,0.0,40.17,13.65,5.31,0.0
20230805:1511,32.0,250.0,0.0,33.66,13.54,5.1,0.0
20230805:1611,24.0,194.0,0.0,26.28,13.45,4.62,0.0
20230805:1711,30.0,140.0,0.0,18.56,13.23,4.55,0.0
20230805:1811,25.0,77.0,0.0,10.9,12.94,4.41,0.0
20230805:1911,4.0,19.06,0.0,3.67,12.53,3.86,0.0
20230805:2011,0.0,0.0,0.0,0.0,12.04,3.59,0.0
20230805:2111,0.0,0.0,0.0,0.0,11.67,3.45,0.0
20230805:2211,0.0,0.0,0.0,0.0,11.5,3.45,0.0
20230805:2311,0.0,0.0,0.0,0.0,11.41,3.45,0.0
20230806:0011,0.0,0.0,0.0,0.0,11.41,3.24,0.0
20230806:0111,0.0,0.0,0.0,0.0,11.34,3.03,0.0
20230806:0211,0.0,0.0,0.0,0.0,11.14,3.24,0.0
20230806:0311,0.0,0.0,0.0,0.0,10.83,3.24,0.0
20230806:0411,0.0,2.0,0.0,3.11,10.66,2.83,0.0
20230806:0511,0.0,45.0,0.0,10.31,10.83,2.48,0.0
20230806:0611,23.0,131.0,0.0,17.96,11.47,2.62,0.0
20230806:0711,294.0,102.0,0.0,25.69,12.73,2.07,0.0
20230806:0811,74.0,258.0,0.0,33.09,13.79,2.21,0.0
20230806:0911,243.0,267.0,0.0,39.64,14.95,2.28,0.0
20230806:1011,264.0,301.0,0.0,44.69,15.97,2.21,0.0
20230806:1111,183.0,351.0,0.0,47.52,16.77,2.48,0.0
20230806:1211,250.0,329.0,0.0,47.59,16.88,3.03,0.0
20230806:1311,73.0,342.0,0.0,44.88,16.77,3.24,0.0
20230806:1411,174.0,296.0,0.0,39.91,16.39,3.93,0.0
20230806:1511,68.0,261.0,0.0,33.41,16.19,4.34,0.0
20230806:1611,5.0,162.0,0.0,26.04,15.84,4.41,0.0
20230806:1711,1.0,97.0,0.0,18.31,15.41,4.48,0.0
20230806:1811,1.0,51.0,0.0,10.65,15.03,4.34,0.0
20230806:1911,1.0,15.8,0.0,3.42,14.53,4.34,0.0
20230806:2011,0.0,0.0,0.0,0.0,13.96,4.48,0.0
20230806:2111,0.0,0.0,0.0,0.0,13.51,4.76,0.0
20230806:2211,0.0,0.0,0.0,0.0,13.27,5.1,0.0
20230806:2311,0.0,0.0,0.0,0.0,13.1,5.17,0.0
20230807:0011,0.0,0.0,0.0,0.0,12.99,5.31,0.0
20230807:0111,0.0,0.0,0.0,0.0,12.98,5.52,0.0
20230807:0211,0.0,0.0,0.0,0.0,13.06,6.0,0.0
20230807:0311,0.0,0.0,0.0,0.0,13.03,6.41,0.0
20230807:0411,0.0,2.0,0.0,2.88,13.03,6.28,0.0
20230807:0511,1.0,47.0,0.0,10.09,13.09,6.9,0.0
20230807:0611,0.0,27.0,0.0,17.74,13.22,7.1,0.0
20230807:0711,0.0,57.0,0.0,25.47,13.68,7.79,0.0
20230807:0811,0.0,82.0,0.0,32.86,14.13,8.21,0.0
20230807:0911,0.0,126.0,0.0,39.4,14.28,8.34,0.0
20230807:1011,0.0,189.0,0.0,44.44,14.48,8.41,0.0
20230807:1111,0.0,192.0,0.0,47.25,14.73,7.79,0.0
20230807:1211,0.0,158.0,0.0,47.31,14.71,7.79,0.0
20230807:1311,0.0,183.0,0.0,44.61,14.64,8.76,0.0
20230807:1411,5.0,232.0,0.0,39.65,14.31,9.45,0.0
20230807:1511,0.0,164.0,0.0,33.16,13.65,10.21,0.0
20230807:1611,0.0,85.0,0.0,25.79,13.05,10.41,0.0
20230807:1711,0.0,77.0,0.0,18.07,12.72,10.14,0.0
20230807:1811,0.0,28.0,0.0,10.4,12.46,10.14,0.0
20230807:1911,0.0,3.0,0.0,3.17,12.1,10.55,0.0
20230807:2011,0.0,0.0,0.0,0.0,11.75,10.9,0.0
20230807:2111,0.0,0.0,0.0,0.0,11.38,11.38,0.0
20230807:2211,0.0,0.0,0.0,0.0,11.05,11.72,0.0
20230807:2311,0.0,0.0,0.0,0.0,11.05,11.59,0.0
20230808:0011,0.0,0.0,0.0,0.0,11.05,12.28,0.0
20230808:0111,0.0,0.0,0.0,0.0,10.8,12.55,0.0
20230808:0211,0.0,0.0,0.0,0.0,9.99,12.28,0.0
20230808:0311,0.0,0.0,0.0,0.0,9.88,11.79,0.0
20230808:0411,0.0,2.0,0.0,2.65,9.75,11.72,0.0
20230808:0511,0.0,18.0,0.0,9.86,9.65,12.14,0.0
20230808:0611,0.0,27.0,0.0,17.52,10.06,12.41,0.0
20230808:0711,0.0,93.0,0.0,25.25,10.34,11.66,0.0
20230808:0811,0.0,139.0,0.0,32.63,10.44,11.79,0.0
20230808:0911,0.0,155.0,0.0,39.16,10.5,11.79,0.0
20230808:1011,0.0,189.0,0.0,44.18,10.61,11.86,0.0
20230808:1111,2.0,253.0,0.0,46.98,10.5,11.93,0.0
20230808:1211,2.0,245.0,0.0,47.03,10.59,12.21,0.0
20230808:1311,1.0,222.0,0.0,44.33,10.42,12.0,0.0
20230808:1411,0.0,96.0,0.0,39.38,9.79,11.93,0.0
20230808:1511,0.0,101.0,0.0,32.9,10.26,11.66,0.0
20230808:1611,1.0,133.0,0.0,25.54,9.74,11.93,0.0
20230808:1711,2.0,96.0,0.0,17.82,9.76,11.52,0.0
20230808:1811,0.0,21.0,0.0,10.15,9.73,11.52,0.0
20230808:1911,0.0,2.0,0.0,2.91,9.79,10.9,0.0
20230808:2011,0.0,0.0,0.0,0.0,10.1,11.03,0.0
20230808:2111,0.0,0.0,0.0,0.0,10.36,10.41,0.0
20230808:2211,0.0,0.0,0.0,0.0,10.41,10.41,0.0
20230808:2311,0.0,0.0,0.0,0.0,10.4,10.21,0.0
20230809:0011,0.0,0.0,0.0,0.0,10.28,10.14,0.0
20230809:0111,0.0,0.0,0.0,0.0,10.58,9.31,0.0
20230809:0211,0.0,0.0,0.0,0.0,10.63,10.07,0.0
20230809:0311,0.0,0.0,0.0,0.0,10.41,9.93,0.0
20230809:0411,0.0,7.0,0.0,2.41,10.55,9.59,0.0
20230809:0511,60.0,55.0,0.0,9.64,10.34,9.79,0.0
20230809:0611,5.0,107.0,0.0,17.3,10.53,9.1,0.0
20230809:0711,6.0,158.0,0.0,25.02,10.4,9.1,0.0
20230809:0811,24.0,233.0,0.0,32.4,10.54,8.48,0.0
20230809:0911,0.0,167.0,0.0,38.91,10.74,8.14,0.0
20230809:1011,0.0,144.0,0.0,43.91,10.47,8.62,0.0
20230809:1111,2.0,248.0,0.0,46.7,10.73,7.79,0.0
20230809:1211,7.0,279.0,0.0,46.74,10.87,7.45,0.0
20230809:1311,4.0,252.0,0.0,44.04,10.9,7.03,0.0
20230809:1411,10.0,252.0,0.0,39.1,10.75,7.24,0.0
20230809:1511,70.0,253.0,0.0,32.63,10.85,7.1,0.0
20230809:1611,48.0,194.0,0.0,25.28,10.37,6.9,0.0
20230809:1711,31.0,130.0,0.0,17.56,10.46,6.69,0.0
20230809:1811,0.0,42.0,0.0,9.89,10.39,6.62,0.0
20230809:1911,0.0,3.0,0.0,2.64,10.17,6.62,0.0
20230809:2011,0.0,0.0,0.0,0.0,10.26,6.41,0.0
20230809:2111,0.0,0.0,0.0,0.0,10.31,6.41,0.0
20230809:2211,0.0,0.0,0.0,0.0,10.27,6.48,0.0
20230809:2311,0.0,0.0,0.0,0.0,10.41,6.14,0.0
20230810:0011,0.0,0.0,0.0,0.0,10.39,5.93,0.0
20230810:0111,0.0,0.0,0.0,0.0,10.38,5.86,0.0
20230810:0211,0.0,0.0,0.0,0.0,10.4,5.79,0.0
20230810:0311,0.0,0.0,0.0,0.0,10.47,5.86,0.0
20230810:0411,0.0,1.0,0.0,2.17,10.23,5.79,0.0
20230810:0511,0.0,33.0,0.0,9.41,10.27,5.86,0.0
20230810:0611,3.0,100.0,0.0,17.07,10.77,5.86,0.0
20230810:0711,33.0,186.0,0.0,24.8,10.49,5.59,0.0
20230810:0811,271.0,183.0,0.0,32.16,10.73,5.86,0.0
20230810:0911,32.0,281.0,0.0,38.66,11.1,6.0,0.0
20230810:1011,228.0,306.0,0.0,43.64,11.52,5.93,0.0
20230810:1111,64.0,349.0,0.0,46.41,11.69,5.79,0.0
20230810:1211,132.0,354.0,0.0,46.45,11.81,5.79,0.0
20230810:1311,191.0,321.0,0.0,43.76,11.98,5.66,0.0
20230810:1411,159.0,291.0,0.0,38.83,12.03,5.59,0.0
20230810:1511,302.0,169.0,0.0,32.36,12.19,5.31,0.0
20230810:1611,92.0,190.0,0.0,25.02,12.15,5.1,0.0
20230810:1711,168.0,82.0,0.0,17.3,12.02,4.9,0.0
20230810:1811,65.0,55.0,0.0,9.62,11.79,4.69,0.0
20230810:1911,1.0,11.78,0.0,2.37,11.33,4.0,0.0
20230810:2011,0.0,0.0,0.0,0.0,11.09,3.86,0.0
20230810:2111,0.0,0.0,0.0,0.0,10.85,3.72,0.0
20230810:2211,0.0,0.0,0.0,0.0,10.53,3.52,0.0
20230810:2311,0.0,0.0,0.0,0.0,10.4,3.24,0.0
20230811:0011,0.0,0.0,0.0,0.0,10.23,2.9,0.0
20230811:0111,0.0,0.0,0.0,0.0,10.09,2.69,0.0
20230811:0211,0.0,0.0,0.0,0.0,9.93,2.48,0.0
20230811:0311,0.0,0.0,0.0,0.0,9.76,2.41,0.0
20230811:0411,0.0,2.0,0.0,1.93,9.67,2.21,0.0
20230811:0511,56.0,53.0,0.0,9.18,9.74,2.07,0.0
20230811:0611,151.0,83.0,0.0,16.85,10.38,2.48,0.0
20230811:0711,267.0,102.0,0.0,24.57,11.49,2.0,0.0
20230811:0811,407.0,102.0,0.0,31.93,13.01,0.62,0.0
20230811:0911,476.01,124.0,0.0,38.41,14.26,1.24,0.0
20230811:1011,246.0,294.0,0.0,43.37,14.69,2.41,0.0
20230811:1111,374.01,255.0,0.0,46.12,15.14,1.45,0.0
20230811:1211,269.0,307.0,0.0,46.16,16.13,1.52,0.0
20230811:1311,138.0,329.0,0.0,43.46,17.1,2.21,0.0
20230811:1411,34.0,282.0,0.0,38.54,17.53,2.97,0.0
20230811:1511,5.0,195.0,0.0,32.09,17.68,3.66,0.0
20230811:1611,42.0,189.0,0.0,24.75,17.2,4.48,0.0
20230811:1711,2.0,95.0,0.0,17.03,16.63,4.97,0.0
20230811:1811,13.0,63.0,0.0,9.35,16.25,5.86,0.0
20230811:1911,0.0,2.0,0.0,2.1,15.92,5.79,0.0
20230811:2011,0.0,0.0,0.0,0.0,15.48,5.79,0.0
20230811:2111,0.0,0.0,0.0,0.0,15.13,5.38,0.0
20230811:2211,0.0,0.0,0.0,0.0,14.63,4.76,0.0
20230811:2311,0.0,0.0,0.0,0.0,14.39,4.14,0.0
20230812:0011,0.0,0.0,0.0,0.0,14.27,3.79,0.0
20230812:0111,0.0,0.0,0.0,0.0,14.02,3.66,0.0
20230812:0211,0.0,0.0,0.0,0.0,13.78,3.52,0.0
20230812:0311,0.0,0.0,0.0,0.0,13.12,3.59,0.0
20230812:0411,0.0,1.0,0.0,1.69,12.75,3.72,0.0
20230812:0511,54.0,52.0,0.0,8.95,12.87,4.07,0.0
20230812:0611,103.0,106.0,0.0,16.62,13.27,4.34,0.0
20230812:0711,1.0,129.0,0.0,24.34,14.39,3.93,0.0
20230812:0811,1.0,162.0,0.0,31.69,15.5,4.14,0.0
20230812:0911,7.0,236.0,0.0,38.15,16.56,4.41,0.0
20230812:1011,0.0,123.0,0.0,43.1,17.29,4.55,0.0
20230812:1111,46.0,336.0,0.0,45.83,17.57,4.69,0.0
20230812:1211,1.0,231.0,0.0,45.86,17.97,5.17,0.0
20230812:1311,331.01,255.0,0.0,43.17,17.99,5.45,0.0
20230812:1411,321.0,216.0,0.0,38.25,17.48,5.86,0.0
20230812:1511,7.0,200.0,0.0,31.81,16.77,5.52,0.0
20230812:1611,198.0,142.0,0.0,24.47,16.02,4.9,0.0
20230812:1711,19.0,120.0,0.0,16.76,15.48,4.21,0.0
20230812:1811,2.0,49.0,0.0,9.08,15.3,4.0,0.0
20230812:1911,0.0,1.0,0.0,1.82,15.79,3.86,0.0
20230812:2011,0.0,0.0,0.0,0.0,15.14,3.93,0.0
20230812:2111,0.0,0.0,0.0,0.0,14.85,3.86,0.0
20230812:2211,0.0,0.0,0.0,0.0,14.8,3.86,0.0
20230812:2311,0.0,0.0,0.0,0.0,14.73,3.79,0.0
20230813:0011,0.0,0.0,0.0,0.0,14.63,4.0,0.0
20230813:0111,0.0,0.0,0.0,0.0,14.54,3.86,0.0
20230813:0211,0.0,0.0,0.0,0.0,14.4,3.93,0.0
20230813:0311,0.0,0.0,0.0,0.0,14.19,4.28,0.0
20230813:0411,0.0,1.0,0.0,1.45,14.07,4.76,0.0
20230813:0511,0.0,27.0,0.0,8.71,14.13,5.03,0.0
20230813:0611,0.0,35.0,0.0,16.39,14.41,5.24,0.0
20230813:0711,30.0,178.0,0.0,24.1,15.04,5.17,0.0
20230813:0811,3.0,181.0,0.0,31.44,14.71,5.17,0.0
20230813:0911,0.0,73.0,0.0,37.89,14.45,5.17,0.0
20230813:1011,0.0,134.0,0.0,42.82,14.59,4.97,0.0
20230813:1111,1.0,232.0,0.0,45.54,15.26,4.21,0.0
20230813:1211,5.0,262.0,0.0,45.55,16.06,4.41,0.0
20230813:1311,0.0,206.0,0.0,42.87,16.24,4.83,0.0
20230813:1411,1.0,201.0,0.0,37.96,15.94,4.97,0.0
20230813:1511,2.0,175.0,0.0,31.53,15.77,5.1,0.0
20230813:1611,0.0,87.0,0.0,24.19,15.18,4.9,0.0
20230813:1711,0.0,39.0,0.0,16.48,14.77,4.83,0.0
20230813:1811,2.0,47.0,0.0,8.8,14.46,4.9,0.0
20230813:1911,0.0,1.0,0.0,1.53,13.93,4.62,0.0
20230813:2011,0.0,0.0,0.0,0.0,13.85,4.34,0.0
20230813:2111,0.0,0.0,0.0,0.0,13.83,4.0,0.0
20230813:2211,0.0,0.0,0.0,0.0,13.75,3.93,0.0
20230813:2311,0.0,0.0,0.0,0.0,13.67,3.72,0.0
20230814:0011,0.0,0.0,0.0,0.0,13.53,3.79,0.0
20230814:0111,0.0,0.0,0.0,0.0,13.65,3.79,0.0
20230814:0211,0.0,0.0,0.0,0.0,13.62,3.93,0.0
20230814:0311,0.0,0.0,0.0,0.0,13.71,4.0,0.0
20230814:0411,0.0,0.0,0.0,0.0,13.75,4.34,0.0
20230814:0511,0.0,23.0,0.0,8.47,13.56,4.28,0.0
20230814:0611,0.0,69.0,0.0,16.15,13.74,3.93,0.0
20230814:0711,8.0,152.0,0.0,23.87,14.22,3.86,0.0
20230814:0811,32.0,230.0,0.0,31.2,14.5,4.14,0.0
20230814:0911,12.0,245.0,0.0,37.63,14.82,4.07,0.0
20230814:1011,0.0,203.0,0.0,42.54,15.31,4.07,0.0
20230814:1111,0.0,177.0,0.0,45.24,15.94,4.69,0.0
20230814:1211,7.0,270.0,0.0,45.25,15.55,4.69,0.0
20230814:1311,4.0,246.0,0.0,42.56,15.33,4.21,0.0
20230814:1411,3.0,213.0,0.0,37.66,15.15,3.79,0.0
20230814:1511,0.0,128.0,0.0,31.24,15.1,3.24,0.0
20230814:1611,0.0,109.0,0.0,23.91,14.96,2.97,0.0
20230814:1711,0.0,20.0,0.0,16.2,14.78,3.1,0.0
20230814:1811,4.0,49.0,0.0,8.52,14.67,3.59,0.0
20230814:1911,0.0,1.0,0.0,1.24,13.61,3.31,0.0
20230814:2011,0.0,0.0,0.0,0.0,13.42,3.66,0.0
20230814:2111,0.0,0.0,0.0,0.0,13.44,4.07,0.0
20230814:2211,0.0,0.0,0.0,0.0,13.58,4.34,0.0
20230814:2311,0.0,0.0,0.0,0.0,13.7,4.28,0.0
20230815:0011,0.0,0.0,0.0,0.0,14.18,4.21,0.0
20230815:0111,0.0,0.0,0.0,0.0,14.33,4.55,0.0
20230815:0211,0.0,0.0,0.0,0.0,13.93,4.69,0.0
20230815:0311,0.0,0.0,0.0,0.0,13.87,5.38,0.0
20230815:0411,0.0,0.0,0.0,0.0,13.83,6.07,0.0
20230815:0511,0.0,17.0,0.0,8.23,13.86,6.41,0.0
20230815:0611,0.0,50.0,0.0,15.92,14.54,6.41,0.0
20230815:0711,0.0,63.0,0.0,23.63,14.41,5.59,0.0
20230815:0811,8.0,195.0,0.0,30.95,15.02,5.66,0.0
20230815:0911,81.0,287.0,0.0,37.37,15.69,5.59,0.0
20230815:1011,0.0,59.0,0.0,42.25,16.06,5.45,0.0
20230815:1111,15.0,293.0,0.0,44.93,16.11,5.31,0.0
20230815:1211,236.0,309.0,0.0,44.93,16.15,5.17,0.0
20230815:1311,221.0,293.0,0.0,42.25,16.25,5.1,0.0
20230815:1411,49.0,282.0,0.0,37.36,16.15,5.45,0.0
20230815:1511,3.0,175.0,0.0,30.94,16.14,4.83,0.0
20230815:1611,45.0,180.0,0.0,23.62,16.11,4.07,0.0
20230815:1711,0.0,64.0,0.0,15.91,15.73,3.24,0.0
20230815:1811,6.0,51.0,0.0,8.23,15.25,1.72,0.0
20230815:1911,0.0,0.0,0.0,0.0,15.12,1.03,0.0
20230815:2011,0.0,0.0,0.0,0.0,14.83,1.24,0.0
20230815:2111,0.0,0.0,0.0,0.0,14.52,1.31,0.0
20230815:2211,0.0,0.0,0.0,0.0,14.18,1.17,0.0
20230815:2311,0.0,0.0,0.0,0.0,13.73,1.1,0.0
20230816:0011,0.0,0.0,0.0,0.0,13.28,1.24,0.0
20230816:0111,0.0,0.0,0.0,0.0,12.92,1.72,0.0
20230816:0211,0.0,0.0,0.0,0.0,13.21,2.48,0.0
20230816:0311,0.0,0.0,0.0,0.0,13.4,2.83,0.0
20230816:0411,0.0,0.0,0.0,0.0,13.4,2.83,0.0
20230816:0511,0.0,9.0,0.0,7.99,13.62,3.03,0.0
20230816:0611,0.0,24.0,0.0,15.68,13.72,3.93,0.0
20230816:0711,0.0,74.0,0.0,23.39,13.89,4.9,0.0
20230816:0811,1.0,166.0,0.0,30.7,14.28,5.03,0.0
20230816:0911,0.0,169.0,0.0,37.1,14.43,5.31,0.0
20230816:1011,0.0,128.0,0.0,41.96,14.59,5.45,0.0
20230816:1111,0.0,140.0,0.0,44.63,14.64,5.45,0.0
20230816:1211,0.0,147.0,0.0,44.62,14.84,5.45,0.0
20230816:1311,0.0,163.0,0.0,41.94,14.81,5.38,0.0
20230816:1411,0.0,141.0,0.0,37.05,14.81,5.31,0.0
20230816:1511,2.0,174.0,0.0,30.64,14.78,5.24,0.0
20230816:1611,3.0,134.0,0.0,23.33,14.6,5.24,0.0
20230816:1711,3.0,92.0,0.0,15.62,14.23,4.97,0.0
20230816:1811,0.0,34.0,0.0,7.93,13.9,4.62,0.0
20230816:1911,0.0,0.0,0.0,0.0,13.31,4.76,0.0
20230816:2011,0.0,0.0,0.0,0.0,12.78,4.55,0.0
20230816:2111,0.0,0.0,0.0,0.0,12.51,4.55,0.0
20230816:2211,0.0,0.0,0.0,0.0,12.5,4.62,0.0
20230816:2311,0.0,0.0,0.0,0.0,12.4,4.55,0.0
20230817:0011,0.0,0.0,0.0,0.0,12.3,4.41,0.0
20230817:0111,0.0,0.0,0.0,0.0,12.07,4.21,0.0
20230817:0211,0.0,0.0,0.0,0.0,12.08,4.0,0.0
20230817:0311,0.0,0.0,0.0,0.0,12.01,3.86,0.0
20230817:0411,0.0,0.0,0.0,0.0,11.91,3.72,0.0
20230817:0511,0.0,30.0,0.0,7.75,11.88,3.86,0.0
20230817:0611,0.0,55.0,0.0,15.44,12.31,4.14,0.0
20230817:0711,0.0,115.0,0.0,23.14,13.9,3.17,0.0
20230817:0811,52.0,236.0,0.0,30.44,15.75,2.34,0.0
20230817:0911,203.0,259.0,0.0,36.83,16.99,1.31,0.0
20230817:1011,275.0,271.0,0.0,41.67,17.52,2.07,0.0
20230817:1111,160.0,335.0,0.0,44.32,17.66,2.14,0.0
20230817:1211,94.0,341.0,0.0,44.3,17.9,2.21,0.0
20230817:1311,16.0,279.0,0.0,41.62,17.86,2.48,0.0
20230817:1411,0.0,128.0,0.0,36.74,17.95,1.93,0.0
20230817:1511,0.0,154.0,0.0,30.34,17.83,1.52,0.0
20230817:1611,0.0,75.0,0.0,23.03,17.21,1.38,0.0
20230817:1711,0.0,70.0,0.0,15.32,16.69,1.38,0.0
20230817:1811,1.0,39.0,0.0,7.64,16.25,1.45,0.0
20230817:1911,0.0,0.0,0.0,0.0,15.43,1.45,0.0
20230817:2011,0.0,0.0,0.0,0.0,15.04,1.66,0.0
20230817:2111,0.0,0.0,0.0,0.0,14.73,1.66,0.0
20230817:2211,0.0,0.0,0.0,0.0,14.49,1.52,0.0
20230817:2311,0.0,0.0,0.0,0.0,14.31,1.38,0.0
20230818:0011,0.0,0.0,0.0,0.0,13.83,1.38,0.0
20230818:0111,0.0,0.0,0.0,0.0,13.2,1.31,0.0
20230818:0211,0.0,0.0,0.0,0.0,12.55,1.38,0.0
20230818:0311,0.0,0.0,0.0,0.0,11.88,1.45,0.0
20230818:0411,0.0,0.0,0.0,0.0,12.11,1.38,0.0
20230818:0511,31.0,47.0,0.0,7.5,12.48,1.17,0.0
20230818:0611,1.0,79.0,0.0,15.2,14.1,0.69,0.0
20230818:0711,190.0,129.0,0.0,22.9,15.89,0.69,0.0
20230818:0811,139.0,222.0,0.0,30.19,16.85,0.76,0.0
20230818:0911,41.0,274.0,0.0,36.55,17.62,0.76,0.0
20230818:1011,179.0,304.0,0.0,41.38,17.87,0.69,0.0
20230818:1111,252.0,299.0,0.0,44.0,18.53,0.83,0.0
20230818:1211,55.0,330.0,0.0,43.97,18.7,1.03,0.0
20230818:1311,183.0,303.0,0.0,41.29,18.87,1.1,0.0
20230818:1411,0.0,130.0,0.0,36.43,19.03,1.31,0.0
20230818:1511,279.0,157.0,0.0,30.03,19.2,1.31,0.0
20230818:1611,78.0,173.0,0.0,22.73,18.94,0.9,0.0
20230818:1711,62.0,107.0,0.0,15.02,18.76,0.9,0.0
20230818:1811,28.0,48.0,0.0,7.33,18.36,1.03,0.0
20230818:1911,0.0,0.0,0.0,0.0,17.99,1.93,0.0
20230818:2011,0.0,0.0,0.0,0.0,17.34,2.48,0.0
20230818:2111,0.0,0.0,0.0,0.0,16.8,2.62,0.0
20230818:2211,0.0,0.0,0.0,0.0,16.46,2.97,0.0
20230818:2311,0.0,0.0,0.0,0.0,16.14,3.38,0.0
20230819:0011,0.0,0.0,0.0,0.0,15.95,3.93,0.0
20230819:0111,0.0,0.0,0.0,0.0,15.79,4.21,0.0
20230819:0211,0.0,0.0,0.0,0.0,15.77,4.41,0.0
20230819:0311,0.0,0.0,0.0,0.0,15.98,5.03,0.0
20230819:0411,0.0,0.0,0.0,0.0,16.28,5.45,0.0
20230819:0511,0.0,26.0,0.0,7.26,16.63,5.72,0.0
20230819:0611,4.0,89.0,0.0,14.95,17.1,5.93,0.0
20230819:0711,30.0,166.0,0.0,22.65,18.22,6.62,0.0
20230819:0811,12.0,197.0,0.0,29.93,18.76,7.72,0.0
20230819:0911,4.0,210.0,0.0,36.28,19.12,8.07,0.0
20230819:1011,17.0,274.0,0.0,41.08,19.22,8.41,0.0
20230819:1111,0.0,203.0,0.0,43.69,19.26,8.34,0.0
20230819:1211,0.0,170.0,0.0,43.65,18.95,8.28,0.0
20230819:1311,0.0,119.0,0.0,40.97,18.4,8.41,0.0
20230819:1411,0.0,144.0,0.0,36.11,17.71,8.62,0.0
20230819:1511,0.0,65.0,0.0,29.72,17.25,8.55,0.0
20230819:1611,0.0,91.0,0.0,22.42,17.26,8.76,0.0
20230819:1711,0.0,50.0,0.0,14.72,17.34,8.55,0.0
20230819:1811,9.0,45.0,0.0,7.03,17.4,7.93,0.0
20230819:1911,0.0,0.0,0.0,0.0,17.74,7.1,0.0
20230819:2011,0.0,0.0,0.0,0.0,17.74,6.41,0.0
20230819:2111,0.0,0.0,0.0,0.0,17.54,5.66,0.0
20230819:2211,0.0,0.0,0.0,0.0,17.33,4.83,0.0
20230819:2311,0.0,0.0,0.0,0.0,17.08,3.93,0.0
20230820:0011,0.0,0.0,0.0,0.0,16.63,3.38,0.0
20230820:0111,0.0,0.0,0.0,0.0,16.08,3.03,0.0
20230820:0211,0.0,0.0,0.0,0.0,15.74,2.55,0.0
20230820:0311,0.0,0.0,0.0,0.0,15.42,2.34,0.0
20230820:0411,0.0,0.0,0.0,0.0,15.21,2.48,0.0
20230820:0511,17.0,45.0,0.0,7.01,14.93,2.69,0.0
20230820:0611,22.0,105.0,0.0,14.71,14.92,2.97,0.0
20230820:0711,0.0,98.0,0.0,22.4,15.45,2.76,0.0
20230820:0811,85.0,230.0,0.0,29.67,15.8,2.97,0.0
20230820:0911,56.0,277.0,0.0,36.0,16.78,3.1,0.0
20230820:1011,489.01,142.0,0.0,40.78,17.65,3.45,0.0
20230820:1111,558.01,126.0,0.0,43.37,18.19,3.59,0.0
20230820:1211,304.01,270.0,0.0,43.32,18.27,3.93,0.0
20230820:1311,488.01,141.0,0.0,40.64,18.13,3.93,0.0
20230820:1411,382.01,157.0,0.0,35.78,17.91,3.59,0.0
20230820:1511,312.0,131.0,0.0,29.41,17.72,3.86,0.0
20230820:1611,95.0,163.0,0.0,22.11,17.29,3.79,0.0
20230820:1711,1.0,74.0,0.0,14.41,16.62,3.45,0.0
20230820:1811,0.0,20.0,0.0,6.72,15.86,3.45,0.0
20230820:1911,0.0,0.0,0.0,0.0,15.27,2.69,0.0
20230820:2011,0.0,0.0,0.0,0.0,14.82,2.62,0.0
20230820:2111,0.0,0.0,0.0,0.0,14.63,2.69,0.0
20230820:2211,0.0,0.0,0.0,0.0,14.49,3.1,0.0
20230820:2311,0.0,0.0,0.0,0.0,14.22,2.9,0.0
20230821:0011,0.0,0.0,0.0,0.0,14.48,2.34,0.0
20230821:0111,0.0,0.0,0.0,0.0,14.49,2.55,0.0
20230821:0211,0.0,0.0,0.0,0.0,14.41,2.9,0.0
20230821:0311,0.0,0.0,0.0,0.0,14.16,2.69,0.0
20230821:0411,0.0,0.0,0.0,0.0,14.2,2.62,0.0
20230821:0511,0.0,24.0,0.0,6.76,14.26,2.69,0.0
20230821:0611,63.0,101.0,0.0,14.46,14.64,3.1,0.0
20230821:0711,168.0,133.0,0.0,22.15,15.06,2.83,0.0
20230821:0811,241.0,170.0,0.0,29.41,15.62,2.76,0.0
20230821:0911,389.01,152.0,0.0,35.72,16.33,2.76,0.0
20230821:1011,459.01,158.0,0.0,40.48,16.59,2.83,0.0
20230821:1111,547.01,130.0,0.0,43.04,17.0,2.97,0.0
20230821:1211,481.01,169.0,0.0,42.98,17.14,2.9,0.0
20230821:1311,436.01,171.0,0.0,40.3,17.28,2.9,0.0
20230821:1411,343.01,177.0,0.0,35.46,17.37,3.17,0.0
20230821:1511,321.0,123.0,0.0,29.09,17.21,3.38,0.0
20230821:1611,201.0,113.0,0.0,21.8,16.91,3.45,0.0
20230821:1711,77.0,93.0,0.0,14.1,16.38,3.38,0.0
20230821:1811,13.0,42.0,0.0,6.4,15.72,3.31,0.0
20230821:1911,0.0,0.0,0.0,0.0,14.93,3.03,0.0
20230821:2011,0.0,0.0,0.0,0.0,14.5,3.17,0.0
20230821:2111,0.0,0.0,0.0,0.0,14.18,3.31,0.0
20230821:2211,0.0,0.0,0.0,0.0,13.8,3.38,0.0
20230821:2311,0.0,0.0,0.0,0.0,13.79,3.59,0.0
20230822:0011,0.0,0.0,0.0,0.0,13.73,3.79,0.0
20230822:0111,0.0,0.0,0.0,0.0,13.63,4.07,0.0
20230822:0211,0.0,0.0,0.0,0.0,13.58,4.21,0.0
20230822:0311,0.0,0.0,0.0,0.0,13.52,4.21,0.0
20230822:0411,0.0,0.0,0.0,0.0,13.64,4.41,0.0
20230822:0511,6.0,39.0,0.0,6.5,13.64,4.41,0.0
20230822:0611,0.0,66.0,0.0,14.21,13.95,4.14,0.0
20230822:0711,67.0,166.0,0.0,21.9,14.43,5.03,0.0
20230822:0811,126.0,216.0,0.0,29.14,15.08,4.62,0.0
20230822:0911,165.0,260.0,0.0,35.44,15.64,4.48,0.0
20230822:1011,31.0,290.0,0.0,40.17,16.32,4.14,0.0
20230822:1111,318.01,257.0,0.0,42.72,16.77,3.79,0.0
20230822:1211,325.01,253.0,0.0,42.64,17.12,3.66,0.0
20230822:1311,254.0,264.0,0.0,39.96,17.2,3.66,0.0
20230822:1411,84.0,274.0,0.0,35.12,17.24,3.72,0.0
20230822:1511,118.0,217.0,0.0,28.76,16.94,4.0,0.0
20230822:1611,143.0,138.0,0.0,21.48,16.44,3.93,0.0
20230822:1711,81.0,89.0,0.0,13.78,16.09,3.79,0.0
20230822:1811,11.0,39.0,0.0,6.09,15.59,3.59,0.0
20230822:1911,0.0,0.0,0.0,0.0,15.08,3.1,0.0
20230822:2011,0.0,0.0,0.0,0.0,14.97,3.03,0.0
20230822:2111,0.0,0.0,0.0,0.0,14.83,3.03,0.0
20230822:2211,0.0,0.0,0.0,0.0,14.69,3.1,0.0
20230822:2311,0.0,0.0,0.0,0.0,14.57,3.17,0.0
20230823:0011,0.0,0.0,0.0,0.0,14.39,3.17,0.0
20230823:0111,0.0,0.0,0.0,0.0,14.34,3.31,0.0
20230823:0211,0.0,0.0,0.0,0.0,14.26,3.17,0.0
20230823:0311,0.0,0.0,0.0,0.0,14.12,2.9,0.0
20230823:0411,0.0,0.0,0.0,0.0,14.03,2.97,0.0
20230823:0511,3.0,34.0,0.0,6.25,14.12,2.69,0.0
20230823:0611,1.0,70.0,0.0,13.96,14.13,2.28,0.0
20230823:0711,7.0,137.0,0.0,21.64,14.18,3.72,0.0
20230823:0811,5.0,176.0,0.0,28.88,14.28,4.07,0.0
20230823:0911,12.0,232.0,0.0,35.15,14.62,4.0,0.0
20230823:1011,8.0,249.0,0.0,39.86,14.33,3.86,0.0
20230823:1111,3.0,241.0,0.0,42.39,14.34,4.14,0.0
20230823:1211,6.0,252.0,0.0,42.3,14.41,4.28,0.0
20230823:1311,0.0,185.0,0.0,39.62,13.99,4.62,0.0
20230823:1411,3.0,204.0,0.0,34.79,14.0,4.41,0.0
20230823:1511,49.0,220.0,0.0,28.43,14.0,4.34,0.0
20230823:1611,78.0,159.0,0.0,21.16,13.83,4.14,0.0
20230823:1711,101.0,76.0,0.0,13.46,13.55,4.21,0.0
20230823:1811,4.0,34.0,0.0,5.76,13.22,4.14,0.0
20230823:1911,0.0,0.0,0.0,0.0,13.12,4.0,0.0
20230823:2011,0.0,0.0,0.0,0.0,12.95,3.66,0.0
20230823:2111,0.0,0.0,0.0,0.0,12.75,3.24,0.0
20230823:2211,0.0,0.0,0.0,0.0,12.43,2.9,0.0
20230823:2311,0.0,0.0,0.0,0.0,12.18,2.62,0.0
20230824:0011,0.0,0.0,0.0,0.0,12.0,2.55,0.0
20230824:0111,0.0,0.0,0.0,0.0,11.77,2.41,0.0
20230824:0211,0.0,0.0,0.0,0.0,11.68,2.34,0.0
20230824:0311,0.0,0.0,0.0,0.0,11.56,2.14,0.0
20230824:0411,0.0,0.0,0.0,0.0,11.51,1.93,0.0
20230824:0511,0.0,9.0,0.0,5.99,11.27,1.59,0.0
20230824:0611,0.0,60.0,0.0,13.71,11.56,1.45,0.0
20230824:0711,3.0,126.0,0.0,21.39,12.21,1.17,0.0
20230824:0811,38.0,217.0,0.0,28.61,13.02,0.97,0.0
20230824:0911,393.01,141.0,0.0,34.86,13.74,1.03,0.0
20230824:1011,465.01,145.0,0.0,39.55,14.35,1.17,0.0
20230824:1111,192.0,307.0,0.0,42.06,14.65,1.45,0.0
20230824:1211,33.0,304.0,0.0,41.96,14.39,0.83,0.0
20230824:1311,207.0,279.0,0.0,39.28,14.74,1.38,0.0
20230824:1411,46.0,263.0,0.0,34.45,14.12,1.52,0.0
20230824:1511,0.0,130.0,0.0,28.1,13.64,0.21,0.0
20230824:1611,0.0,70.0,0.0,20.83,13.84,1.31,0.0
20230824:1711,0.0,29.0,0.0,13.14,13.98,2.07,0.0
20230824:1811,0.0,11.0,0.0,5.44,14.07,2.55,0.0
20230824:1911,0.0,0.0,0.0,0.0,13.99,3.17,0.0
20230824:2011,0.0,0.0,0.0,0.0,13.61,3.52,0.0
20230824:2111,0.0,0.0,0.0,0.0,12.38,3.52,0.0
20230824:2211,0.0,0.0,0.0,0.0,12.25,3.52,0.0
20230824:2311,0.0,0.0,0.0,0.0,12.3,3.17,0.0
20230825:0011,0.0,0.0,0.0,0.0,12.23,2.76,0.0
20230825:0111,0.0,0.0,0.0,0.0,12.23,2.41,0.0
20230825:0211,0.0,0.0,0.0,0.0,13.09,2.41,0.0
20230825:0311,0.0,0.0,0.0,0.0,13.09,2.34,0.0
20230825:0411,0.0,0.0,0.0,0.0,12.97,2.48,0.0
20230825:0511,0.0,22.0,0.0,5.74,12.9,2.55,0.0
20230825:0611,7.0,86.0,0.0,13.45,13.13,2.28,0.0
20230825:0711,1.0,112.0,0.0,21.13,12.45,1.1,0.0
20230825:0811,92.0,217.0,0.0,28.33,14.08,1.1,0.0
20230825:0911,55.0,266.0,0.0,34.57,13.84,1.24,0.0
20230825:1011,8.0,244.0,0.0,39.24,14.39,1.17,0.0
20230825:1111,1.0,218.0,0.0,41.72,14.54,0.76,0.0
20230825:1211,0.0,172.0,0.0,41.61,14.49,0.62,0.0
20230825:1311,0.0,148.0,0.0,38.93,14.57,0.62,0.0
20230825:1411,0.0,112.0,0.0,34.11,14.42,0.34,0.0
20230825:1511,6.0,175.0,0.0,27.77,14.65,0.41,0.0
20230825:1611,16.0,145.0,0.0,20.5,14.58,0.55,0.0
20230825:1711,0.0,58.0,0.0,12.81,14.44,0.48,0.0
20230825:1811,0.0,8.0,0.0,5.11,14.22,0.28,0.0
20230825:1911,0.0,0.0,0.0,0.0,14.19,0.41,0.0
20230825:2011,0.0,0.0,0.0,0.0,14.33,0.28,0.0
20230825:2111,0.0,0.0,0.0,0.0,14.27,0.34,0.0
20230825:2211,0.0,0.0,0.0,0.0,14.15,0.21,0.0
20230825:2311,0.0,0.0,0.0,0.0,13.97,0.14,0.0
20230826:0011,0.0,0.0,0.0,0.0,13.83,0.0,0.0
20230826:0111,0.0,0.0,0.0,0.0,13.67,0.21,0.0
20230826:0211,0.0,0.0,0.0,0.0,12.21,0.55,0.0
20230826:0311,0.0,0.0,0.0,0.0,11.84,0.9,0.0
20230826:0411,0.0,0.0,0.0,0.0,11.74,1.17,0.0
20230826:0511,0.0,12.0,0.0,5.48,11.78,1.24,0.0
20230826:0611,0.0,57.0,0.0,13.2,12.2,1.24,0.0
20230826:0711,53.0,159.0,0.0,20.87,13.31,0.28,0.0
20230826:0811,56.0,217.0,0.0,28.06,13.61,0.62,0.0
20230826:0911,316.01,180.0,0.0,34.28,14.75,0.55,0.0
20230826:1011,123.0,300.0,0.0,38.92,15.16,0.9,0.0
20230826:1111,0.0,109.0,0.0,41.38,14.86,1.93,0.0
20230826:1211,0.0,79.0,0.0,41.26,14.58,2.34,0.0
20230826:1311,0.0,88.0,0.0,38.57,14.27,2.55,0.0
20230826:1411,0.0,129.0,0.0,33.76,14.38,2.69,0.0
20230826:1511,54.0,214.0,0.0,27.43,14.44,2.83,0.0
20230826:1611,37.0,154.0,0.0,20.17,14.21,2.69,0.0
20230826:1711,43.0,89.0,0.0,12.48,13.91,2.83,0.0
20230826:1811,8.0,26.92,0.0,4.77,13.63,2.41,0.0
20230826:1911,0.0,0.0,0.0,0.0,13.6,2.14,0.0
20230826:2011,0.0,0.0,0.0,0.0,13.25,1.86,0.0
20230826:2111,0.0,0.0,0.0,0.0,13.15,1.72,0.0
20230826:2211,0.0,0.0,0.0,0.0,13.17,1.79,0.0
20230826:2311,0.0,0.0,0.0,0.0,13.06,1.86,0.0
20230827:0011,0.0,0.0,0.0,0.0,12.88,1.86,0.0
20230827:0111,0.0,0.0,0.0,0.0,12.74,1.52,0.0
20230827:0211,0.0,0.0,0.0,0.0,12.62,1.52,0.0
20230827:0311,0.0,0.0,0.0,0.0,12.53,1.66,0.0
20230827:0411,0.0,0.0,0.0,0.0,12.29,1.79,0.0
20230827:0511,0.0,33.0,0.0,5.22,12.23,2.0,0.0
20230827:0611,15.0,91.0,0.0,12.94,12.55,2.0,0.0
20230827:0711,110.0,145.0,0.0,20.6,13.04,2.28,0.0
20230827:0811,64.0,217.0,0.0,27.79,13.6,2.34,0.0
20230827:0911,148.0,256.0,0.0,33.98,13.98,2.14,0.0
20230827:1011,216.0,272.0,0.0,38.6,14.38,2.28,0.0
20230827:1111,215.0,293.0,0.0,41.04,14.75,2.69,0.0
20230827:1211,283.01,263.0,0.0,40.91,14.9,2.97,0.0
20230827:1311,101.0,300.0,0.0,38.22,14.98,3.24,0.0
20230827:1411,142.0,253.0,0.0,33.41,14.86,3.24,0.0
20230827:1511,60.0,213.0,0.0,27.09,14.65,3.03,0.0
20230827:1611,44.0,152.0,0.0,19.83,14.38,2.69,0.0
20230827:1711,88.0,70.0,0.0,12.14,13.99,2.28,0.0
20230827:1811,13.0,24.49,0.0,4.44,13.57,1.86,0.0
20230827:1911,0.0,0.0,0.0,0.0,13.11,1.31,0.0
20230827:2011,0.0,0.0,0.0,0.0,12.6,1.31,0.0
20230827:2111,0.0,0.0,0.0,0.0,12.27,1.59,0.0
20230827:2211,0.0,0.0,0.0,0.0,12.09,1.93,0.0
20230827:2311,0.0,0.0,0.0,0.0,11.93,2.07,0.0
20230828:0011,0.0,0.0,0.0,0.0,11.35,1.86,0.0
20230828:0111,0.0,0.0,0.0,0.0,11.09,1.52,0.0
20230828:0211,0.0,0.0,0.0,0.0,10.94,1.38,0.0
20230828:0311,0.0,0.0,0.0,0.0,10.86,1.59,0.0
20230828:0411,0.0,0.0,0.0,0.0,11.02,1.72,0.0
20230828:0511,0.0,6.0,0.0,4.96,11.08,1.72,0.0
20230828:0611,9.0,84.0,0.0,12.68,11.39,1.93,0.0
20230828:0711,21.0,148.0,0.0,20.34,12.49,3.1,0.0
20230828:0811,0.0,136.0,0.0,27.51,13.06,3.52,0.0
20230828:0911,1.0,174.0,0.0,33.69,13.22,3.86,0.0
20230828:1011,8.0,241.0,0.0,38.28,13.57,4.07,0.0
20230828:1111,9.0,259.0,0.0,40.7,13.96,3.93,0.0
20230828:1211,43.0,304.0,0.0,40.55,14.2,3.86,0.0
20230828:1311,106.0,296.0,0.0,37.86,14.35,3.86,0.0
20230828:1411,42.0,253.0,0.0,33.06,14.21,3.93,0.0
20230828:1511,9.0,178.0,0.0,26.74,14.06,4.0,0.0
20230828:1611,41.0,149.0,0.0,19.49,13.81,4.0,0.0
20230828:1711,10.0,81.0,0.0,11.81,13.35,3.59,0.0
20230828:1811,0.0,16.0,0.0,4.1,12.85,3.24,0.0
20230828:1911,0.0,0.0,0.0,0.0,12.7,3.17,0.0
20230828:2011,0.0,0.0,0.0,0.0,12.47,2.41,0.0
20230828:2111,0.0,0.0,0.0,0.0,12.23,1.72,0.0
20230828:2211,0.0,0.0,0.0,0.0,12.17,1.52,0.0
20230828:2311,0.0,0.0,0.0,0.0,12.0,1.45,0.0
20230829:0011,0.0,0.0,0.0,0.0,11.53,1.24,0.0
20230829:0111,0.0,0.0,0.0,0.0,10.98,1.03,0.0
20230829:0211,0.0,0.0,0.0,0.0,11.2,1.17,0.0
20230829:0311,0.0,0.0,0.0,0.0,10.9,1.1,0.0
20230829:0411,0.0,0.0,0.0,0.0,11.03,0.76,0.0
20230829:0511,0.0,10.0,0.0,4.69,11.37,0.62,0.0
20230829:0611,0.0,27.0,0.0,12.42,11.27,0.97,0.0
20230829:0711,102.0,142.0,0.0,20.07,12.27,2.28,0.0
20230829:0811,32.0,205.0,0.0,27.23,12.69,2.9,0.0
20230829:0911,57.0,260.0,0.0,33.39,13.45,3.1,0.0
20230829:1011,88.0,298.0,0.0,37.96,13.89,3.17,0.0
20230829:1111,104.0,316.0,0.0,40.35,14.28,3.24,0.0
20230829:1211,1.0,216.0,0.0,40.19,14.7,3.45,0.0
20230829:1311,39.0,283.0,0.0,37.5,14.49,3.86,0.0
20230829:1411,2.0,180.0,0.0,32.7,14.54,4.41,0.0
20230829:1511,92.0,205.0,0.0,26.39,14.18,4.62,0.0
20230829:1611,171.0,103.0,0.0,19.15,14.15,4.62,0.0
20230829:1711,98.0,59.0,0.0,11.46,13.89,4.28,0.0
20230829:1811,7.0,21.17,0.0,3.76,13.5,4.21,0.0
20230829:1911,0.0,0.0,0.0,0.0,13.18,3.93,0.0
20230829:2011,0.0,0.0,0.0,0.0,12.74,3.86,0.0
20230829:2111,0.0,0.0,0.0,0.0,12.34,4.07,0.0
20230829:2211,0.0,0.0,0.0,0.0,12.15,4.28,0.0
20230829:2311,0.0,0.0,0.0,0.0,11.79,4.48,0.0
20230830:0011,0.0,0.0,0.0,0.0,11.77,4.48,0.0
20230830:0111,0.0,0.0,0.0,0.0,11.65,4.21,0.0
20230830:0211,0.0,0.0,0.0,0.0,11.54,3.72,0.0
20230830:0311,0.0,0.0,0.0,0.0,11.55,3.59,0.0
20230830:0411,0.0,0.0,0.0,0.0,11.57,3.52,0.0
20230830:0511,0.0,7.0,0.0,4.43,11.61,3.66,0.0
20230830:0611,25.0,87.0,0.0,12.16,11.93,4.0,0.0
20230830:0711,103.0,139.0,0.0,19.81,12.8,3.52,0.0
20230830:0811,239.0,147.0,0.0,26.95,13.63,3.38,0.0
20230830:0911,282.01,188.0,0.0,33.08,14.39,2.83,0.0
20230830:1011,8.0,240.0,0.0,37.63,14.65,2.07,0.0
20230830:1111,10.0,257.0,0.0,40.0,15.09,1.38,0.0
20230830:1211,1.0,200.0,0.0,39.83,15.43,0.55,0.0
20230830:1311,0.0,95.0,0.0,37.14,15.36,0.41,0.0
20230830:1411,2.0,180.0,0.0,32.34,14.99,0.76,0.0
20230830:1511,1.0,141.0,0.0,26.04,14.35,1.17,0.0
20230830:1611,2.0,109.0,0.0,18.8,13.83,1.93,0.0
20230830:1711,0.0,13.0,0.0,11.12,13.29,2.07,0.0
20230830:1811,0.0,3.0,0.0,3.41,13.14,2.0,0.0
20230830:1911,0.0,0.0,0.0,0.0,12.87,1.52,0.0
20230830:2011,0.0,0.0,0.0,0.0,12.28,1.52,0.0
20230830:2111,0.0,0.0,0.0,0.0,12.07,1.59,0.0
20230830:2211,0.0,0.0,0.0,0.0,11.72,1.79,0.0
20230830:2311,0.0,0.0,0.0,0.0,11.25,2.0,0.0
20230831:0011,0.0,0.0,0.0,0.0,11.1,2.0,0.0
20230831:0111,0.0,0.0,0.0,0.0,10.91,1.93,0.0
20230831:0211,0.0,0.0,0.0,0.0,10.61,2.0,0.0
20230831:0311,0.0,0.0,0.0,0.0,10.39,1.86,0.0
20230831:0411,0.0,0.0,0.0,0.0,10.16,1.93,0.0
20230831:0511,0.0,11.0,0.0,4.16,10.1,1.93,0.0
20230831:0611,27.0,85.0,0.0,11.89,11.51,1.72,0.0
20230831:0711,25.0,144.0,0.0,19.54,12.68,1.72,0.0
20230831:0811,259.0,134.0,0.0,26.67,14.18,1.24,0.0
20230831:0911,346.01,150.0,0.0,32.78,15.46,0.48,0.0
20230831:1011,463.01,126.0,0.0,37.3,16.28,0.48,0.0
20230831:1111,386.01,196.0,0.0,39.65,16.54,1.24,0.0
20230831:1211,50.0,300.0,0.0,39.46,16.68,1.86,0.0
20230831:1311,14.0,248.0,0.0,36.77,16.38,2.28,0.0
20230831:1411,114.0,247.0,0.0,31.98,16.28,2.55,0.0
20230831:1511,96.0,197.0,0.0,25.69,15.99,2.62,0.0
20230831:1611,178.0,91.0,0.0,18.45,15.75,2.48,0.0
20230831:1711,22.0,77.0,0.0,10.77,15.42,2.55,0.0
20230831:1811,0.0,6.0,0.0,3.06,14.93,2.69,0.0
20230831:1911,0.0,0.0,0.0,0.0,14.71,2.48,0.0
20230831:2011,0.0,0.0,0.0,0.0,14.3,2.41,0.0
20230831:2111,0.0,0.0,0.0,0.0,13.96,2.34,0.0
20230831:2211,0.0,0.0,0.0,0.0,13.67,2.48,0.0
20230831:2311,0.0,0.0,0.0,0.0,13.39,2.62,0.0
20230901:0011,0.0,0.0,0.0,0.0,13.11,2.62,0.0
20230901:0111,0.0,0.0,0.0,0.0,12.83,2.55,0.0
20230901:0211,0.0,0.0,0.0,0.0,12.44,2.48,0.0
20230901:0311,0.0,0.0,0.0,0.0,11.69,2.34,0.0
20230901:0411,0.0,0.0,0.0,0.0,11.07,2.21,0.0
20230901:0511,0.0,23.0,0.0,3.9,10.91,2.14,0.0
20230901:0611,54.0,79.0,0.0,11.63,11.31,2.07,0.0
20230901:0711,88.0,140.0,0.0,19.27,12.13,2.28,0.0
20230901:0811,265.0,130.0,0.0,26.38,13.59,2.9,0.0
20230901:0911,257.01,198.0,0.0,32.47,14.7,3.38,0.0
20230901:1011,488.01,115.0,0.0,36.97,15.61,3.79,0.0
20230901:1111,503.01,128.0,0.0,39.3,16.21,4.14,0.0
20230901:1211,529.01,113.0,0.0,39.1,16.67,4.48,0.0
20230901:1311,480.01,115.0,0.0,36.4,16.83,4.83,0.0
20230901:1411,411.01,106.0,0.0,31.62,16.74,5.1,0.0
20230901:1511,309.01,97.0,0.0,25.33,16.52,5.31,0.0
20230901:1611,205.0,76.0,0.0,18.1,15.99,5.31,0.0
20230901:1711,59.0,67.0,0.0,10.42,15.25,5.17,0.0
20230901:1811,1.0,12.8,0.0,2.71,14.39,5.17,0.0
20230901:1911,0.0,0.0,0.0,0.0,13.59,5.17,0.0
20230901:2011,0.0,0.0,0.0,0.0,13.05,5.17,0.0
20230901:2111,0.0,0.0,0.0,0.0,12.68,5.1,0.0
20230901:2211,0.0,0.0,0.0,0.0,12.45,4.97,0.0
20230901:2311,0.0,0.0,0.0,0.0,12.36,4.9,0.0
20230902:0011,0.0,0.0,0.0,0.0,12.3,4.97,0.0
20230902:0111,0.0,0.0,0.0,0.0,12.22,4.97,0.0
20230902:0211,0.0,0.0,0.0,0.0,12.06,4.97,0.0
20230902:0311,0.0,0.0,0.0,0.0,12.03,5.1,0.0
20230902:0411,0.0,0.0,0.0,0.0,11.89,5.03,0.0
20230902:0511,0.0,8.0,0.0,3.63,11.76,5.17,0.0
20230902:0611,35.0,81.0,0.0,11.36,11.79,5.45,0.0
20230902:0711,92.0,138.0,0.0,18.99,12.11,5.45,0.0
20230902:0811,152.0,185.0,0.0,26.09,12.48,5.45,0.0
20230902:0911,1.0,177.0,0.0,32.17,12.92,5.66,0.0
20230902:1011,8.0,237.0,0.0,36.64,13.39,5.45,0.0
20230902:1111,16.0,269.0,0.0,38.94,13.57,5.24,0.0
20230902:1211,13.0,260.0,0.0,38.73,13.82,5.03,0.0
20230902:1311,7.0,232.0,0.0,36.03,14.14,5.31,0.0
20230902:1411,0.0,132.0,0.0,31.25,13.99,5.66,0.0
20230902:1511,1.0,134.0,0.0,24.97,13.78,6.21,0.0
20230902:1611,0.0,77.0,0.0,17.75,13.23,6.07,0.0
20230902:1711,0.0,15.0,0.0,10.07,12.82,6.0,0.0
20230902:1811,1.0,10.8,0.0,2.35,12.46,5.66,0.0
20230902:1911,0.0,0.0,0.0,0.0,12.11,4.48,0.0
20230902:2011,0.0,0.0,0.0,0.0,12.0,4.0,0.0
20230902:2111,0.0,0.0,0.0,0.0,11.95,3.45,0.0
20230902:2211,0.0,0.0,0.0,0.0,12.05,3.17,0.0
20230902:2311,0.0,0.0,0.0,0.0,12.1,2.21,0.0
20230903:0011,0.0,0.0,0.0,0.0,12.05,1.72,0.0
20230903:0111,0.0,0.0,0.0,0.0,11.77,0.69,0.0
20230903:0211,0.0,0.0,0.0,0.0,11.76,1.24,0.0
20230903:0311,0.0,0.0,0.0,0.0,11.84,1.24,0.0
20230903:0411,0.0,0.0,0.0,0.0,11.97,1.93,0.0
20230903:0511,0.0,2.0,0.0,3.36,11.98,3.17,0.0
20230903:0611,0.0,12.0,0.0,11.1,11.99,3.72,0.0
20230903:0711,0.0,85.0,0.0,18.72,12.18,3.45,0.0
20230903:0811,0.0,59.0,0.0,25.81,12.75,3.72,0.0
20230903:0911,0.0,98.0,0.0,31.86,13.59,4.28,0.0
20230903:1011,0.0,113.0,0.0,36.3,14.12,4.55,0.0
20230903:1111,0.0,168.0,0.0,38.58,14.62,4.21,0.0
20230903:1211,0.0,110.0,0.0,38.35,14.99,4.0,0.0
20230903:1311,0.0,155.0,0.0,35.65,14.73,4.34,0.0
20230903:1411,2.0,172.0,0.0,30.88,15.07,3.72,0.0
20230903:1511,9.0,160.0,0.0,24.6,15.36,3.31,0.0
20230903:1611,19.0,123.0,0.0,17.39,15.18,2.55,0.0
20230903:1711,0.0,14.0,0.0,9.71,15.08,2.41,0.0
20230903:1811,0.0,2.0,0.0,2.0,14.99,2.41,0.0
20230903:1911,0.0,0.0,0.0,0.0,15.03,2.62,0.0
20230903:2011,0.0,0.0,0.0,0.0,15.08,2.41,0.0
20230903:2111,0.0,0.0,0.0,0.0,15.13,2.0,0.0
20230903:2211,0.0,0.0,0.0,0.0,15.17,1.45,0.0
20230903:2311,0.0,0.0,0.0,0.0,15.08,1.1,0.0
20230904:0011,0.0,0.0,0.0,0.0,14.63,1.17,0.0
20230904:0111,0.0,0.0,0.0,0.0,12.81,1.31,0.0
20230904:0211,0.0,0.0,0.0,0.0,12.32,1.17,0.0
20230904:0311,0.0,0.0,0.0,0.0,12.19,0.83,0.0
20230904:0411,0.0,0.0,0.0,0.0,11.89,1.1,0.0
20230904:0511,0.0,13.0,0.0,3.09,11.79,1.38,0.0
20230904:0611,35.0,75.0,0.0,10.83,12.72,1.45,0.0
20230904:0711,152.0,101.0,0.0,18.45,15.05,2.48,0.0
20230904:0811,266.01,114.0,0.0,25.52,15.54,2.83,0.0
20230904:0911,396.01,106.0,0.0,31.54,16.27,3.38,0.0
20230904:1011,454.01,117.0,0.0,35.96,17.17,4.07,0.0
20230904:1111,438.01,147.0,0.0,38.22,17.65,4.28,0.0
20230904:1211,418.01,157.0,0.0,37.98,17.61,4.55,0.0
20230904:1311,303.01,196.0,0.0,35.28,17.36,4.76,0.0
20230904:1411,339.01,126.0,0.0,30.51,17.04,4.69,0.0
20230904:1511,139.0,167.0,0.0,24.24,16.52,4.14,0.0
20230904:1611,92.0,115.0,0.0,17.03,16.17,3.31,0.0
20230904:1711,20.0,64.0,0.0,9.36,15.82,2.55,0.0
20230904:1811,0.0,2.0,0.0,1.64,15.47,2.34,0.0
20230904:1911,0.0,0.0,0.0,0.0,15.18,2.62,0.0
20230904:2011,0.0,0.0,0.0,0.0,14.84,2.48,0.0
20230904:2111,0.0,0.0,0.0,0.0,14.76,2.34,0.0
20230904:2211,0.0,0.0,0.0,0.0,14.79,2.41,0.0
20230904:2311,0.0,0.0,0.0,0.0,14.75,2.41,0.0
20230905:0011,0.0,0.0,0.0,0.0,14.62,2.07,0.0
20230905:0111,0.0,0.0,0.0,0.0,14.57,1.66,0.0
20230905:0211,0.0,0.0,0.0,0.0,14.52,1.45,0.0
20230905:0311,0.0,0.0,0.0,0.0,14.34,1.17,0.0
20230905:0411,0.0,0.0,0.0,0.0,14.11,0.83,0.0
20230905:0511,0.0,9.0,0.0,2.82,13.74,0.9,0.0
20230905:0611,0.0,42.0,0.0,10.56,14.12,0.9,0.0
20230905:0711,5.0,113.0,0.0,18.17,14.89,1.45,0.0
20230905:0811,75.0,195.0,0.0,25.22,15.23,1.59,0.0
20230905:0911,124.0,238.0,0.0,31.23,15.64,1.93,0.0
20230905:1011,175.0,261.0,0.0,35.62,15.8,2.62,0.0
20230905:1111,96.0,296.0,0.0,37.86,15.96,3.1,0.0
20230905:1211,3.0,216.0,0.0,37.6,16.14,3.17,0.0
20230905:1311,0.0,125.0,0.0,34.9,16.07,3.24,0.0
20230905:1411,0.0,104.0,0.0,30.13,16.08,3.45,0.0
20230905:1511,8.0,156.0,0.0,23.87,15.92,3.93,0.0
20230905:1611,22.0,122.0,0.0,16.67,15.61,4.21,0.0
20230905:1711,6.0,56.0,0.0,9.0,15.26,4.34,0.0
20230905:1811,0.0,1.0,0.0,1.28,14.8,4.21,0.0
20230905:1911,0.0,0.0,0.0,0.0,14.48,3.86,0.0
20230905:2011,0.0,0.0,0.0,0.0,13.65,3.79,0.0
20230905:2111,0.0,0.0,0.0,0.0,12.87,3.86,0.0
20230905:2211,0.0,0.0,0.0,0.0,12.39,3.93,0.0
20230905:2311,0.0,0.0,0.0,0.0,11.99,3.52,0.0
20230906:0011,0.0,0.0,0.0,0.0,11.61,2.83,0.0
20230906:0111,0.0,0.0,0.0,0.0,11.37,2.34,0.0
20230906:0211,0.0,0.0,0.0,0.0,11.16,2.21,0.0
20230906:0311,0.0,0.0,0.0,0.0,11.15,2.41,0.0
20230906:0411,0.0,0.0,0.0,0.0,10.9,2.48,0.0
20230906:0511,0.0,10.0,0.0,2.54,10.76,2.0,0.0
20230906:0611,69.0,60.0,0.0,10.29,11.15,1.45,0.0
20230906:0711,169.0,91.0,0.0,17.89,12.51,0.97,0.0
20230906:0811,263.01,116.0,0.0,24.93,14.48,0.97,0.0
20230906:0911,385.01,112.0,0.0,30.91,16.3,1.52,0.0
20230906:1011,446.01,123.0,0.0,35.28,17.7,1.86,0.0
20230906:1111,473.01,129.0,0.0,37.5,18.65,2.0,0.0
20230906:1211,476.01,125.0,0.0,37.23,19.23,2.28,0.0
20230906:1311,391.01,148.0,0.0,34.51,19.53,2.41,0.0
20230906:1411,284.01,158.0,0.0,29.75,19.47,2.41,0.0
20230906:1511,271.01,98.0,0.0,23.5,18.99,2.14,0.0
20230906:1611,172.0,75.0,0.0,16.3,18.46,1.66,0.0
20230906:1711,21.0,60.0,0.0,8.63,17.8,1.66,0.0
20230906:1811,0.0,0.0,0.0,0.0,17.39,2.21,0.0
20230906:1911,0.0,0.0,0.0,0.0,16.89,2.69,0.0
20230906:2011,0.0,0.0,0.0,0.0,16.2,2.83,0.0
20230906:2111,0.0,0.0,0.0,0.0,15.52,3.17,0.0
20230906:2211,0.0,0.0,0.0,0.0,15.0,3.52,0.0
20230906:2311,0.0,0.0,0.0,0.0,14.78,3.79,0.0
20230907:0011,0.0,0.0,0.0,0.0,14.76,4.07,0.0
20230907:0111,0.0,0.0,0.0,0.0,14.79,4.28,0.0
20230907:0211,0.0,0.0,0.0,0.0,15.02,4.41,0.0
20230907:0311,0.0,0.0,0.0,0.0,14.99,4.48,0.0
20230907:0411,0.0,0.0,0.0,0.0,15.05,4.48,0.0
20230907:0511,0.0,6.0,0.0,2.27,15.18,4.48,0.0
20230907:0611,57.0,60.0,0.0,10.01,15.74,4.48,0.0
20230907:0711,81.0,123.0,0.0,17.61,16.95,4.83,0.0
20230907:0811,143.0,167.0,0.0,24.64,18.15,4.69,0.0
20230907:0911,276.01,162.0,0.0,30.6,19.19,4.76,0.0
20230907:1011,333.01,174.0,0.0,34.94,20.1,4.62,0.0
20230907:1111,372.01,174.0,0.0,37.13,20.76,4.62,0.0
20230907:1211,383.01,165.0,0.0,36.85,21.14,4.69,0.0
20230907:1311,143.0,255.0,0.0,34.13,21.21,4.62,0.0
20230907:1411,249.01,165.0,0.0,29.37,21.1,4.41,0.0
20230907:1511,170.0,141.0,0.0,23.13,20.85,4.14,0.0
20230907:1611,37.0,118.0,0.0,15.93,20.46,3.86,0.0
20230907:1711,0.0,29.0,0.0,8.27,19.84,4.14,0.0
20230907:1811,0.0,0.0,0.0,0.0,19.05,4.07,0.0
20230907:1911,0.0,0.0,0.0,0.0,18.14,3.72,0.0
20230907:2011,0.0,0.0,0.0,0.0,17.68,3.86,0.0
20230907:2111,0.0,0.0,0.0,0.0,17.36,4.07,0.0
20230907:2211,0.0,0.0,0.0,0.0,17.18,4.21,0.0
20230907:2311,0.0,0.0,0.0,0.0,17.05,4.41,0.0
20230908:0011,0.0,0.0,0.0,0.0,16.93,4.48,0.0
20230908:0111,0.0,0.0,0.0,0.0,16.83,4.48,0.0
20230908:0211,0.0,0.0,0.0,0.0,16.67,4.34,0.0
20230908:0311,0.0,0.0,0.0,0.0,16.5,4.07,0.0
20230908:0411,0.0,0.0,0.0,0.0,16.26,3.79,0.0
20230908:0511,0.0,2.0,0.0,2.0,15.98,3.79,0.0
20230908:0611,0.0,25.0,0.0,9.74,16.24,3.86,0.0
20230908:0711,2.0,99.0,0.0,17.33,17.33,3.59,0.0
20230908:0811,94.0,184.0,0.0,24.34,18.6,4.14,0.0
20230908:0911,173.0,212.0,0.0,30.28,19.83,4.76,0.0
20230908:1011,411.01,129.0,0.0,34.59,20.5,4.55,0.0
20230908:1111,434.01,138.0,0.0,36.76,20.9,4.14,0.0
20230908:1211,446.01,128.0,0.0,36.46,21.18,4.0,0.0
20230908:1311,406.01,124.0,0.0,33.75,21.28,4.0,0.0
20230908:1411,336.01,115.0,0.0,28.99,21.13,3.86,0.0
20230908:1511,230.0,108.0,0.0,22.75,20.83,3.38,0.0
20230908:1611,149.0,76.0,0.0,15.56,20.38,2.83,0.0
20230908:1711,0.0,36.0,0.0,7.9,19.69,2.55,0.0
20230908:1811,0.0,0.0,0.0,0.0,18.9,2.41,0.0
20230908:1911,0.0,0.0,0.0,0.0,18.2,2.48,0.0
20230908:2011,0.0,0.0,0.0,0.0,17.75,2.28,0.0
20230908:2111,0.0,0.0,0.0,0.0,17.38,2.34,0.0
20230908:2211,0.0,0.0,0.0,0.0,17.09,2.55,0.0
20230908:2311,0.0,0.0,0.0,0.0,16.9,2.9,0.0
20230909:0011,0.0,0.0,0.0,0.0,16.89,3.31,0.0
20230909:0111,0.0,0.0,0.0,0.0,16.87,3.72,0.0
20230909:0211,0.0,0.0,0.0,0.0,16.88,3.93,0.0
20230909:0311,0.0,0.0,0.0,0.0,16.8,4.0,0.0
20230909:0411,0.0,0.0,0.0,0.0,16.74,4.0,0.0
20230909:0511,0.0,3.0,0.0,1.72,16.56,4.0,0.0
20230909:0611,1.0,44.0,0.0,9.47,16.83,4.07,0.0
20230909:0711,58.0,125.0,0.0,17.05,17.71,4.28,0.0
20230909:0811,36.0,182.0,0.0,24.04,18.72,4.83,0.0
20230909:0911,315.01,136.0,0.0,29.96,19.41,5.24,0.0
20230909:1011,73.0,268.0,0.0,34.25,19.9,5.52,0.0
20230909:1111,247.01,237.0,0.0,36.39,20.18,5.38,0.0
20230909:1211,267.01,224.0,0.0,36.08,20.32,5.52,0.0
20230909:1311,362.01,145.0,0.0,33.36,20.25,5.66,0.0
20230909:1411,192.0,188.0,0.0,28.61,19.91,5.66,0.0
20230909:1511,223.0,107.0,0.0,22.38,19.35,5.24,0.0
20230909:1611,118.0,86.0,0.0,15.19,18.67,4.76,0.0
20230909:1711,32.0,49.0,0.0,7.53,17.78,4.0,0.0
20230909:1811,0.0,0.0,0.0,0.0,16.79,3.24,0.0
20230909:1911,0.0,0.0,0.0,0.0,16.2,2.9,0.0
20230909:2011,0.0,0.0,0.0,0.0,15.92,2.55,0.0
20230909:2111,0.0,0.0,0.0,0.0,15.74,2.41,0.0
20230909:2211,0.0,0.0,0.0,0.0,15.66,2.07,0.0
20230909:2311,0.0,0.0,0.0,0.0,15.6,1.72,0.0
20230910:0011,0.0,0.0,0.0,0.0,15.5,1.66,0.0
20230910:0111,0.0,0.0,0.0,0.0,15.37,1.66,0.0
20230910:0211,0.0,0.0,0.0,0.0,15.22,1.45,0.0
20230910:0311,0.0,0.0,0.0,0.0,15.2,1.17,0.0
20230910:0411,0.0,0.0,0.0,0.0,15.22,1.45,0.0
20230910:0511,0.0,1.0,0.0,1.44,15.21,1.79,0.0
20230910:0611,51.0,55.0,0.0,9.19,15.37,1.72,0.0
20230910:0711,115.0,101.0,0.0,16.76,16.2,2.55,0.0
20230910:0811,71.0,180.0,0.0,23.74,16.61,2.69,0.0
20230910:0911,3.0,172.0,0.0,29.63,17.0,2.69,0.0
20230910:1011,0.0,119.0,0.0,33.9,17.41,2.55,0.0
20230910:1111,2.0,198.0,0.0,36.02,17.85,2.48,0.0
20230910:1211,0.0,153.0,0.0,35.7,18.23,3.03,0.0
20230910:1311,3.0,188.0,0.0,32.97,18.08,3.31,0.0
20230910:1411,0.0,114.0,0.0,28.23,17.96,3.03,0.0
20230910:1511,46.0,168.0,0.0,22.0,17.83,3.31,0.0
20230910:1611,19.0,105.0,0.0,14.82,17.33,3.52,0.0
20230910:1711,17.0,48.0,0.0,7.16,16.88,3.24,0.0
20230910:1811,0.0,0.0,0.0,0.0,16.47,2.9,0.0
20230910:1911,0.0,0.0,0.0,0.0,16.5,3.45,0.0
20230910:2011,0.0,0.0,0.0,0.0,16.36,3.52,0.0
20230910:2111,0.0,0.0,0.0,0.0,16.33,3.66,0.0
20230910:2211,0.0,0.0,0.0,0.0,16.3,3.93,0.0
20230910:2311,0.0,0.0,0.0,0.0,16.28,4.28,0.0
20230911:0011,0.0,0.0,0.0,0.0,16.35,4.76,0.0
20230911:0111,0.0,0.0,0.0,0.0,16.5,5.31,0.0
20230911:0211,0.0,0.0,0.0,0.0,16.56,5.93,0.0
20230911:0311,0.0,0.0,0.0,0.0,16.05,6.9,0.0
20230911:0411,0.0,0.0,0.0,0.0,16.25,7.66,0.0
20230911:0511,0.0,0.0,0.0,0.0,16.23,8.0,0.0
20230911:0611,8.0,57.0,0.0,8.91,16.26,7.66,0.0
20230911:0711,2.0,88.0,0.0,16.48,16.35,6.41,0.0
20230911:0811,0.0,57.0,0.0,23.44,16.7,5.79,0.0
20230911:0911,0.0,69.0,0.0,29.31,17.11,5.1,0.0
20230911:1011,0.0,84.0,0.0,33.55,17.44,5.03,0.0
20230911:1111,0.0,92.0,0.0,35.65,17.74,5.38,0.0
20230911:1211,0.0,67.0,0.0,35.31,17.98,5.59,0.0
20230911:1311,0.0,101.0,0.0,32.58,17.33,5.86,0.0
20230911:1411,0.0,52.0,0.0,27.84,17.47,5.24,0.0
20230911:1511,0.0,82.0,0.0,21.62,17.19,4.55,0.0
20230911:1611,0.0,58.0,0.0,14.45,16.49,3.93,0.0
20230911:1711,0.0,19.0,0.0,6.79,15.96,3.1,0.0
20230911:1811,0.0,0.0,0.0,0.0,15.39,3.24,0.0
20230911:1911,0.0,0.0,0.0,0.0,15.15,3.45,0.0
20230911:2011,0.0,0.0,0.0,0.0,14.77,3.93,0.0
20230911:2111,0.0,0.0,0.0,0.0,14.37,3.93,0.0
20230911:2211,0.0,0.0,0.0,0.0,14.06,3.72,0.0
20230911:2311,0.0,0.0,0.0,0.0,13.81,3.45,0.0
20230912:0011,0.0,0.0,0.0,0.0,13.48,3.31,0.0
20230912:0111,0.0,0.0,0.0,0.0,13.08,3.31,0.0
20230912:0211,0.0,0.0,0.0,0.0,12.68,3.03,0.0
20230912:0311,0.0,0.0,0.0,0.0,12.3,2.83,0.0
20230912:0411,0.0,0.0,0.0,0.0,12.07,2.55,0.0
20230912:0511,0.0,0.0,0.0,0.0,11.74,2.62,0.0
20230912:0611,0.0,25.0,0.0,8.63,11.56,2.9,0.0
20230912:0711,122.0,97.0,0.0,16.19,12.03,3.86,0.0
20230912:0811,143.0,159.0,0.0,23.14,12.21,3.93,0.0
20230912:0911,66.0,230.0,0.0,28.98,12.54,4.21,0.0
20230912:1011,200.0,234.0,0.0,33.2,13.23,4.55,0.0
20230912:1111,269.01,222.0,0.0,35.27,13.75,4.83,0.0
20230912:1211,249.01,229.0,0.0,34.92,13.96,5.1,0.0
20230912:1311,241.01,206.0,0.0,32.19,14.01,5.31,0.0
20230912:1411,25.0,205.0,0.0,27.45,13.9,5.45,0.0
20230912:1511,18.0,154.0,0.0,21.24,13.61,5.59,0.0
20230912:1611,29.0,105.0,0.0,14.07,13.22,5.59,0.0
20230912:1711,34.0,39.0,0.0,6.42,12.67,5.59,0.0
20230912:1811,0.0,0.0,0.0,0.0,12.0,5.72,0.0
20230912:1911,0.0,0.0,0.0,0.0,11.92,4.9,0.0
20230912:2011,0.0,0.0,0.0,0.0,11.48,4.9,0.0
20230912:2111,0.0,0.0,0.0,0.0,11.13,4.97,0.0
20230912:2211,0.0,0.0,0.0,0.0,10.86,5.24,0.0
20230912:2311,0.0,0.0,0.0,0.0,10.46,5.38,0.0
20230913:0011,0.0,0.0,0.0,0.0,10.14,5.52,0.0
20230913:0111,0.0,0.0,0.0,0.0,9.79,5.72,0.0
20230913:0211,0.0,0.0,0.0,0.0,9.52,5.59,0.0
20230913:0311,0.0,0.0,0.0,0.0,9.26,5.31,0.0
20230913:0411,0.0,0.0,0.0,0.0,9.03,5.03,0.0
20230913:0511,0.0,0.0,0.0,0.0,8.77,4.9,0.0
20230913:0611,63.0,46.0,0.0,8.36,8.8,4.83,0.0
20230913:0711,161.0,77.0,0.0,15.91,9.31,4.83,0.0
20230913:0811,253.01,104.0,0.0,22.83,9.99,5.24,0.0
20230913:0911,373.01,102.0,0.0,28.66,10.7,5.52,0.0
20230913:1011,412.01,124.0,0.0,32.84,11.41,5.66,0.0
20230913:1111,435.01,133.0,0.0,34.9,11.95,5.66,0.0
20230913:1211,326.01,193.0,0.0,34.53,12.36,5.59,0.0
20230913:1311,360.01,144.0,0.0,31.8,12.51,5.66,0.0
20230913:1411,271.01,143.0,0.0,27.06,12.53,5.72,0.0
20230913:1511,168.0,130.0,0.0,20.85,12.48,5.52,0.0
20230913:1611,99.0,86.0,0.0,13.69,12.28,5.17,0.0
20230913:1711,6.0,39.0,0.0,6.04,11.75,4.62,0.0
20230913:1811,0.0,0.0,0.0,0.0,10.94,4.28,0.0
20230913:1911,0.0,0.0,0.0,0.0,10.16,4.14,0.0
20230913:2011,0.0,0.0,0.0,0.0,9.92,3.59,0.0
20230913:2111,0.0,0.0,0.0,0.0,9.76,3.24,0.0
20230913:2211,0.0,0.0,0.0,0.0,9.7,2.69,0.0
20230913:2311,0.0,0.0,0.0,0.0,9.56,1.93,0.0
20230914:0011,0.0,0.0,0.0,0.0,8.99,1.03,0.0
20230914:0111,0.0,0.0,0.0,0.0,9.77,0.55,0.0
20230914:0211,0.0,0.0,0.0,0.0,8.36,0.97,0.0
20230914:0311,0.0,0.0,0.0,0.0,8.48,1.1,0.0
20230914:0411,0.0,0.0,0.0,0.0,8.83,1.66,0.0
20230914:0511,0.0,0.0,0.0,0.0,9.31,2.48,0.0
20230914:0611,1.0,38.0,0.0,8.08,9.41,3.1,0.0
20230914:0711,51.0,117.0,0.0,15.62,10.45,4.28,0.0
20230914:0811,0.0,65.0,0.0,22.53,10.93,4.69,0.0
20230914:0911,91.0,224.0,0.0,28.33,11.61,5.79,0.0
20230914:1011,0.0,99.0,0.0,32.49,12.09,6.48,0.0
20230914:1111,0.0,117.0,0.0,34.52,12.44,7.24,0.0
20230914:1211,0.0,172.0,0.0,34.14,12.83,8.14,0.0
20230914:1311,2.0,183.0,0.0,31.4,12.74,7.79,0.0
20230914:1411,21.0,196.0,0.0,26.67,12.61,7.59,0.0
20230914:1511,154.0,129.0,0.0,20.47,12.95,6.97,0.0
20230914:1611,2.0,75.0,0.0,13.31,13.22,5.59,0.0
20230914:1711,0.0,6.0,0.0,5.67,13.06,3.93,0.0
20230914:1811,0.0,0.0,0.0,0.0,12.86,3.24,0.0
20230914:1911,0.0,0.0,0.0,0.0,12.74,2.97,0.0
20230914:2011,0.0,0.0,0.0,0.0,12.59,2.97,0.0
20230914:2111,0.0,0.0,0.0,0.0,12.57,3.24,0.0
20230914:2211,0.0,0.0,0.0,0.0,12.29,3.52,0.0
20230914:2311,0.0,0.0,0.0,0.0,12.39,3.72,0.0
20230915:0011,0.0,0.0,0.0,0.0,12.41,3.93,0.0
20230915:0111,0.0,0.0,0.0,0.0,12.61,4.34,0.0
20230915:0211,0.0,0.0,0.0,0.0,12.67,4.62,0.0
20230915:0311,0.0,0.0,0.0,0.0,12.74,4.48,0.0
20230915:0411,0.0,0.0,0.0,0.0,12.75,3.72,0.0
20230915:0511,0.0,0.0,0.0,0.0,12.7,3.38,0.0
20230915:0611,2.0,40.0,0.0,7.79,12.89,3.1,0.0
20230915:0711,29.0,113.0,0.0,15.33,13.21,2.97,0.0
20230915:0811,23.0,163.0,0.0,22.22,13.56,3.31,0.0
20230915:0911,66.0,220.0,0.0,28.0,14.02,3.31,0.0
20230915:1011,1.0,163.0,0.0,32.13,14.13,3.31,0.0
20230915:1111,0.0,97.0,0.0,34.14,14.03,3.1,0.0
20230915:1211,0.0,86.0,0.0,33.75,13.73,2.9,0.0
20230915:1311,0.0,106.0,0.0,31.01,13.52,1.93,0.0
20230915:1411,0.0,69.0,0.0,26.28,12.6,0.76,0.0
20230915:1511,0.0,46.0,0.0,20.09,13.03,0.41,0.0
20230915:1611,0.0,28.0,0.0,12.93,12.49,1.79,0.0
20230915:1711,0.0,8.0,0.0,5.29,12.08,2.83,0.0
20230915:1811,0.0,0.0,0.0,0.0,11.86,3.45,0.0
20230915:1911,0.0,0.0,0.0,0.0,12.26,1.59,0.0
20230915:2011,0.0,0.0,0.0,0.0,12.27,1.93,0.0
20230915:2111,0.0,0.0,0.0,0.0,12.41,1.72,0.0
20230915:2211,0.0,0.0,0.0,0.0,12.49,1.79,0.0
20230915:2311,0.0,0.0,0.0,0.0,12.59,2.0,0.0
20230916:0011,0.0,0.0,0.0,0.0,12.59,2.14,0.0
20230916:0111,0.0,0.0,0.0,0.0,12.53,1.79,0.0
20230916:0211,0.0,0.0,0.0,0.0,12.42,2.21,0.0
20230916:0311,0.0,0.0,0.0,0.0,12.25,3.45,0.0
20230916:0411,0.0,0.0,0.0,0.0,12.35,4.21,0.0
20230916:0511,0.0,0.0,0.0,0.0,12.15,4.55,0.0
20230916:0611,0.0,8.0,0.0,7.51,11.93,4.41,0.0
20230916:0711,0.0,36.0,0.0,15.04,11.71,4.14,0.0
20230916:0811,0.0,77.0,0.0,21.91,11.79,3.31,0.0
20230916:0911,0.0,52.0,0.0,27.67,12.09,2.83,0.0
20230916:1011,0.0,143.0,0.0,31.78,12.38,2.97,0.0
20230916:1111,0.0,96.0,0.0,33.76,12.55,3.31,0.0
20230916:1211,0.0,95.0,0.0,33.35,12.61,3.79,0.0
20230916:1311,0.0,74.0,0.0,30.61,12.56,4.34,0.0
20230916:1411,96.0,200.0,0.0,25.89,12.4,4.69,0.0
20230916:1511,5.0,122.0,0.0,19.7,12.3,4.41,0.0
20230916:1611,20.0,92.0,0.0,12.55,12.34,4.14,0.0
20230916:1711,0.0,10.0,0.0,4.91,12.25,4.34,0.0
20230916:1811,0.0,0.0,0.0,0.0,11.78,4.62,0.0
20230916:1911,0.0,0.0,0.0,0.0,11.73,4.76,0.0
20230916:2011,0.0,0.0,0.0,0.0,11.31,4.69,0.0
20230916:2111,0.0,0.0,0.0,0.0,10.85,4.41,0.0
20230916:2211,0.0,0.0,0.0,0.0,10.25,3.93,0.0
20230916:2311,0.0,0.0,0.0,0.0,9.84,3.59,0.0
20230917:0011,0.0,0.0,0.0,0.0,9.38,3.24,0.0
20230917:0111,0.0,0.0,0.0,0.0,8.87,2.9,0.0
20230917:0211,0.0,0.0,0.0,0.0,8.59,2.62,0.0
20230917:0311,0.0,0.0,0.0,0.0,8.31,2.34,0.0
20230917:0411,0.0,0.0,0.0,0.0,7.93,2.21,0.0
20230917:0511,0.0,0.0,0.0,0.0,7.73,2.14,0.0
20230917:0611,0.0,42.0,0.0,7.23,8.38,2.14,0.0
20230917:0711,131.0,79.0,0.0,14.74,9.78,1.79,0.0
20230917:0811,222.01,106.0,0.0,21.6,11.47,1.66,0.0
20230917:0911,327.01,110.0,0.0,27.34,12.83,1.72,0.0
20230917:1011,362.01,136.0,0.0,31.42,14.04,1.93,0.0
20230917:1111,406.01,131.0,0.0,33.38,14.9,1.86,0.0
20230917:1211,400.01,130.0,0.0,32.96,15.48,1.66,0.0
20230917:1311,366.01,121.0,0.0,30.21,15.94,1.31,0.0
20230917:1411,290.01,112.0,0.0,25.5,16.13,0.9,0.0
20230917:1511,179.0,106.0,0.0,19.31,16.07,0.55,0.0
20230917:1611,92.0,72.0,0.0,12.17,15.58,0.55,0.0
20230917:1711,6.0,26.43,0.0,4.53,14.88,1.31,0.0
20230917:1811,0.0,0.0,0.0,0.0,13.82,2.21,0.0
20230917:1911,0.0,0.0,0.0,0.0,13.4,3.1,0.0
20230917:2011,0.0,0.0,0.0,0.0,13.04,4.28,0.0
20230917:2111,0.0,0.0,0.0,0.0,13.08,5.31,0.0
20230917:2211,0.0,0.0,0.0,0.0,13.42,6.21,0.0
20230917:2311,0.0,0.0,0.0,0.0,13.67,6.9,0.0
20230918:0011,0.0,0.0,0.0,0.0,13.3,7.38,0.0
20230918:0111,0.0,0.0,0.0,0.0,12.92,8.07,0.0
20230918:0211,0.0,0.0,0.0,0.0,12.95,8.41,0.0
20230918:0311,0.0,0.0,0.0,0.0,13.38,8.55,0.0
20230918:0411,0.0,0.0,0.0,0.0,13.5,8.9,0.0
20230918:0511,0.0,0.0,0.0,0.0,13.84,9.1,0.0
20230918:0611,0.0,22.0,0.0,6.95,14.09,9.45,0.0
20230918:0711,0.0,22.0,0.0,14.45,14.65,8.55,0.0
20230918:0811,0.0,78.0,0.0,21.29,15.09,8.0,0.0
20230918:0911,0.0,112.0,0.0,27.0,15.68,7.79,0.0
20230918:1011,0.0,75.0,0.0,31.06,16.13,7.45,0.0
20230918:1111,0.0,88.0,0.0,33.0,16.49,7.66,0.0
20230918:1211,0.0,58.0,0.0,32.57,16.65,7.24,0.0
20230918:1311,0.0,64.0,0.0,29.81,16.29,8.07,0.0
20230918:1411,0.0,53.0,0.0,25.1,15.14,8.34,0.0
20230918:1511,0.0,25.0,0.0,18.93,14.87,8.21,0.0
20230918:1611,0.0,14.0,0.0,11.79,14.78,7.93,0.0
20230918:1711,0.0,6.0,0.0,4.15,14.87,7.03,0.0
20230918:1811,0.0,0.0,0.0,0.0,14.93,6.69,0.0
20230918:1911,0.0,0.0,0.0,0.0,14.65,6.83,0.0
20230918:2011,0.0,0.0,0.0,0.0,14.63,7.24,0.0
20230918:2111,0.0,0.0,0.0,0.0,14.19,7.66,0.0
20230918:2211,0.0,0.0,0.0,0.0,13.94,6.76,0.0
20230918:2311,0.0,0.0,0.0,0.0,13.82,5.86,0.0
20230919:0011,0.0,0.0,0.0,0.0,13.31,4.76,0.0
20230919:0111,0.0,0.0,0.0,0.0,12.91,4.55,0.0
20230919:0211,0.0,0.0,0.0,0.0,11.83,4.83,0.0
20230919:0311,0.0,0.0,0.0,0.0,11.36,4.14,0.0
20230919:0411,0.0,0.0,0.0,0.0,10.81,3.79,0.0
20230919:0511,0.0,0.0,0.0,0.0,10.48,4.0,0.0
20230919:0611,0.0,43.0,0.0,6.66,10.69,4.41,0.0
20230919:0711,34.0,105.0,0.0,14.16,10.35,4.55,0.0
20230919:0811,133.0,141.0,0.0,20.98,10.88,3.52,0.0
20230919:0911,212.01,163.0,0.0,26.67,11.39,3.86,0.0
20230919:1011,3.0,182.0,0.0,30.7,11.71,3.93,0.0
20230919:1111,69.0,260.0,0.0,32.62,11.81,4.28,0.0
20230919:1211,43.0,250.0,0.0,32.17,11.68,4.9,0.0
20230919:1311,0.0,118.0,0.0,29.42,11.76,4.76,0.0
20230919:1411,0.0,59.0,0.0,24.71,11.74,4.69,0.0
20230919:1511,0.0,29.0,0.0,18.54,11.31,4.48,0.0
20230919:1611,0.0,52.0,0.0,11.41,10.98,4.07,0.0
20230919:1711,0.0,3.0,0.0,3.77,10.61,3.86,0.0
20230919:1811,0.0,0.0,0.0,0.0,10.52,3.45,0.0
20230919:1911,0.0,0.0,0.0,0.0,10.49,2.9,0.0
20230919:2011,0.0,0.0,0.0,0.0,10.58,2.69,0.0
20230919:2111,0.0,0.0,0.0,0.0,10.72,2.69,0.0
20230919:2211,0.0,0.0,0.0,0.0,10.78,2.28,0.0
20230919:2311,0.0,0.0,0.0,0.0,10.92,2.14,0.0
20230920:0011,0.0,0.0,0.0,0.0,9.9,2.41,0.0
20230920:0111,0.0,0.0,0.0,0.0,9.93,2.83,0.0
20230920:0211,0.0,0.0,0.0,0.0,10.02,3.17,0.0
20230920:0311,0.0,0.0,0.0,0.0,9.99,4.0,0.0
20230920:0411,0.0,0.0,0.0,0.0,9.99,4.83,0.0
20230920:0511,0.0,0.0,0.0,0.0,10.16,6.0,0.0
20230920:0611,0.0,20.0,0.0,6.38,11.15,6.9,0.0
20230920:0711,0.0,28.0,0.0,13.86,13.49,7.52,0.0
20230920:0811,0.0,55.0,0.0,20.67,14.39,7.79,0.0
20230920:0911,0.0,66.0,0.0,26.33,14.59,7.52,0.0
20230920:1011,0.0,42.0,0.0,30.34,15.03,7.59,0.0
20230920:1111,0.0,79.0,0.0,32.24,15.21,7.79,0.0
20230920:1211,0.0,102.0,0.0,31.78,15.44,8.34,0.0
20230920:1311,0.0,97.0,0.0,29.02,15.5,8.97,0.0
20230920:1411,0.0,33.0,0.0,24.31,14.85,8.41,0.0
20230920:1511,0.0,55.0,0.0,18.15,14.74,8.62,0.0
20230920:1611,0.0,23.0,0.0,11.02,14.71,8.62,0.0
20230920:1711,0.0,7.0,0.0,3.39,14.69,8.48,0.0
20230920:1811,0.0,0.0,0.0,0.0,15.04,8.41,0.0
20230920:1911,0.0,0.0,0.0,0.0,14.65,8.14,0.0
20230920:2011,0.0,0.0,0.0,0.0,14.72,8.62,0.0
20230920:2111,0.0,0.0,0.0,0.0,14.81,8.69,0.0
20230920:2211,0.0,0.0,0.0,0.0,14.91,8.41,0.0
20230920:2311,0.0,0.0,0.0,0.0,14.9,7.17,0.0
20230921:0011,0.0,0.0,0.0,0.0,14.82,6.21,0.0
20230921:0111,0.0,0.0,0.0,0.0,14.74,5.52,0.0
20230921:0211,0.0,0.0,0.0,0.0,14.65,4.69,0.0
20230921:0311,0.0,0.0,0.0,0.0,14.46,4.62,0.0
20230921:0411,0.0,0.0,0.0,0.0,14.31,3.93,0.0
20230921:0511,0.0,0.0,0.0,0.0,13.98,3.31,0.0
20230921:0611,0.0,35.0,0.0,6.09,13.86,2.34,0.0
20230921:0711,1.0,69.0,0.0,13.57,13.52,4.14,0.0
20230921:0811,0.0,100.0,0.0,20.36,13.16,3.79,0.0
20230921:0911,9.0,172.0,0.0,25.99,13.06,3.38,0.0
20230921:1011,7.0,192.0,0.0,29.98,13.73,4.07,0.0
20230921:1111,0.0,160.0,0.0,31.85,14.4,5.03,0.0
20230921:1211,56.0,246.0,0.0,31.38,14.93,5.66,0.0
20230921:1311,9.0,190.0,0.0,28.62,14.7,5.66,0.0
20230921:1411,8.0,159.0,0.0,23.92,14.49,5.66,0.0
20230921:1511,160.0,94.0,0.0,17.76,14.32,5.38,0.0
20230921:1611,1.0,56.0,0.0,10.64,14.11,4.97,0.0
20230921:1711,3.0,16.28,0.0,3.01,13.78,4.76,0.0
20230921:1811,0.0,0.0,0.0,0.0,13.05,4.34,0.0
20230921:1911,0.0,0.0,0.0,0.0,13.2,4.48,0.0
20230921:2011,0.0,0.0,0.0,0.0,12.97,4.14,0.0
20230921:2111,0.0,0.0,0.0,0.0,12.8,3.86,0.0
20230921:2211,0.0,0.0,0.0,0.0,12.74,3.52,0.0
20230921:2311,0.0,0.0,0.0,0.0,12.67,3.17,0.0
20230922:0011,0.0,0.0,0.0,0.0,12.56,3.17,0.0
20230922:0111,0.0,0.0,0.0,0.0,12.41,3.03,0.0
20230922:0211,0.0,0.0,0.0,0.0,12.25,3.03,0.0
20230922:0311,0.0,0.0,0.0,0.0,12.08,2.9,0.0
20230922:0411,0.0,0.0,0.0,0.0,12.05,2.83,0.0
20230922:0511,0.0,0.0,0.0,0.0,11.85,2.83,0.0
20230922:0611,0.0,34.0,0.0,5.8,11.77,2.83,0.0
20230922:0711,106.0,74.0,0.0,13.27,12.2,3.1,0.0
20230922:0811,187.01,106.0,0.0,20.04,12.76,3.59,0.0
20230922:0911,144.0,185.0,0.0,25.66,13.36,3.45,0.0
20230922:1011,111.0,232.0,0.0,29.61,13.96,3.52,0.0
20230922:1111,215.01,212.0,0.0,31.47,14.46,3.79,0.0
20230922:1211,293.01,168.0,0.0,30.98,14.52,4.0,0.0
20230922:1311,149.0,209.0,0.0,28.22,14.34,4.21,0.0
20230922:1411,6.0,153.0,0.0,23.52,14.26,4.55,0.0
20230922:1511,1.0,97.0,0.0,17.37,13.72,4.55,0.0
20230922:1611,0.0,50.0,0.0,10.26,13.17,4.28,0.0
20230922:1711,0.0,2.0,0.0,2.63,12.59,3.72,0.0
20230922:1811,0.0,0.0,0.0,0.0,12.15,3.24,0.0
20230922:1911,0.0,0.0,0.0,0.0,12.39,3.45,0.0
20230922:2011,0.0,0.0,0.0,0.0,11.96,3.38,0.0
20230922:2111,0.0,0.0,0.0,0.0,11.72,3.17,0.0
20230922:2211,0.0,0.0,0.0,0.0,11.59,3.1,0.0
20230922:2311,0.0,0.0,0.0,0.0,11.32,2.9,0.0
20230923:0011,0.0,0.0,0.0,0.0,11.32,2.97,0.0
20230923:0111,0.0,0.0,0.0,0.0,11.02,2.9,0.0
20230923:0211,0.0,0.0,0.0,0.0,10.84,2.69,0.0
20230923:0311,0.0,0.0,0.0,0.0,10.56,2.55,0.0
20230923:0411,0.0,0.0,0.0,0.0,10.56,2.41,0.0
20230923:0511,0.0,0.0,0.0,0.0,10.13,2.55,0.0
20230923:0611,0.0,33.0,0.0,5.51,10.13,2.62,0.0
20230923:0711,80.0,84.0,0.0,12.97,10.15,2.69,0.0
20230923:0811,14.0,141.0,0.0,19.73,10.75,2.48,0.0
20230923:0911,127.0,188.0,0.0,25.32,11.52,2.76,0.0
20230923:1011,7.0,190.0,0.0,29.25,11.84,3.31,0.0
20230923:1111,30.0,237.0,0.0,31.08,11.42,3.93,0.0
20230923:1211,110.0,242.0,0.0,30.58,11.21,4.28,0.0
20230923:1311,5.0,177.0,0.0,27.82,11.3,4.34,0.0
20230923:1411,0.0,119.0,0.0,23.13,11.13,4.48,0.0
20230923:1511,68.0,128.0,0.0,16.98,10.77,4.62,0.0
20230923:1611,51.0,66.0,0.0,9.87,10.62,4.83,0.0
20230923:1711,0.0,2.0,0.0,2.25,10.17,4.41,0.0
20230923:1811,0.0,0.0,0.0,0.0,10.04,4.28,0.0
20230923:1911,0.0,0.0,0.0,0.0,9.79,4.69,0.0
20230923:2011,0.0,0.0,0.0,0.0,9.62,4.28,0.0
20230923:2111,0.0,0.0,0.0,0.0,9.66,3.66,0.0
20230923:2211,0.0,0.0,0.0,0.0,9.65,3.45,0.0
20230923:2311,0.0,0.0,0.0,0.0,9.69,3.17,0.0
20230924:0011,0.0,0.0,0.0,0.0,9.83,3.38,0.0
20230924:0111,0.0,0.0,0.0,0.0,9.81,3.24,0.0
20230924:0211,0.0,0.0,0.0,0.0,9.79,3.03,0.0
20230924:0311,0.0,0.0,0.0,0.0,9.8,2.69,0.0
20230924:0411,0.0,0.0,0.0,0.0,9.95,2.55,0.0
20230924:0511,0.0,0.0,0.0,0.0,10.04,2.55,0.0
20230924:0611,0.0,13.0,0.0,5.22,10.31,2.14,0.0
20230924:0711,16.0,91.0,0.0,12.67,10.66,2.97,0.0
20230924:0811,6.0,126.0,0.0,19.41,11.33,3.93,0.0
20230924:0911,64.0,197.0,0.0,24.98,11.8,5.17,0.0
20230924:1011,41.0,225.0,0.0,28.88,12.53,5.86,0.0
20230924:1111,1.0,158.0,0.0,30.7,13.44,7.1,0.0
20230924:1211,2.0,175.0,0.0,30.19,14.16,7.52,0.0
20230924:1311,0.0,71.0,0.0,27.42,14.05,7.52,0.0
20230924:1411,0.0,66.0,0.0,22.73,13.96,7.52,0.0
20230924:1511,0.0,42.0,0.0,16.59,14.02,7.79,0.0
20230924:1611,0.0,36.0,0.0,9.49,14.08,7.38,0.0
20230924:1711,0.0,3.0,0.0,1.87,13.94,6.9,0.0
20230924:1811,0.0,0.0,0.0,0.0,14.21,6.9,0.0
20230924:1911,0.0,0.0,0.0,0.0,14.21,6.83,0.0
20230924:2011,0.0,0.0,0.0,0.0,14.44,7.38,0.0
20230924:2111,0.0,0.0,0.0,0.0,14.45,7.59,0.0
20230924:2211,0.0,0.0,0.0,0.0,14.0,8.34,0.0
20230924:2311,0.0,0.0,0.0,0.0,14.0,9.24,0.0
20230925:0011,0.0,0.0,0.0,0.0,14.5,9.66,0.0
20230925:0111,0.0,0.0,0.0,0.0,14.58,9.72,0.0
20230925:0211,0.0,0.0,0.0,0.0,14.37,9.52,0.0
20230925:0311,0.0,0.0,0.0,0.0,13.54,9.52,0.0
20230925:0411,0.0,0.0,0.0,0.0,13.48,9.86,0.0
20230925:0511,0.0,0.0,0.0,0.0,14.02,10.28,0.0
20230925:0611,0.0,5.0,0.0,4.94,14.17,9.79,0.0
20230925:0711,0.0,46.0,0.0,12.37,13.71,9.03,0.0
20230925:0811,0.0,76.0,0.0,19.09,14.43,8.55,0.0
20230925:0911,0.0,56.0,0.0,24.64,14.65,7.72,0.0
20230925:1011,0.0,113.0,0.0,28.52,15.02,6.28,0.0
20230925:1111,5.0,189.0,0.0,30.31,15.47,6.14,0.0
20230925:1211,10.0,201.0,0.0,29.79,15.42,6.76,0.0
20230925:1311,0.0,54.0,0.0,27.02,14.94,6.83,0.0
20230925:1411,0.0,92.0,0.0,22.33,15.27,6.0,0.0
20230925:1511,10.0,110.0,0.0,16.2,14.74,5.93,0.0
20230925:1611,4.0,56.0,0.0,9.11,14.56,6.21,0.0
20230925:1711,0.0,1.0,0.0,1.49,13.99,6.48,0.0
20230925:1811,0.0,0.0,0.0,0.0,13.57,6.28,0.0
20230925:1911,0.0,0.0,0.0,0.0,13.48,6.14,0.0
20230925:2011,0.0,0.0,0.0,0.0,13.5,5.59,0.0
20230925:2111,0.0,0.0,0.0,0.0,13.63,5.17,0.0
20230925:2211,0.0,0.0,0.0,0.0,13.58,4.69,0.0
20230925:2311,0.0,0.0,0.0,0.0,13.57,4.55,0.0
20230926:0011,0.0,0.0,0.0,0.0,13.55,4.34,0.0
20230926:0111,0.0,0.0,0.0,0.0,13.46,4.21,0.0
20230926:0211,0.0,0.0,0.0,0.0,13.35,4.28,0.0
20230926:0311,0.0,0.0,0.0,0.0,13.35,4.48,0.0
20230926:0411,0.0,0.0,0.0,0.0,13.37,4.83,0.0
20230926:0511,0.0,0.0,0.0,0.0,13.42,5.03,0.0
20230926:0611,0.0,28.0,0.0,4.65,13.39,5.31,0.0
20230926:0711,17.0,86.0,0.0,12.07,13.19,5.31,0.0
20230926:0811,56.0,145.0,0.0,18.77,13.76,5.59,0.0
20230926:0911,170.01,160.0,0.0,24.3,14.73,5.93,0.0
20230926:1011,182.01,194.0,0.0,28.15,15.45,6.41,0.0
20230926:1111,176.01,214.0,0.0,29.93,15.97,6.55,0.0
20230926:1211,77.0,235.0,0.0,29.39,16.24,6.55,0.0
20230926:1311,107.0,207.0,0.0,26.62,16.33,6.69,0.0
20230926:1411,26.0,167.0,0.0,21.94,16.22,6.69,0.0
20230926:1511,106.0,102.0,0.0,15.82,15.91,6.76,0.0
20230926:1611,1.0,42.0,0.0,8.73,15.59,7.38,0.0
20230926:1711,0.0,0.0,0.0,0.0,15.03,7.38,0.0
20230926:1811,0.0,0.0,0.0,0.0,14.89,7.52,0.0
20230926:1911,0.0,0.0,0.0,0.0,14.86,7.86,0.0
20230926:2011,0.0,0.0,0.0,0.0,14.72,7.86,0.0
20230926:2111,0.0,0.0,0.0,0.0,14.63,8.21,0.0
20230926:2211,0.0,0.0,0.0,0.0,14.36,8.28,0.0
20230926:2311,0.0,0.0,0.0,0.0,14.15,7.59,0.0
20230927:0011,0.0,0.0,0.0,0.0,14.2,6.41,0.0
20230927:0111,0.0,0.0,0.0,0.0,14.04,5.66,0.0
20230927:0211,0.0,0.0,0.0,0.0,13.94,4.76,0.0
20230927:0311,0.0,0.0,0.0,0.0,13.46,4.14,0.0
20230927:0411,0.0,0.0,0.0,0.0,13.16,4.76,0.0
20230927:0511,0.0,0.0,0.0,0.0,12.76,4.69,0.0
20230927:0611,0.0,23.0,0.0,4.35,12.59,3.79,0.0
20230927:0711,52.0,82.0,0.0,11.77,13.41,4.41,0.0
20230927:0811,58.0,142.0,0.0,18.46,13.66,3.93,0.0
20230927:0911,5.0,152.0,0.0,23.95,13.96,3.86,0.0
20230927:1011,183.01,190.0,0.0,27.79,14.05,3.38,0.0
20230927:1111,177.01,210.0,0.0,29.54,14.17,2.76,0.0
20230927:1211,189.01,200.0,0.0,29.0,14.45,2.34,0.0
20230927:1311,159.0,185.0,0.0,26.22,14.48,2.69,0.0
20230927:1411,136.0,148.0,0.0,21.54,14.54,3.03,0.0
20230927:1511,126.0,89.0,0.0,15.43,14.52,3.52,0.0
20230927:1611,50.0,51.0,0.0,8.34,14.18,3.1,0.0
20230927:1711,0.0,0.0,0.0,0.0,13.66,3.03,0.0
20230927:1811,0.0,0.0,0.0,0.0,13.18,3.38,0.0
20230927:1911,0.0,0.0,0.0,0.0,13.06,4.07,0.0
20230927:2011,0.0,0.0,0.0,0.0,13.08,4.69,0.0
20230927:2111,0.0,0.0,0.0,0.0,13.23,5.17,0.0
20230927:2211,0.0,0.0,0.0,0.0,13.38,5.52,0.0
20230927:2311,0.0,0.0,0.0,0.0,13.71,6.07,0.0
20230928:0011,0.0,0.0,0.0,0.0,14.06,6.62,0.0
20230928:0111,0.0,0.0,0.0,0.0,14.41,7.79,0.0
20230928:0211,0.0,0.0,0.0,0.0,14.75,8.55,0.0
20230928:0311,0.0,0.0,0.0,0.0,15.0,9.03,0.0
20230928:0411,0.0,0.0,0.0,0.0,15.19,9.66,0.0
20230928:0511,0.0,0.0,0.0,0.0,15.39,10.0,0.0
20230928:0611,0.0,3.0,0.0,4.06,15.38,10.28,0.0
20230928:0711,0.0,37.0,0.0,11.47,15.16,10.0,0.0
20230928:0811,18.0,131.0,0.0,18.14,14.62,9.17,0.0
20230928:0911,0.0,92.0,0.0,23.61,14.56,9.1,0.0
20230928:1011,0.0,76.0,0.0,27.42,14.87,8.14,0.0
20230928:1111,0.0,78.0,0.0,29.16,15.19,8.28,0.0
20230928:1211,0.0,95.0,0.0,28.6,14.93,8.55,0.0
20230928:1311,3.0,154.0,0.0,25.82,14.91,7.66,0.0
20230928:1411,25.0,160.0,0.0,21.15,14.87,6.76,0.0
20230928:1511,1.0,76.0,0.0,15.04,14.63,6.55,0.0
20230928:1611,0.0,17.0,0.0,7.96,14.26,6.07,0.0
20230928:1711,0.0,0.0,0.0,0.0,13.94,5.52,0.0
20230928:1811,0.0,0.0,0.0,0.0,13.7,5.31,0.0
20230928:1911,0.0,0.0,0.0,0.0,13.37,5.38,0.0
20230928:2011,0.0,0.0,0.0,0.0,13.28,5.66,0.0
20230928:2111,0.0,0.0,0.0,0.0,13.22,4.9,0.0
20230928:2211,0.0,0.0,0.0,0.0,13.18,4.14,0.0
20230928:2311,0.0,0.0,0.0,0.0,13.07,4.41,0.0
20230929:0011,0.0,0.0,0.0,0.0,13.02,5.1,0.0
20230929:0111,0.0,0.0,0.0,0.0,12.91,5.79,0.0
20230929:0211,0.0,0.0,0.0,0.0,12.77,6.28,0.0
20230929:0311,0.0,0.0,0.0,0.0,12.39,5.93,0.0
20230929:0411,0.0,0.0,0.0,0.0,12.3,5.86,0.0
20230929:0511,0.0,0.0,0.0,0.0,12.39,5.59,0.0
20230929:0611,0.0,19.0,0.0,3.77,12.51,5.79,0.0
20230929:0711,14.0,78.0,0.0,11.17,12.58,6.21,0.0
20230929:0811,0.0,75.0,0.0,17.82,12.78,6.48,0.0
20230929:0911,0.0,116.0,0.0,23.27,12.83,6.28,0.0
20230929:1011,0.0,69.0,0.0,27.06,12.38,6.0,0.0
20230929:1111,3.0,172.0,0.0,28.77,13.27,5.31,0.0
20230929:1211,0.0,142.0,0.0,28.2,13.61,5.45,0.0
20230929:1311,100.0,197.0,0.0,25.42,13.83,5.52,0.0
20230929:1411,4.0,126.0,0.0,20.76,13.45,5.86,0.0
20230929:1511,55.0,109.0,0.0,14.65,13.01,5.79,0.0
20230929:1611,0.0,21.0,0.0,7.58,12.77,5.59,0.0
20230929:1711,0.0,0.0,0.0,0.0,12.32,6.14,0.0
20230929:1811,0.0,0.0,0.0,0.0,12.32,5.93,0.0
20230929:1911,0.0,0.0,0.0,0.0,12.47,6.14,0.0
20230929:2011,0.0,0.0,0.0,0.0,12.59,6.62,0.0
20230929:2111,0.0,0.0,0.0,0.0,12.36,6.9,0.0
20230929:2211,0.0,0.0,0.0,0.0,12.0,7.38,0.0
20230929:2311,0.0,0.0,0.0,0.0,11.93,7.79,0.0
20230930:0011,0.0,0.0,0.0,0.0,11.58,8.21,0.0
20230930:0111,0.0,0.0,0.0,0.0,11.29,8.28,0.0
20230930:0211,0.0,0.0,0.0,0.0,11.22,8.28,0.0
20230930:0311,0.0,0.0,0.0,0.0,11.18,8.21,0.0
20230930:0411,0.0,0.0,0.0,0.0,11.1,8.14,0.0
20230930:0511,0.0,0.0,0.0,0.0,11.09,7.93,0.0
20230930:0611,0.0,11.0,0.0,3.48,11.06,7.45,0.0
20230930:0711,0.0,46.0,0.0,10.86,10.84,7.03,0.0
20230930:0811,1.0,92.0,0.0,17.49,11.42,5.86,0.0
20230930:0911,46.0,181.0,0.0,22.93,11.51,6.41,0.0
20230930:1011,10.0,183.0,0.0,26.69,11.86,6.41,0.0
20230930:1111,4.0,175.0,0.0,28.38,11.76,7.03,0.0
20230930:1211,8.0,187.0,0.0,27.81,11.81,6.69,0.0
20230930:1311,34.0,196.0,0.0,25.03,11.8,6.62,0.0
20230930:1411,38.0,160.0,0.0,20.36,11.41,6.9,0.0
20230930:1511,21.0,107.0,0.0,14.27,11.39,6.55,0.0
20230930:1611,1.0,38.0,0.0,7.2,11.22,5.72,0.0
20230930:1711,0.0,0.0,0.0,0.0,11.0,5.52,0.0
20230930:1811,0.0,0.0,0.0,0.0,10.93,5.31,0.0
20230930:1911,0.0,0.0,0.0,0.0,10.44,5.17,0.0
20230930:2011,0.0,0.0,0.0,0.0,10.25,4.76,0.0
20230930:2111,0.0,0.0,0.0,0.0,10.16,4.14,0.0
20230930:2211,0.0,0.0,0.0,0.0,10.15,3.86,0.0
20230930:2311,0.0,0.0,0.0,0.0,10.1,3.59,0.0
20231001:0011,0.0,0.0,0.0,0.0,10.02,3.24,0.0
20231001:0111,0.0,0.0,0.0,0.0,10.07,2.76,0.0
20231001:0211,0.0,0.0,0.0,0.0,10.12,2.14,0.0
20231001:0311,0.0,0.0,0.0,0.0,9.7,1.59,0.0
20231001:0411,0.0,0.0,0.0,0.0,9.21,0.9,0.0
20231001:0511,0.0,0.0,0.0,0.0,9.64,0.48,0.0
20231001:0611,0.0,17.0,0.0,3.19,8.28,0.97,0.0
20231001:0711,8.0,71.0,0.0,10.56,8.82,1.93,0.0
20231001:0811,35.0,132.0,0.0,17.17,9.72,2.21,0.0
20231001:0911,0.0,65.0,0.0,22.58,10.52,2.76,0.0
20231001:1011,0.0,75.0,0.0,26.32,11.44,3.31,0.0
20231001:1111,0.0,139.0,0.0,28.0,12.17,3.79,0.0
20231001:1211,0.0,95.0,0.0,27.41,12.92,4.76,0.0
20231001:1311,0.0,102.0,0.0,24.63,13.4,5.45,0.0
20231001:1411,2.0,114.0,0.0,19.97,13.15,5.45,0.0
20231001:1511,0.0,58.0,0.0,13.88,13.07,5.72,0.0
20231001:1611,1.0,36.0,0.0,6.82,13.08,6.28,0.0
20231001:1711,0.0,0.0,0.0,0.0,13.17,6.21,0.0
20231001:1811,0.0,0.0,0.0,0.0,13.36,5.24,0.0
20231001:1911,0.0,0.0,0.0,0.0,13.16,3.38,0.0
20231001:2011,0.0,0.0,0.0,0.0,13.26,3.45,0.0
20231001:2111,0.0,0.0,0.0,0.0,13.3,3.24,0.0
20231001:2211,0.0,0.0,0.0,0.0,12.65,2.76,0.0
20231001:2311,0.0,0.0,0.0,0.0,12.67,2.34,0.0
20231002:0011,0.0,0.0,0.0,0.0,12.51,2.21,0.0
20231002:0111,0.0,0.0,0.0,0.0,12.35,2.0,0.0
20231002:0211,0.0,0.0,0.0,0.0,12.39,1.66,0.0
20231002:0311,0.0,0.0,0.0,0.0,12.02,1.1,0.0
20231002:0411,0.0,0.0,0.0,0.0,11.71,0.55,0.0
20231002:0511,0.0,0.0,0.0,0.0,10.81,0.83,0.0
20231002:0611,0.0,16.0,0.0,2.89,10.4,1.24,0.0
20231002:0711,13.0,71.0,0.0,10.25,11.14,2.07,0.0
20231002:0811,25.0,128.0,0.0,16.85,11.88,2.41,0.0
20231002:0911,17.0,163.0,0.0,22.24,12.39,2.34,0.0
20231002:1011,111.0,201.0,0.0,25.96,12.97,2.83,0.0
20231002:1111,73.0,223.0,0.0,27.61,13.12,3.66,0.0
20231002:1211,108.0,212.0,0.0,27.02,13.38,3.93,0.0
20231002:1311,104.0,188.0,0.0,24.23,13.56,4.0,0.0
20231002:1411,18.0,147.0,0.0,19.58,13.46,4.0,0.0
20231002:1511,24.0,102.0,0.0,13.5,12.91,4.28,0.0
20231002:1611,0.0,20.0,0.0,6.45,12.53,4.21,0.0
20231002:1711,0.0,0.0,0.0,0.0,12.01,3.93,0.0
20231002:1811,0.0,0.0,0.0,0.0,11.86,3.72,0.0
20231002:1911,0.0,0.0,0.0,0.0,11.61,4.07,0.0
20231002:2011,0.0,0.0,0.0,0.0,11.43,3.72,0.0
20231002:2111,0.0,0.0,0.0,0.0,11.26,3.1,0.0
20231002:2211,0.0,0.0,0.0,0.0,11.34,3.24,0.0
20231002:2311,0.0,0.0,0.0,0.0,11.38,3.72,0.0
20231003:0011,0.0,0.0,0.0,0.0,11.4,3.72,0.0
20231003:0111,0.0,0.0,0.0,0.0,11.22,3.31,0.0
20231003:0211,0.0,0.0,0.0,0.0,11.16,3.17,0.0
20231003:0311,0.0,0.0,0.0,0.0,10.83,3.24,0.0
20231003:0411,0.0,0.0,0.0,0.0,10.68,3.31,0.0
20231003:0511,0.0,0.0,0.0,0.0,10.42,3.38,0.0
20231003:0611,0.0,14.0,0.0,2.6,10.27,3.17,0.0
20231003:0711,77.0,54.0,0.0,9.95,10.51,3.24,0.0
20231003:0811,143.01,91.0,0.0,16.53,10.86,2.9,0.0
20231003:0911,29.0,168.0,0.0,21.89,11.21,2.83,0.0
20231003:1011,0.0,58.0,0.0,25.59,11.69,3.03,0.0
20231003:1111,60.0,219.0,0.0,27.23,11.73,3.24,0.0
20231003:1211,0.0,57.0,0.0,26.62,12.28,3.38,0.0
20231003:1311,54.0,191.0,0.0,23.84,12.4,3.79,0.0
20231003:1411,0.0,82.0,0.0,19.19,11.92,4.21,0.0
20231003:1511,0.0,17.0,0.0,13.12,11.35,4.76,0.0
20231003:1611,0.0,7.0,0.0,6.07,10.75,5.24,0.0
20231003:1711,0.0,0.0,0.0,0.0,10.66,5.38,0.0
20231003:1811,0.0,0.0,0.0,0.0,10.65,5.59,0.0
20231003:1911,0.0,0.0,0.0,0.0,10.4,5.66,0.0
20231003:2011,0.0,0.0,0.0,0.0,10.32,6.28,0.0
20231003:2111,0.0,0.0,0.0,0.0,10.18,6.55,0.0
20231003:2211,0.0,0.0,0.0,0.0,10.06,7.03,0.0
20231003:2311,0.0,0.0,0.0,0.0,9.93,7.45,0.0
20231004:0011,0.0,0.0,0.0,0.0,9.51,7.66,0.0
20231004:0111,0.0,0.0,0.0,0.0,9.6,7.24,0.0
20231004:0211,0.0,0.0,0.0,0.0,9.64,7.72,0.0
20231004:0311,0.0,0.0,0.0,0.0,9.58,7.72,0.0
20231004:0411,0.0,0.0,0.0,0.0,9.69,7.45,0.0
20231004:0511,0.0,0.0,0.0,0.0,9.81,7.45,0.0
20231004:0611,0.0,11.0,0.0,2.31,9.84,7.17,0.0
20231004:0711,19.0,69.0,0.0,9.65,9.8,6.97,0.0
20231004:0811,11.0,115.0,0.0,16.21,10.28,5.66,0.0
20231004:0911,22.0,163.0,0.0,21.55,10.58,4.76,0.0
20231004:1011,95.0,198.0,0.0,25.22,10.64,4.62,0.0
20231004:1111,10.0,186.0,0.0,26.85,11.07,4.07,0.0
20231004:1211,36.0,206.0,0.0,26.23,11.29,3.17,0.0
20231004:1311,1.0,127.0,0.0,23.44,11.38,2.28,0.0
20231004:1411,0.0,42.0,0.0,18.8,11.01,2.14,0.0
20231004:1511,0.0,35.0,0.0,12.74,10.72,2.07,0.0
20231004:1611,0.0,8.0,0.0,5.7,9.79,2.21,0.0
20231004:1711,0.0,0.0,0.0,0.0,9.7,2.55,0.0
20231004:1811,0.0,0.0,0.0,0.0,9.77,3.1,0.0
20231004:1911,0.0,0.0,0.0,0.0,10.24,4.83,0.0
20231004:2011,0.0,0.0,0.0,0.0,10.21,5.86,0.0
20231004:2111,0.0,0.0,0.0,0.0,10.46,6.28,0.0
20231004:2211,0.0,0.0,0.0,0.0,10.35,6.55,0.0
20231004:2311,0.0,0.0,0.0,0.0,10.2,6.14,0.0
20231005:0011,0.0,0.0,0.0,0.0,9.74,5.45,0.0
20231005:0111,0.0,0.0,0.0,0.0,9.7,4.48,0.0
20231005:0211,0.0,0.0,0.0,0.0,9.49,4.14,0.0
20231005:0311,0.0,0.0,0.0,0.0,9.34,4.21,0.0
20231005:0411,0.0,0.0,0.0,0.0,9.16,4.14,0.0
20231005:0511,0.0,0.0,0.0,0.0,9.13,3.86,0.0
20231005:0611,0.0,6.0,0.0,2.01,9.02,3.45,0.0
20231005:0711,67.0,53.0,0.0,9.34,9.16,3.59,0.0
20231005:0811,120.0,97.0,0.0,15.88,9.64,3.45,0.0
20231005:0911,189.01,120.0,0.0,21.21,10.2,3.38,0.0
20231005:1011,66.0,200.0,0.0,24.86,10.79,2.76,0.0
20231005:1111,99.0,210.0,0.0,26.46,11.36,2.62,0.0
20231005:1211,37.0,205.0,0.0,25.84,11.79,2.76,0.0
20231005:1311,166.01,152.0,0.0,23.05,11.91,2.69,0.0
20231005:1411,183.01,93.0,0.0,18.42,11.77,2.55,0.0
20231005:1511,10.0,86.0,0.0,12.36,11.56,1.93,0.0
20231005:1611,0.0,13.0,0.0,5.32,11.22,1.66,0.0
20231005:1711,0.0,0.0,0.0,0.0,10.74,1.59,0.0
20231005:1811,0.0,0.0,0.0,0.0,10.53,1.17,0.0
20231005:1911,0.0,0.0,0.0,0.0,10.75,2.28,0.0
20231005:2011,0.0,0.0,0.0,0.0,10.66,3.03,0.0
20231005:2111,0.0,0.0,0.0,0.0,10.73,3.38,0.0
20231005:2211,0.0,0.0,0.0,0.0,10.78,4.28,0.0
20231005:2311,0.0,0.0,0.0,0.0,10.7,5.24,0.0
20231006:0011,0.0,0.0,0.0,0.0,9.59,6.34,0.0
20231006:0111,0.0,0.0,0.0,0.0,10.43,7.24,0.0
20231006:0211,0.0,0.0,0.0,0.0,10.95,7.72,0.0
20231006:0311,0.0,0.0,0.0,0.0,11.7,6.62,0.0
20231006:0411,0.0,0.0,0.0,0.0,11.62,5.31,0.0
20231006:0511,0.0,0.0,0.0,0.0,12.14,4.9,0.0
20231006:0611,0.0,1.0,0.0,1.72,12.62,5.24,0.0
20231006:0711,0.0,16.0,0.0,9.03,12.91,6.69,0.0
20231006:0811,0.0,51.0,0.0,15.56,12.92,7.24,0.0
20231006:0911,0.0,59.0,0.0,20.86,13.11,6.97,0.0
20231006:1011,0.0,57.0,0.0,24.49,13.12,6.9,0.0
20231006:1111,0.0,83.0,0.0,26.08,13.06,8.41,0.0
20231006:1211,0.0,59.0,0.0,25.45,12.98,8.97,0.0
20231006:1311,0.0,57.0,0.0,22.66,12.82,9.72,0.0
20231006:1411,0.0,43.0,0.0,18.03,12.67,9.86,0.0
20231006:1511,0.0,41.0,0.0,11.98,12.37,9.31,0.0
20231006:1611,0.0,10.0,0.0,4.95,12.04,9.52,0.0
20231006:1711,0.0,0.0,0.0,0.0,11.71,8.83,0.0
20231006:1811,0.0,0.0,0.0,0.0,10.9,9.93,0.0
20231006:1911,0.0,0.0,0.0,0.0,10.75,9.66,0.0
20231006:2011,0.0,0.0,0.0,0.0,10.34,9.66,0.0
20231006:2111,0.0,0.0,0.0,0.0,9.98,9.38,0.0
20231006:2211,0.0,0.0,0.0,0.0,9.55,9.45,0.0
20231006:2311,0.0,0.0,0.0,0.0,9.18,9.31,0.0
20231007:0011,0.0,0.0,0.0,0.0,8.75,9.24,0.0
20231007:0111,0.0,0.0,0.0,0.0,8.41,9.17,0.0
20231007:0211,0.0,0.0,0.0,0.0,8.08,9.03,0.0
20231007:0311,0.0,0.0,0.0,0.0,7.79,8.69,0.0
20231007:0411,0.0,0.0,0.0,0.0,7.54,8.14,0.0
20231007:0511,0.0,0.0,0.0,0.0,7.36,7.66,0.0
20231007:0611,0.0,1.0,0.0,1.42,7.21,7.1,0.0
20231007:0711,5.0,57.0,0.0,8.73,7.64,5.72,0.0
20231007:0811,31.0,118.0,0.0,15.24,7.85,5.17,0.0
20231007:0911,71.0,164.0,0.0,20.52,8.12,5.38,0.0
20231007:1011,116.0,186.0,0.0,24.13,8.46,5.72,0.0
20231007:1111,83.0,209.0,0.0,25.7,8.7,6.14,0.0
20231007:1211,0.0,134.0,0.0,25.06,8.91,6.55,0.0
20231007:1311,5.0,148.0,0.0,22.27,9.03,6.97,0.0
20231007:1411,0.0,85.0,0.0,17.65,9.02,7.24,0.0
20231007:1511,9.0,82.0,0.0,11.6,8.74,7.52,0.0
20231007:1611,9.0,27.53,0.0,4.58,8.35,7.66,0.0
20231007:1711,0.0,0.0,0.0,0.0,7.82,7.66,0.0
20231007:1811,0.0,0.0,0.0,0.0,7.45,7.52,0.0
20231007:1911,0.0,0.0,0.0,0.0,7.04,6.48,0.0
20231007:2011,0.0,0.0,0.0,0.0,6.74,6.21,0.0
20231007:2111,0.0,0.0,0.0,0.0,6.53,6.0,0.0
20231007:2211,0.0,0.0,0.0,0.0,6.34,5.72,0.0
20231007:2311,0.0,0.0,0.0,0.0,6.13,5.59,0.0
20231008:0011,0.0,0.0,0.0,0.0,5.96,5.52,0.0
20231008:0111,0.0,0.0,0.0,0.0,5.84,5.59,0.0
20231008:0211,0.0,0.0,0.0,0.0,5.68,5.24,0.0
20231008:0311,0.0,0.0,0.0,0.0,5.5,5.03,0.0
20231008:0411,0.0,0.0,0.0,0.0,5.55,5.1,0.0
20231008:0511,0.0,0.0,0.0,0.0,5.38,4.83,0.0
20231008:0611,0.0,0.0,0.0,0.0,5.28,4.55,0.0
20231008:0711,31.0,59.0,0.0,8.42,5.04,3.72,0.0
20231008:0811,44.0,116.0,0.0,14.91,5.52,3.24,0.0
20231008:0911,201.01,107.0,0.0,20.17,6.42,3.24,0.0
20231008:1011,196.01,151.0,0.0,23.76,7.3,3.24,0.0
20231008:1111,204.01,164.0,0.0,25.32,8.02,3.1,0.0
20231008:1211,124.0,192.0,0.0,24.67,8.53,2.76,0.0
20231008:1311,52.0,179.0,0.0,21.88,8.74,2.83,0.0
20231008:1411,4.0,112.0,0.0,17.26,8.6,3.17,0.0
20231008:1511,0.0,25.0,0.0,11.23,8.29,3.03,0.0
20231008:1611,3.0,23.29,0.0,4.22,7.91,2.76,0.0
20231008:1711,0.0,0.0,0.0,0.0,7.5,2.69,0.0
20231008:1811,0.0,0.0,0.0,0.0,7.39,2.83,0.0
20231008:1911,0.0,0.0,0.0,0.0,6.9,2.21,0.0
20231008:2011,0.0,0.0,0.0,0.0,6.77,2.14,0.0
20231008:2111,0.0,0.0,0.0,0.0,6.64,1.72,0.0
20231008:2211,0.0,0.0,0.0,0.0,6.57,1.52,0.0
20231008:2311,0.0,0.0,0.0,0.0,6.39,1.59,0.0
20231009:0011,0.0,0.0,0.0,0.0,6.04,1.86,0.0
20231009:0111,0.0,0.0,0.0,0.0,5.84,2.0,0.0
20231009:0211,0.0,0.0,0.0,0.0,5.58,2.07,0.0
20231009:0311,0.0,0.0,0.0,0.0,5.34,2.69,0.0
20231009:0411,0.0,0.0,0.0,0.0,5.16,3.03,0.0
20231009:0511,0.0,0.0,0.0,0.0,4.99,3.31,0.0
20231009:0611,0.0,0.0,0.0,0.0,4.84,3.45,0.0
20231009:0711,46.0,51.0,0.0,8.12,4.96,3.17,0.0
20231009:0811,24.0,111.0,0.0,14.59,5.48,3.1,0.0
20231009:0911,210.01,95.0,0.0,19.83,6.37,2.9,0.0
20231009:1011,127.0,174.0,0.0,23.4,7.18,2.69,0.0
20231009:1111,83.0,201.0,0.0,24.94,7.86,2.9,0.0
20231009:1211,161.01,169.0,0.0,24.28,8.36,3.03,0.0
20231009:1311,150.01,145.0,0.0,21.5,8.44,3.45,0.0
20231009:1411,140.01,100.0,0.0,16.88,8.46,3.86,0.0
20231009:1511,87.0,61.0,0.0,10.86,8.41,4.07,0.0
20231009:1611,9.0,22.56,0.0,3.85,8.15,4.0,0.0
20231009:1711,0.0,0.0,0.0,0.0,7.69,3.52,0.0
20231009:1811,0.0,0.0,0.0,0.0,7.49,2.9,0.0
20231009:1911,0.0,0.0,0.0,0.0,7.09,1.79,0.0
20231009:2011,0.0,0.0,0.0,0.0,6.75,1.52,0.0
20231009:2111,0.0,0.0,0.0,0.0,6.2,1.31,0.0
20231009:2211,0.0,0.0,0.0,0.0,5.97,1.1,0.0
20231009:2311,0.0,0.0,0.0,0.0,5.65,1.31,0.0
20231010:0011,0.0,0.0,0.0,0.0,5.94,1.72,0.0
20231010:0111,0.0,0.0,0.0,0.0,6.96,2.28,0.0
20231010:0211,0.0,0.0,0.0,0.0,7.54,3.03,0.0
20231010:0311,0.0,0.0,0.0,0.0,8.07,3.66,0.0
20231010:0411,0.0,0.0,0.0,0.0,8.35,4.07,0.0
20231010:0511,0.0,0.0,0.0,0.0,8.88,4.48,0.0
20231010:0611,0.0,0.0,0.0,0.0,9.47,5.1,0.0
20231010:0711,6.0,50.0,0.0,7.81,9.3,5.24,0.0
20231010:0811,0.0,38.0,0.0,14.27,9.8,5.93,0.0
20231010:0911,0.0,59.0,0.0,19.49,10.29,6.9,0.0
20231010:1011,0.0,72.0,0.0,23.03,10.69,7.45,0.0
20231010:1111,0.0,43.0,0.0,24.56,11.18,7.86,0.0
20231010:1211,0.0,61.0,0.0,23.9,11.8,7.45,0.0
20231010:1311,0.0,55.0,0.0,21.11,12.11,6.34,0.0
20231010:1411,0.0,22.0,0.0,16.51,12.15,6.14,0.0
20231010:1511,0.0,13.0,0.0,10.49,12.7,6.55,0.0
20231010:1611,0.0,3.0,0.0,3.49,13.53,6.9,0.0
20231010:1711,0.0,0.0,0.0,0.0,13.68,6.34,0.0
20231010:1811,0.0,0.0,0.0,0.0,13.57,5.86,0.0
20231010:1911,0.0,0.0,0.0,0.0,13.22,6.83,0.0
20231010:2011,0.0,0.0,0.0,0.0,13.31,6.69,0.0
20231010:2111,0.0,0.0,0.0,0.0,13.27,6.28,0.0
20231010:2211,0.0,0.0,0.0,0.0,13.18,5.66,0.0
20231010:2311,0.0,0.0,0.0,0.0,13.11,5.24,0.0
20231011:0011,0.0,0.0,0.0,0.0,12.63,6.07,0.0
20231011:0111,0.0,0.0,0.0,0.0,11.37,6.21,0.0
20231011:0211,0.0,0.0,0.0,0.0,10.23,4.76,0.0
20231011:0311,0.0,0.0,0.0,0.0,9.91,4.48,0.0
20231011:0411,0.0,0.0,0.0,0.0,9.7,4.55,0.0
20231011:0511,0.0,0.0,0.0,0.0,9.23,5.03,0.0
20231011:0611,0.0,0.0,0.0,0.0,8.68,6.0,0.0
20231011:0711,46.0,44.0,0.0,7.5,8.06,8.21,0.0
20231011:0811,17.0,103.0,0.0,13.94,8.32,8.76,0.0
20231011:0911,0.0,72.0,0.0,19.14,8.61,9.38,0.0
20231011:1011,0.0,65.0,0.0,22.67,8.82,10.14,0.0
20231011:1111,0.0,35.0,0.0,24.19,8.8,9.72,0.0
20231011:1211,0.0,38.0,0.0,23.51,9.17,9.86,0.0
20231011:1311,27.0,160.0,0.0,20.73,8.86,10.76,0.0
20231011:1411,0.0,46.0,0.0,16.13,8.93,11.1,0.0
20231011:1511,13.0,73.0,0.0,10.12,9.15,11.52,0.0
20231011:1611,0.0,4.0,0.0,3.13,8.94,12.07,0.0
20231011:1711,0.0,0.0,0.0,0.0,9.14,12.34,0.0
20231011:1811,0.0,0.0,0.0,0.0,8.82,11.24,0.0
20231011:1911,0.0,0.0,0.0,0.0,8.46,11.66,0.0
20231011:2011,0.0,0.0,0.0,0.0,8.21,10.83,0.0
20231011:2111,0.0,0.0,0.0,0.0,8.04,10.41,0.0
20231011:2211,0.0,0.0,0.0,0.0,8.27,9.45,0.0
20231011:2311,0.0,0.0,0.0,0.0,8.15,10.21,0.0
20231012:0011,0.0,0.0,0.0,0.0,7.76,10.41,0.0
20231012:0111,0.0,0.0,0.0,0.0,7.67,9.72,0.0
20231012:0211,0.0,0.0,0.0,0.0,7.64,9.66,0.0
20231012:0311,0.0,0.0,0.0,0.0,7.76,9.79,0.0
20231012:0411,0.0,0.0,0.0,0.0,7.66,9.93,0.0
20231012:0511,0.0,0.0,0.0,0.0,7.57,9.45,0.0
20231012:0611,0.0,0.0,0.0,0.0,7.57,8.76,0.0
20231012:0711,1.0,39.0,0.0,7.2,7.35,9.1,0.0
20231012:0811,63.0,99.0,0.0,13.62,7.65,8.34,0.0
20231012:0911,0.0,96.0,0.0,18.8,8.03,8.34,0.0
20231012:1011,0.0,115.0,0.0,22.31,8.42,8.41,0.0
20231012:1111,9.0,165.0,0.0,23.81,8.73,8.55,0.0
20231012:1211,76.0,186.0,0.0,23.13,9.0,8.21,0.0
20231012:1311,8.0,142.0,0.0,20.35,9.05,7.66,0.0
20231012:1411,0.0,69.0,0.0,15.76,9.0,6.41,0.0
20231012:1511,68.0,59.0,0.0,9.76,8.84,5.1,0.0
20231012:1611,1.0,13.79,0.0,2.77,8.57,4.0,0.0
20231012:1711,0.0,0.0,0.0,0.0,8.18,3.31,0.0
20231012:1811,0.0,0.0,0.0,0.0,8.09,2.97,0.0
20231012:1911,0.0,0.0,0.0,0.0,8.57,2.83,0.0
20231012:2011,0.0,0.0,0.0,0.0,8.58,3.45,0.0
20231012:2111,0.0,0.0,0.0,0.0,8.65,4.28,0.0
20231012:2211,0.0,0.0,0.0,0.0,8.93,5.1,0.0
20231012:2311,0.0,0.0,0.0,0.0,9.2,5.59,0.0
20231013:0011,0.0,0.0,0.0,0.0,9.59,6.41,0.0
20231013:0111,0.0,0.0,0.0,0.0,9.59,6.69,0.0
20231013:0211,0.0,0.0,0.0,0.0,9.74,6.97,0.0
20231013:0311,0.0,0.0,0.0,0.0,9.82,7.17,0.0
20231013:0411,0.0,0.0,0.0,0.0,9.58,7.03,0.0
20231013:0511,0.0,0.0,0.0,0.0,9.55,6.83,0.0
20231013:0611,0.0,0.0,0.0,0.0,9.57,6.48,0.0
20231013:0711,0.0,17.0,0.0,6.89,9.81,6.34,0.0
20231013:0811,0.0,41.0,0.0,13.3,10.13,5.86,0.0
20231013:0911,0.0,35.0,0.0,18.46,10.6,5.72,0.0
20231013:1011,0.0,52.0,0.0,21.95,10.82,5.72,0.0
20231013:1111,0.0,44.0,0.0,23.44,10.75,6.0,0.0
20231013:1211,0.0,42.0,0.0,22.75,10.7,5.31,0.0
20231013:1311,0.0,38.0,0.0,19.97,10.58,5.24,0.0
20231013:1411,0.0,56.0,0.0,15.39,10.38,5.52,0.0
20231013:1511,0.0,11.0,0.0,9.39,9.89,6.14,0.0
20231013:1611,1.0,12.78,0.0,2.42,9.19,6.83,0.0
20231013:1711,0.0,0.0,0.0,0.0,8.67,6.97,0.0
20231013:1811,0.0,0.0,0.0,0.0,9.06,6.41,0.0
20231013:1911,0.0,0.0,0.0,0.0,8.88,7.38,0.0
20231013:2011,0.0,0.0,0.0,0.0,8.7,7.66,0.0
20231013:2111,0.0,0.0,0.0,0.0,8.66,8.34,0.0
20231013:2211,0.0,0.0,0.0,0.0,8.5,8.34,0.0
20231013:2311,0.0,0.0,0.0,0.0,8.23,8.34,0.0
20231014:0011,0.0,0.0,0.0,0.0,7.89,7.86,0.0
20231014:0111,0.0,0.0,0.0,0.0,7.67,8.28,0.0
20231014:0211,0.0,0.0,0.0,0.0,7.61,9.17,0.0
20231014:0311,0.0,0.0,0.0,0.0,7.37,9.79,0.0
20231014:0411,0.0,0.0,0.0,0.0,7.29,10.0,0.0
20231014:0511,0.0,0.0,0.0,0.0,7.38,10.07,0.0
20231014:0611,0.0,0.0,0.0,0.0,6.94,10.41,0.0
20231014:0711,0.0,21.0,0.0,6.58,6.69,9.79,0.0
20231014:0811,0.0,33.0,0.0,12.98,6.71,9.45,0.0
20231014:0911,0.0,49.0,0.0,18.12,6.63,8.83,0.0
20231014:1011,0.0,92.0,0.0,21.59,7.29,7.86,0.0
20231014:1111,0.0,52.0,0.0,23.06,7.64,7.31,0.0
20231014:1211,0.0,32.0,0.0,22.37,7.43,9.1,0.0
20231014:1311,0.0,28.0,0.0,19.6,7.39,10.48,0.0
20231014:1411,0.0,41.0,0.0,15.02,7.28,10.48,0.0
20231014:1511,0.0,20.0,0.0,9.03,7.01,11.38,0.0
20231014:1611,0.0,2.0,0.0,2.06,6.8,12.21,0.0
20231014:1711,0.0,0.0,0.0,0.0,6.56,12.41,0.0
20231014:1811,0.0,0.0,0.0,0.0,6.31,12.62,0.0
20231014:1911,0.0,0.0,0.0,0.0,6.51,12.83,0.0
20231014:2011,0.0,0.0,0.0,0.0,6.33,12.41,0.0
20231014:2111,0.0,0.0,0.0,0.0,6.24,12.34,0.0
20231014:2211,0.0,0.0,0.0,0.0,6.1,11.66,0.0
20231014:2311,0.0,0.0,0.0,0.0,6.07,11.03,0.0
20231015:0011,0.0,0.0,0.0,0.0,6.06,10.28,0.0
20231015:0111,0.0,0.0,0.0,0.0,6.02,10.14,0.0
20231015:0211,0.0,0.0,0.0,0.0,6.01,9.72,0.0
20231015:0311,0.0,0.0,0.0,0.0,6.12,9.52,0.0
20231015:0411,0.0,0.0,0.0,0.0,6.18,9.45,0.0
20231015:0511,0.0,0.0,0.0,0.0,6.14,9.1,0.0
20231015:0611,0.0,0.0,0.0,0.0,6.02,8.83,0.0
20231015:0711,2.0,34.0,0.0,6.28,5.84,8.41,0.0
20231015:0811,0.0,31.0,0.0,12.66,5.91,8.83,0.0
20231015:0911,0.0,44.0,0.0,17.78,6.2,8.14,0.0
20231015:1011,0.0,98.0,0.0,21.23,6.49,8.21,0.0
20231015:1111,0.0,52.0,0.0,22.69,6.48,8.41,0.0
20231015:1211,0.0,32.0,0.0,22.0,6.45,8.28,0.0
20231015:1311,0.0,27.0,0.0,19.22,6.45,8.0,0.0
20231015:1411,4.0,94.0,0.0,14.65,6.16,7.93,0.0
20231015:1511,39.0,60.0,0.0,8.68,5.46,7.86,0.0
20231015:1611,0.0,3.0,0.0,1.71,5.22,7.93,0.0
20231015:1711,0.0,0.0,0.0,0.0,4.82,7.86,0.0
20231015:1811,0.0,0.0,0.0,0.0,4.52,7.38,0.0
20231015:1911,0.0,0.0,0.0,0.0,4.63,6.34,0.0
20231015:2011,0.0,0.0,0.0,0.0,4.41,6.28,0.0
20231015:2111,0.0,0.0,0.0,0.0,4.23,6.28,0.0
20231015:2211,0.0,0.0,0.0,0.0,4.04,6.0,0.0
20231015:2311,0.0,0.0,0.0,0.0,3.93,6.0,0.0
20231016:0011,0.0,0.0,0.0,0.0,3.84,5.93,0.0
20231016:0111,0.0,0.0,0.0,0.0,3.61,5.72,0.0
20231016:0211,0.0,0.0,0.0,0.0,3.53,5.38,0.0
20231016:0311,0.0,0.0,0.0,0.0,3.38,5.24,0.0
20231016:0411,0.0,0.0,0.0,0.0,3.45,5.03,0.0
20231016:0511,0.0,0.0,0.0,0.0,3.5,4.69,0.0
20231016:0611,0.0,0.0,0.0,0.0,3.56,4.0,0.0
20231016:0711,45.0,31.0,0.0,5.97,4.08,3.03,0.0
20231016:0811,122.01,58.0,0.0,12.33,4.5,2.07,0.0
20231016:0911,140.01,106.0,0.0,17.44,5.14,1.72,0.0
20231016:1011,97.0,160.0,0.0,20.88,5.88,1.45,0.0
20231016:1111,142.01,158.0,0.0,22.33,6.63,0.97,0.0
20231016:1211,113.0,162.0,0.0,21.63,7.23,0.55,0.0
20231016:1311,0.0,66.0,0.0,18.85,7.71,0.83,0.0
20231016:1411,0.0,40.0,0.0,14.29,8.07,1.66,0.0
20231016:1511,0.0,26.0,0.0,8.32,8.18,2.55,0.0
20231016:1611,0.0,1.0,0.0,1.37,7.95,3.1,0.0
20231016:1711,0.0,0.0,0.0,0.0,8.17,3.52,0.0
20231016:1811,0.0,0.0,0.0,0.0,8.3,4.34,0.0
20231016:1911,0.0,0.0,0.0,0.0,8.11,4.07,0.0
20231016:2011,0.0,0.0,0.0,0.0,8.14,4.07,0.0
20231016:2111,0.0,0.0,0.0,0.0,8.05,4.14,0.0
20231016:2211,0.0,0.0,0.0,0.0,7.94,4.48,0.0
20231016:2311,0.0,0.0,0.0,0.0,8.04,4.83,0.0
20231017:0011,0.0,0.0,0.0,0.0,8.1,4.69,0.0
20231017:0111,0.0,0.0,0.0,0.0,8.14,4.41,0.0
20231017:0211,0.0,0.0,0.0,0.0,8.17,4.21,0.0
20231017:0311,0.0,0.0,0.0,0.0,8.31,4.41,0.0
20231017:0411,0.0,0.0,0.0,0.0,8.14,4.69,0.0
20231017:0511,0.0,0.0,0.0,0.0,8.26,5.17,0.0
20231017:0611,0.0,0.0,0.0,0.0,8.45,5.66,0.0
20231017:0711,8.0,33.88,0.0,5.67,8.77,5.66,0.0
20231017:0811,0.0,21.0,0.0,12.01,9.01,6.07,0.0
20231017:0911,0.0,40.0,0.0,17.1,9.14,6.69,0.0
20231017:1011,0.0,65.0,0.0,20.52,9.28,6.69,0.0
20231017:1111,0.0,87.0,0.0,21.96,9.67,6.21,0.0
20231017:1211,0.0,56.0,0.0,21.25,9.77,6.34,0.0
20231017:1311,0.0,26.0,0.0,18.49,9.75,6.48,0.0
20231017:1411,0.0,50.0,0.0,13.93,9.5,6.28,0.0
20231017:1511,1.0,40.0,0.0,7.97,9.23,6.07,0.0
20231017:1611,0.0,0.0,0.0,0.0,9.11,5.45,0.0
20231017:1711,0.0,0.0,0.0,0.0,8.74,5.17,0.0
20231017:1811,0.0,0.0,0.0,0.0,8.52,4.9,0.0
20231017:1911,0.0,0.0,0.0,0.0,8.61,3.52,0.0
20231017:2011,0.0,0.0,0.0,0.0,8.35,3.1,0.0
20231017:2111,0.0,0.0,0.0,0.0,8.24,3.03,0.0
20231017:2211,0.0,0.0,0.0,0.0,8.07,3.1,0.0
20231017:2311,0.0,0.0,0.0,0.0,7.93,3.24,0.0
20231018:0011,0.0,0.0,0.0,0.0,7.75,3.45,0.0
20231018:0111,0.0,0.0,0.0,0.0,7.61,3.52,0.0
20231018:0211,0.0,0.0,0.0,0.0,7.18,3.31,0.0
20231018:0311,0.0,0.0,0.0,0.0,6.84,3.1,0.0
20231018:0411,0.0,0.0,0.0,0.0,6.5,2.97,0.0
20231018:0511,0.0,0.0,0.0,0.0,5.8,2.76,0.0
20231018:0611,0.0,0.0,0.0,0.0,5.16,2.62,0.0
20231018:0711,0.0,26.0,0.0,5.37,4.51,2.21,0.0
20231018:0811,11.0,84.0,0.0,11.69,5.46,2.41,0.0
20231018:0911,61.0,131.0,0.0,16.76,7.03,2.97,0.0
20231018:1011,220.01,96.0,0.0,20.17,8.48,3.59,0.0
20231018:1111,260.01,90.0,0.0,21.59,9.6,4.14,0.0
20231018:1211,249.01,88.0,0.0,20.89,10.12,4.62,0.0
20231018:1311,235.01,66.0,0.0,18.12,10.3,4.69,0.0
20231018:1411,41.0,106.0,0.0,13.57,10.17,4.41,0.0
20231018:1511,6.0,51.0,0.0,7.62,9.65,4.28,0.0
20231018:1611,0.0,0.0,0.0,0.0,8.89,4.21,0.0
20231018:1711,0.0,0.0,0.0,0.0,8.04,4.41,0.0
20231018:1811,0.0,0.0,0.0,0.0,7.41,4.97,0.0
20231018:1911,0.0,0.0,0.0,0.0,7.05,5.38,0.0
20231018:2011,0.0,0.0,0.0,0.0,6.73,6.07,0.0
20231018:2111,0.0,0.0,0.0,0.0,6.46,6.62,0.0
20231018:2211,0.0,0.0,0.0,0.0,6.26,7.17,0.0
20231018:2311,0.0,0.0,0.0,0.0,6.2,7.59,0.0
20231019:0011,0.0,0.0,0.0,0.0,6.05,7.86,0.0
20231019:0111,0.0,0.0,0.0,0.0,6.02,8.07,0.0
20231019:0211,0.0,0.0,0.0,0.0,5.96,8.21,0.0
20231019:0311,0.0,0.0,0.0,0.0,5.86,8.34,0.0
20231019:0411,0.0,0.0,0.0,0.0,5.75,8.69,0.0
20231019:0511,0.0,0.0,0.0,0.0,5.66,8.9,0.0
20231019:0611,0.0,0.0,0.0,0.0,5.53,9.03,0.0
20231019:0711,13.0,29.47,0.0,5.06,5.41,9.45,0.0
20231019:0811,43.0,85.0,0.0,11.38,5.25,9.45,0.0
20231019:0911,173.01,81.0,0.0,16.43,5.3,9.31,0.0
20231019:1011,276.01,65.0,0.0,19.82,5.4,9.52,0.0
20231019:1111,295.01,70.0,0.0,21.23,5.38,9.59,0.0
20231019:1211,237.01,94.0,0.0,20.52,5.18,9.52,0.0
20231019:1311,237.01,63.0,0.0,17.76,4.94,9.24,0.0
20231019:1411,145.01,60.0,0.0,13.22,4.56,8.97,0.0
20231019:1511,39.0,48.0,0.0,7.28,4.08,8.41,0.0
20231019:1611,0.0,0.0,0.0,0.0,3.58,9.31,0.0
20231019:1711,0.0,0.0,0.0,0.0,3.29,9.38,0.0
20231019:1811,0.0,0.0,0.0,0.0,3.2,9.38,0.0
20231019:1911,0.0,0.0,0.0,0.0,3.4,9.72,0.0
20231019:2011,0.0,0.0,0.0,0.0,3.23,9.72,0.0
20231019:2111,0.0,0.0,0.0,0.0,3.01,9.59,0.0
20231019:2211,0.0,0.0,0.0,0.0,2.69,9.45,0.0
20231019:2311,0.0,0.0,0.0,0.0,2.39,9.38,0.0
20231020:0011,0.0,0.0,0.0,0.0,2.26,9.17,0.0
20231020:0111,0.0,0.0,0.0,0.0,2.15,9.1,0.0
20231020:0211,0.0,0.0,0.0,0.0,2.12,8.97,0.0
20231020:0311,0.0,0.0,0.0,0.0,2.08,8.69,0.0
20231020:0411,0.0,0.0,0.0,0.0,2.05,8.41,0.0
20231020:0511,0.0,0.0,0.0,0.0,2.16,8.07,0.0
20231020:0611,0.0,0.0,0.0,0.0,2.38,8.07,0.0
20231020:0711,11.0,28.02,0.0,4.76,2.69,8.07,0.0
20231020:0811,63.0,77.0,0.0,11.06,3.1,7.72,0.0
20231020:0911,199.01,65.0,0.0,16.09,3.62,6.83,0.0
20231020:1011,249.01,76.0,0.0,19.47,4.1,7.03,0.0
20231020:1111,101.0,165.0,0.0,20.87,4.59,7.24,0.0
20231020:1211,132.01,146.0,0.0,20.16,4.82,7.31,0.0
20231020:1311,88.0,134.0,0.0,17.4,4.81,7.38,0.0
20231020:1411,20.0,99.0,0.0,12.87,4.65,7.24,0.0
20231020:1511,18.0,50.0,0.0,6.94,4.42,8.0,0.0
20231020:1611,0.0,0.0,0.0,0.0,4.15,8.76,0.0
20231020:1711,0.0,0.0,0.0,0.0,4.1,8.21,0.0
20231020:1811,0.0,0.0,0.0,0.0,3.99,8.0,0.0
20231020:1911,0.0,0.0,0.0,0.0,3.87,8.28,0.0
20231020:2011,0.0,0.0,0.0,0.0,3.89,8.48,0.0
20231020:2111,0.0,0.0,0.0,0.0,3.77,8.76,0.0
20231020:2211,0.0,0.0,0.0,0.0,3.6,9.24,0.0
20231020:2311,0.0,0.0,0.0,0.0,3.47,8.48,0.0
20231021:0011,0.0,0.0,0.0,0.0,3.37,8.28,0.0
20231021:0111,0.0,0.0,0.0,0.0,3.48,8.28,0.0
20231021:0211,0.0,0.0,0.0,0.0,3.51,8.14,0.0
20231021:0311,0.0,0.0,0.0,0.0,3.38,8.62,0.0
20231021:0411,0.0,0.0,0.0,0.0,3.35,9.66,0.0
20231021:0511,0.0,0.0,0.0,0.0,3.45,10.41,0.0
20231021:0611,0.0,0.0,0.0,0.0,3.48,10.97,0.0
20231021:0711,0.0,24.0,0.0,4.46,3.81,11.17,0.0
20231021:0811,0.0,13.0,0.0,10.74,4.03,11.24,0.0
20231021:0911,0.0,21.0,0.0,15.76,4.37,11.1,0.0
20231021:1011,0.0,66.0,0.0,19.12,4.61,10.9,0.0
20231021:1111,0.0,59.0,0.0,20.51,4.75,10.69,0.0
20231021:1211,0.0,28.0,0.0,19.8,4.95,11.1,0.0
20231021:1311,5.0,112.0,0.0,17.04,5.34,11.1,0.0
20231021:1411,0.0,38.0,0.0,12.52,5.01,10.55,0.0
20231021:1511,0.0,30.0,0.0,6.6,5.2,11.03,0.0
20231021:1611,0.0,0.0,0.0,0.0,5.28,10.9,0.0
20231021:1711,0.0,0.0,0.0,0.0,5.1,10.97,0.0
20231021:1811,0.0,0.0,0.0,0.0,5.37,10.76,0.0
20231021:1911,0.0,0.0,0.0,0.0,5.46,11.45,0.0
20231021:2011,0.0,0.0,0.0,0.0,5.68,10.9,0.0
20231021:2111,0.0,0.0,0.0,0.0,5.75,10.41,0.0
20231021:2211,0.0,0.0,0.0,0.0,5.65,10.14,0.0
20231021:2311,0.0,0.0,0.0,0.0,5.64,10.0,0.0
20231022:0011,0.0,0.0,0.0,0.0,5.61,10.0,0.0
20231022:0111,0.0,0.0,0.0,0.0,5.6,9.72,0.0
20231022:0211,0.0,0.0,0.0,0.0,5.59,9.52,0.0
20231022:0311,0.0,0.0,0.0,0.0,5.7,9.38,0.0
20231022:0411,0.0,0.0,0.0,0.0,5.82,9.24,0.0
20231022:0511,0.0,0.0,0.0,0.0,5.94,8.97,0.0
20231022:0611,0.0,0.0,0.0,0.0,6.11,8.76,0.0
20231022:0711,0.0,23.0,0.0,4.16,6.18,9.03,0.0
20231022:0811,3.0,62.0,0.0,10.43,6.53,8.83,0.0
20231022:0911,1.0,80.0,0.0,15.43,7.03,7.93,0.0
20231022:1011,34.0,148.0,0.0,18.77,7.37,7.86,0.0
20231022:1111,26.0,155.0,0.0,20.16,8.04,7.72,0.0
20231022:1211,0.0,92.0,0.0,19.44,8.06,7.17,0.0
20231022:1311,46.0,131.0,0.0,16.69,8.08,7.1,0.0
20231022:1411,12.0,86.0,0.0,12.18,8.3,7.17,0.0
20231022:1511,0.0,30.0,0.0,6.27,8.31,6.69,0.0
20231022:1611,0.0,0.0,0.0,0.0,8.16,6.48,0.0
20231022:1711,0.0,0.0,0.0,0.0,8.05,6.14,0.0
20231022:1811,0.0,0.0,0.0,0.0,7.97,5.86,0.0
20231022:1911,0.0,0.0,0.0,0.0,8.21,5.1,0.0
20231022:2011,0.0,0.0,0.0,0.0,8.14,4.34,0.0
20231022:2111,0.0,0.0,0.0,0.0,8.21,3.59,0.0
20231022:2211,0.0,0.0,0.0,0.0,8.22,2.9,0.0
20231022:2311,0.0,0.0,0.0,0.0,8.24,2.34,0.0
20231023:0011,0.0,0.0,0.0,0.0,8.23,1.86,0.0
20231023:0111,0.0,0.0,0.0,0.0,8.15,1.38,0.0
20231023:0211,0.0,0.0,0.0,0.0,7.93,1.03,0.0
20231023:0311,0.0,0.0,0.0,0.0,7.11,0.9,0.0
20231023:0411,0.0,0.0,0.0,0.0,7.17,1.17,0.0
20231023:0511,0.0,0.0,0.0,0.0,7.24,1.66,0.0
20231023:0611,0.0,0.0,0.0,0.0,7.45,2.34,0.0
20231023:0711,0.0,22.0,0.0,3.85,8.13,3.1,0.0
20231023:0811,1.0,50.0,0.0,10.11,8.34,2.9,0.0
20231023:0911,0.0,67.0,0.0,15.1,8.65,2.69,0.0
20231023:1011,1.0,98.0,0.0,18.43,8.88,2.34,0.0
20231023:1111,0.0,82.0,0.0,19.81,9.07,2.0,0.0
20231023:1211,0.0,52.0,0.0,19.09,9.32,1.66,0.0
20231023:1311,0.0,85.0,0.0,16.34,9.48,0.9,0.0
20231023:1411,0.0,25.0,0.0,11.84,9.54,0.07,0.0
20231023:1511,0.0,22.0,0.0,5.94,9.42,0.48,0.0
20231023:1611,0.0,0.0,0.0,0.0,9.17,0.69,0.0
20231023:1711,0.0,0.0,0.0,0.0,8.41,0.9,0.0
20231023:1811,0.0,0.0,0.0,0.0,8.05,1.24,0.0
20231023:1911,0.0,0.0,0.0,0.0,7.33,1.93,0.0
20231023:2011,0.0,0.0,0.0,0.0,7.2,1.59,0.0
20231023:2111,0.0,0.0,0.0,0.0,6.7,1.38,0.0
20231023:2211,0.0,0.0,0.0,0.0,6.54,1.72,0.0
20231023:2311,0.0,0.0,0.0,0.0,6.44,2.21,0.0
20231024:0011,0.0,0.0,0.0,0.0,6.57,2.41,0.0
20231024:0111,0.0,0.0,0.0,0.0,6.67,2.48,0.0
20231024:0211,0.0,0.0,0.0,0.0,6.75,2.55,0.0
20231024:0311,0.0,0.0,0.0,0.0,6.76,2.69,0.0
20231024:0411,0.0,0.0,0.0,0.0,6.81,2.9,0.0
20231024:0511,0.0,0.0,0.0,0.0,6.89,3.31,0.0
20231024:0611,0.0,0.0,0.0,0.0,6.98,3.86,0.0
20231024:0711,0.0,18.0,0.0,3.56,6.91,3.93,0.0
20231024:0811,28.0,72.0,0.0,9.8,7.39,4.07,0.0
20231024:0911,75.0,107.0,0.0,14.77,8.12,4.21,0.0
20231024:1011,177.01,94.0,0.0,18.09,8.79,4.07,0.0
20231024:1111,134.01,131.0,0.0,19.46,9.32,4.34,0.0
20231024:1211,148.01,117.0,0.0,18.74,9.59,4.62,0.0
20231024:1311,80.0,118.0,0.0,16.0,9.58,4.83,0.0
20231024:1411,27.0,87.0,0.0,11.5,9.37,5.1,0.0
20231024:1511,3.0,33.25,0.0,5.61,9.07,5.93,0.0
20231024:1611,0.0,0.0,0.0,0.0,8.55,6.07,0.0
20231024:1711,0.0,0.0,0.0,0.0,8.16,5.79,0.0
20231024:1811,0.0,0.0,0.0,0.0,7.76,5.45,0.0
20231024:1911,0.0,0.0,0.0,0.0,7.91,5.1,0.0
20231024:2011,0.0,0.0,0.0,0.0,7.54,4.9,0.0
20231024:2111,0.0,0.0,0.0,0.0,7.4,4.97,0.0
20231024:2211,0.0,0.0,0.0,0.0,7.17,5.1,0.0
20231024:2311,0.0,0.0,0.0,0.0,6.9,5.24,0.0
20231025:0011,0.0,0.0,0.0,0.0,6.62,5.38,0.0
20231025:0111,0.0,0.0,0.0,0.0,6.44,5.59,0.0
20231025:0211,0.0,0.0,0.0,0.0,6.17,5.59,0.0
20231025:0311,0.0,0.0,0.0,0.0,5.9,5.72,0.0
20231025:0411,0.0,0.0,0.0,0.0,5.68,6.0,0.0
20231025:0511,0.0,0.0,0.0,0.0,5.55,6.14,0.0
20231025:0611,0.0,0.0,0.0,0.0,5.42,5.93,0.0
20231025:0711,0.0,16.0,0.0,3.26,5.91,5.38,0.0
20231025:0811,0.0,44.0,0.0,9.49,6.07,5.79,0.0
20231025:0911,0.0,29.0,0.0,14.44,6.23,6.28,0.0
20231025:1011,0.0,25.0,0.0,17.75,6.51,6.41,0.0
20231025:1111,0.0,57.0,0.0,19.11,6.81,5.86,0.0
20231025:1211,0.0,58.0,0.0,18.39,6.98,6.07,0.0
20231025:1311,0.0,77.0,0.0,15.66,6.98,6.07,0.0
20231025:1411,0.0,50.0,0.0,11.17,6.98,7.1,0.0
20231025:1511,0.0,22.0,0.0,5.29,6.81,7.66,0.0
20231025:1611,0.0,0.0,0.0,0.0,6.48,7.52,0.0
20231025:1711,0.0,0.0,0.0,0.0,6.17,7.24,0.0
20231025:1811,0.0,0.0,0.0,0.0,5.83,7.31,0.0
20231025:1911,0.0,0.0,0.0,0.0,5.52,8.07,0.0
20231025:2011,0.0,0.0,0.0,0.0,5.35,8.07,0.0
20231025:2111,0.0,0.0,0.0,0.0,5.19,7.93,0.0
20231025:2211,0.0,0.0,0.0,0.0,5.14,7.79,0.0
20231025:2311,0.0,0.0,0.0,0.0,5.06,7.59,0.0
20231026:0011,0.0,0.0,0.0,0.0,5.05,7.38,0.0
20231026:0111,0.0,0.0,0.0,0.0,5.03,6.97,0.0
20231026:0211,0.0,0.0,0.0,0.0,5.04,6.83,0.0
20231026:0311,0.0,0.0,0.0,0.0,4.98,6.69,0.0
20231026:0411,0.0,0.0,0.0,0.0,4.98,6.48,0.0
20231026:0511,0.0,0.0,0.0,0.0,4.99,6.34,0.0
20231026:0611,0.0,0.0,0.0,0.0,4.9,6.0,0.0
20231026:0711,0.0,3.0,0.0,2.96,4.48,5.79,0.0
20231026:0811,0.0,25.0,0.0,9.18,4.51,5.24,0.0
20231026:0911,3.0,87.0,0.0,14.12,4.87,4.76,0.0
20231026:1011,110.01,121.0,0.0,17.41,5.51,4.48,0.0
20231026:1111,249.01,64.0,0.0,18.77,6.14,4.14,0.0
20231026:1211,118.01,124.0,0.0,18.04,6.54,3.66,0.0
20231026:1311,23.0,119.0,0.0,15.32,6.63,3.45,0.0
20231026:1411,42.0,79.0,0.0,10.84,6.48,3.31,0.0
20231026:1511,5.0,29.71,0.0,4.97,6.13,3.1,0.0
20231026:1611,0.0,0.0,0.0,0.0,5.43,3.17,0.0
20231026:1711,0.0,0.0,0.0,0.0,4.96,3.24,0.0
20231026:1811,0.0,0.0,0.0,0.0,4.55,3.38,0.0
20231026:1911,0.0,0.0,0.0,0.0,4.03,3.24,0.0
20231026:2011,0.0,0.0,0.0,0.0,3.87,3.17,0.0
20231026:2111,0.0,0.0,0.0,0.0,3.8,3.1,0.0
20231026:2211,0.0,0.0,0.0,0.0,3.63,3.03,0.0
20231026:2311,0.0,0.0,0.0,0.0,3.48,3.03,0.0
20231027:0011,0.0,0.0,0.0,0.0,3.49,3.1,0.0
20231027:0111,0.0,0.0,0.0,0.0,3.29,3.24,0.0
20231027:0211,0.0,0.0,0.0,0.0,3.12,3.31,0.0
20231027:0311,0.0,0.0,0.0,0.0,3.01,3.24,0.0
20231027:0411,0.0,0.0,0.0,0.0,2.96,3.17,0.0
20231027:0511,0.0,0.0,0.0,0.0,3.01,2.97,0.0
20231027:0611,0.0,0.0,0.0,0.0,3.0,2.9,0.0
20231027:0711,0.0,8.0,0.0,2.66,3.15,2.76,0.0
20231027:0811,7.0,59.0,0.0,8.87,3.49,2.9,0.0
20231027:0911,2.0,79.0,0.0,13.8,4.14,3.03,0.0
20231027:1011,4.0,108.0,0.0,17.08,4.83,2.97,0.0
20231027:1111,1.0,99.0,0.0,18.43,5.52,2.76,0.0
20231027:1211,0.0,76.0,0.0,17.7,6.05,2.41,0.0
20231027:1311,0.0,48.0,0.0,14.98,6.31,2.07,0.0
20231027:1411,0.0,25.0,0.0,10.52,6.24,1.93,0.0
20231027:1511,0.0,16.0,0.0,4.66,5.91,2.07,0.0
20231027:1611,0.0,0.0,0.0,0.0,5.23,2.62,0.0
20231027:1711,0.0,0.0,0.0,0.0,4.69,3.24,0.0
20231027:1811,0.0,0.0,0.0,0.0,4.38,3.79,0.0
20231027:1911,0.0,0.0,0.0,0.0,3.75,4.28,0.0
20231027:2011,0.0,0.0,0.0,0.0,3.63,4.41,0.0
20231027:2111,0.0,0.0,0.0,0.0,3.61,4.69,0.0
20231027:2211,0.0,0.0,0.0,0.0,3.6,4.83,0.0
20231027:2311,0.0,0.0,0.0,0.0,3.45,4.76,0.0
20231028:0011,0.0,0.0,0.0,0.0,3.04,4.62,0.0
20231028:0111,0.0,0.0,0.0,0.0,2.88,4.55,0.0
20231028:0211,0.0,0.0,0.0,0.0,2.71,4.55,0.0
20231028:0311,0.0,0.0,0.0,0.0,2.65,4.55,0.0
20231028:0411,0.0,0.0,0.0,0.0,2.57,4.55,0.0
20231028:0511,0.0,0.0,0.0,0.0,2.52,4.69,0.0
20231028:0611,0.0,0.0,0.0,0.0,2.5,4.9,0.0
20231028:0711,0.0,4.0,0.0,2.37,2.95,5.38,0.0
20231028:0811,0.0,40.0,0.0,8.56,3.33,5.31,0.0
20231028:0911,0.0,37.0,0.0,13.48,3.83,4.97,0.0
20231028:1011,1.0,94.0,0.0,16.75,4.55,5.17,0.0
20231028:1111,3.0,114.0,0.0,18.09,5.25,5.24,0.0
20231028:1211,0.0,85.0,0.0,17.37,5.65,5.31,0.0
20231028:1311,2.0,84.0,0.0,14.65,5.58,5.31,0.0
20231028:1411,0.0,25.0,0.0,10.2,5.31,5.38,0.0
20231028:1511,0.0,18.0,0.0,4.35,4.95,5.86,0.0
20231028:1611,0.0,0.0,0.0,0.0,4.63,6.07,0.0
20231028:1711,0.0,0.0,0.0,0.0,4.39,6.34,0.0
20231028:1811,0.0,0.0,0.0,0.0,4.23,6.41,0.0
20231028:1911,0.0,0.0,0.0,0.0,3.59,6.55,0.0
20231028:2011,0.0,0.0,0.0,0.0,3.47,6.83,0.0
20231028:2111,0.0,0.0,0.0,0.0,3.45,6.97,0.0
20231028:2211,0.0,0.0,0.0,0.0,3.53,7.17,0.0
20231028:2311,0.0,0.0,0.0,0.0,3.37,7.1,0.0
20231029:0011,0.0,0.0,0.0,0.0,3.36,7.1,0.0
20231029:0111,0.0,0.0,0.0,0.0,3.42,7.03,0.0
20231029:0211,0.0,0.0,0.0,0.0,3.53,7.03,0.0
20231029:0311,0.0,0.0,0.0,0.0,3.66,6.9,0.0
20231029:0411,0.0,0.0,0.0,0.0,3.77,7.03,0.0
20231029:0511,0.0,0.0,0.0,0.0,4.01,7.03,0.0
20231029:0611,0.0,0.0,0.0,0.0,4.21,7.03,0.0
20231029:0711,0.0,3.0,0.0,2.08,4.02,6.69,0.0
20231029:0811,7.0,56.0,0.0,8.26,4.22,6.76,0.0
20231029:0911,0.0,58.0,0.0,13.16,4.66,6.83,0.0
20231029:1011,0.0,84.0,0.0,16.42,5.18,6.21,0.0
20231029:1111,1.0,100.0,0.0,17.76,5.61,6.76,0.0
20231029:1211,1.0,89.0,0.0,17.03,5.86,6.21,0.0
20231029:1311,0.0,38.0,0.0,14.33,5.98,6.48,0.0
20231029:1411,0.0,26.0,0.0,9.88,6.2,6.55,0.0
20231029:1511,0.0,18.0,0.0,4.05,6.09,6.34,0.0
20231029:1611,0.0,0.0,0.0,0.0,5.9,5.79,0.0
20231029:1711,0.0,0.0,0.0,0.0,5.66,5.52,0.0
20231029:1811,0.0,0.0,0.0,0.0,5.32,5.45,0.0
20231029:1911,0.0,0.0,0.0,0.0,5.14,5.52,0.0
20231029:2011,0.0,0.0,0.0,0.0,5.1,5.31,0.0
20231029:2111,0.0,0.0,0.0,0.0,5.08,5.17,0.0
20231029:2211,0.0,0.0,0.0,0.0,4.98,5.03,0.0
20231029:2311,0.0,0.0,0.0,0.0,4.97,4.83,0.0
20231030:0011,0.0,0.0,0.0,0.0,4.74,4.9,0.0
20231030:0111,0.0,0.0,0.0,0.0,4.5,4.97,0.0
20231030:0211,0.0,0.0,0.0,0.0,4.35,4.97,0.0
20231030:0311,0.0,0.0,0.0,0.0,4.28,4.83,0.0
20231030:0411,0.0,0.0,0.0,0.0,4.13,4.83,0.0
20231030:0511,0.0,0.0,0.0,0.0,3.93,4.69,0.0
20231030:0611,0.0,0.0,0.0,0.0,3.79,4.55,0.0
20231030:0711,0.0,5.0,0.0,1.79,4.1,4.55,0.0
20231030:0811,0.0,34.0,0.0,7.95,4.17,4.28,0.0
20231030:0911,0.0,25.0,0.0,12.84,4.38,3.93,0.0
20231030:1011,75.0,121.0,0.0,16.09,4.69,3.45,0.0
20231030:1111,37.0,139.0,0.0,17.42,4.93,3.24,0.0
20231030:1211,43.0,133.0,0.0,16.7,5.09,2.9,0.0
20231030:1311,5.0,91.0,0.0,14.0,5.25,2.62,0.0
20231030:1411,0.0,47.0,0.0,9.57,5.25,2.14,0.0
20231030:1511,0.0,17.0,0.0,3.75,4.99,1.86,0.0
20231030:1611,0.0,0.0,0.0,0.0,4.5,2.07,0.0
20231030:1711,0.0,0.0,0.0,0.0,4.2,2.14,0.0
20231030:1811,0.0,0.0,0.0,0.0,3.92,2.28,0.0
20231030:1911,0.0,0.0,0.0,0.0,4.46,2.0,0.0
20231030:2011,0.0,0.0,0.0,0.0,4.4,2.14,0.0
20231030:2111,0.0,0.0,0.0,0.0,4.22,2.48,0.0
20231030:2211,0.0,0.0,0.0,0.0,4.1,2.41,0.0
20231030:2311,0.0,0.0,0.0,0.0,4.04,2.14,0.0
20231031:0011,0.0,0.0,0.0,0.0,3.85,1.79,0.0
20231031:0111,0.0,0.0,0.0,0.0,3.1,1.1,0.0
20231031:0211,0.0,0.0,0.0,0.0,3.12,0.83,0.0
20231031:0311,0.0,0.0,0.0,0.0,2.87,0.83,0.0
20231031:0411,0.0,0.0,0.0,0.0,3.13,0.69,0.0
20231031:0511,0.0,0.0,0.0,0.0,3.51,0.28,0.0
20231031:0611,0.0,0.0,0.0,0.0,3.31,0.48,0.0
20231031:0711,0.0,5.0,0.0,1.5,1.12,1.38,0.0
20231031:0811,26.0,55.0,0.0,7.65,1.28,1.59,0.0
20231031:0911,114.01,69.0,0.0,12.53,3.02,1.24,0.0
20231031:1011,186.01,67.0,0.0,15.77,3.96,0.9,0.0
20231031:1111,193.01,79.0,0.0,17.1,4.48,0.48,0.0
20231031:1211,179.01,78.0,0.0,16.38,4.72,0.41,0.0
20231031:1311,129.01,74.0,0.0,13.69,4.81,0.55,0.0
20231031:1411,32.0,68.0,0.0,9.26,4.73,0.62,0.0
20231031:1511,6.0,19.49,0.0,3.45,4.47,0.55,0.0
20231031:1611,0.0,0.0,0.0,0.0,4.05,0.55,0.0
20231031:1711,0.0,0.0,0.0,0.0,2.73,1.17,0.0
20231031:1811,0.0,0.0,0.0,0.0,3.31,1.93,0.0
20231031:1911,0.0,0.0,0.0,0.0,1.86,1.24,0.0
20231031:2011,0.0,0.0,0.0,0.0,1.7,1.86,0.0
20231031:2111,0.0,0.0,0.0,0.0,2.04,2.41,0.0
20231031:2211,0.0,0.0,0.0,0.0,1.96,3.03,0.0
20231031:2311,0.0,0.0,0.0,0.0,2.11,3.72,0.0
20231101:0011,0.0,0.0,0.0,0.0,2.04,4.28,0.0
20231101:0111,0.0,0.0,0.0,0.0,1.82,4.9,0.0
20231101:0211,0.0,0.0,0.0,0.0,1.44,5.72,0.0
20231101:0311,0.0,0.0,0.0,0.0,1.36,6.21,0.0
20231101:0411,0.0,0.0,0.0,0.0,1.34,6.28,0.0
20231101:0511,0.0,0.0,0.0,0.0,1.28,6.41,0.0
20231101:0611,0.0,0.0,0.0,0.0,1.28,6.55,0.0
20231101:0711,0.0,0.0,0.0,0.0,1.42,6.48,0.0
20231101:0811,0.0,30.0,0.0,7.35,1.44,6.69,0.0
20231101:0911,0.0,54.0,0.0,12.22,1.46,7.1,0.0
20231101:1011,0.0,37.0,0.0,15.45,1.63,7.31,0.0
20231101:1111,0.0,35.0,0.0,16.77,2.03,7.66,0.0
20231101:1211,0.0,25.0,0.0,16.06,2.28,8.21,0.0
20231101:1311,12.0,97.0,0.0,13.37,2.26,8.28,0.0
20231101:1411,0.0,19.0,0.0,8.96,2.25,8.55,0.0
20231101:1511,0.0,14.0,0.0,3.16,2.27,9.1,0.0
20231101:1611,0.0,0.0,0.0,0.0,2.37,9.93,0.0
20231101:1711,0.0,0.0,0.0,0.0,2.2,10.34,0.0
20231101:1811,0.0,0.0,0.0,0.0,1.95,10.97,0.0
20231101:1911,0.0,0.0,0.0,0.0,2.49,12.0,0.0
20231101:2011,0.0,0.0,0.0,0.0,2.71,12.14,0.0
20231101:2111,0.0,0.0,0.0,0.0,2.92,11.86,0.0
20231101:2211,0.0,0.0,0.0,0.0,2.96,11.59,0.0
20231101:2311,0.0,0.0,0.0,0.0,2.99,11.31,0.0
20231102:0011,0.0,0.0,0.0,0.0,3.21,10.97,0.0
20231102:0111,0.0,0.0,0.0,0.0,3.4,10.69,0.0
20231102:0211,0.0,0.0,0.0,0.0,3.33,10.21,0.0
20231102:0311,0.0,0.0,0.0,0.0,3.41,9.79,0.0
20231102:0411,0.0,0.0,0.0,0.0,3.68,9.45,0.0
20231102:0511,0.0,0.0,0.0,0.0,4.08,8.9,0.0
20231102:0611,0.0,0.0,0.0,0.0,4.46,8.55,0.0
20231102:0711,0.0,0.0,0.0,0.0,4.53,8.21,0.0
20231102:0811,6.0,45.0,0.0,7.06,5.01,7.86,0.0
20231102:0911,3.0,74.0,0.0,11.91,5.9,7.79,0.0
20231102:1011,0.0,66.0,0.0,15.14,6.42,7.66,0.0
20231102:1111,0.0,75.0,0.0,16.45,6.64,6.9,0.0
20231102:1211,0.0,55.0,0.0,15.74,6.75,6.9,0.0
20231102:1311,0.0,38.0,0.0,13.07,7.0,6.9,0.0
20231102:1411,0.0,17.0,0.0,8.66,7.25,7.93,0.0
20231102:1511,0.0,4.0,0.0,2.87,7.03,7.59,0.0
20231102:1611,0.0,0.0,0.0,0.0,6.86,7.38,0.0
20231102:1711,0.0,0.0,0.0,0.0,6.44,7.38,0.0
20231102:1811,0.0,0.0,0.0,0.0,6.32,7.79,0.0
20231102:1911,0.0,0.0,0.0,0.0,5.64,7.86,0.0
20231102:2011,0.0,0.0,0.0,0.0,5.68,8.21,0.0
20231102:2111,0.0,0.0,0.0,0.0,5.78,8.76,0.0
20231102:2211,0.0,0.0,0.0,0.0,5.9,8.83,0.0
20231102:2311,0.0,0.0,0.0,0.0,6.33,8.83,0.0
20231103:0011,0.0,0.0,0.0,0.0,6.35,8.48,0.0
20231103:0111,0.0,0.0,0.0,0.0,6.39,8.0,0.0
20231103:0211,0.0,0.0,0.0,0.0,6.98,7.86,0.0
20231103:0311,0.0,0.0,0.0,0.0,7.46,7.72,0.0
20231103:0411,0.0,0.0,0.0,0.0,7.77,7.72,0.0
20231103:0511,0.0,0.0,0.0,0.0,8.1,7.72,0.0
20231103:0611,0.0,0.0,0.0,0.0,8.2,7.52,0.0
20231103:0711,0.0,0.0,0.0,0.0,7.81,6.34,0.0
20231103:0811,0.0,11.0,0.0,6.76,7.59,6.28,0.0
20231103:0911,0.0,15.0,0.0,11.61,7.33,6.48,0.0
20231103:1011,10.0,106.0,0.0,14.82,6.95,6.48,0.0
20231103:1111,13.0,119.0,0.0,16.14,7.0,6.28,0.0
20231103:1211,175.01,67.0,0.0,15.43,7.38,5.93,0.0
20231103:1311,26.0,98.0,0.0,12.76,7.81,5.93,0.0
20231103:1411,2.0,49.0,0.0,8.37,7.79,6.07,0.0
20231103:1511,0.0,2.0,0.0,2.59,7.19,5.86,0.0
20231103:1611,0.0,0.0,0.0,0.0,6.59,5.86,0.0
20231103:1711,0.0,0.0,0.0,0.0,6.64,6.48,0.0
20231103:1811,0.0,0.0,0.0,0.0,6.98,7.1,0.0
20231103:1911,0.0,0.0,0.0,0.0,7.51,7.93,0.0
20231103:2011,0.0,0.0,0.0,0.0,7.63,8.07,0.0
20231103:2111,0.0,0.0,0.0,0.0,8.08,8.07,0.0
20231103:2211,0.0,0.0,0.0,0.0,8.27,7.93,0.0
20231103:2311,0.0,0.0,0.0,0.0,8.38,7.93,0.0
20231104:0011,0.0,0.0,0.0,0.0,8.35,8.21,0.0
20231104:0111,0.0,0.0,0.0,0.0,8.47,8.55,0.0
20231104:0211,0.0,0.0,0.0,0.0,8.73,8.62,0.0
20231104:0311,0.0,0.0,0.0,0.0,8.98,8.76,0.0
20231104:0411,0.0,0.0,0.0,0.0,8.93,8.9,0.0
20231104:0511,0.0,0.0,0.0,0.0,8.92,8.41,0.0
20231104:0611,0.0,0.0,0.0,0.0,8.79,8.34,0.0
20231104:0711,0.0,0.0,0.0,0.0,8.87,7.79,0.0
20231104:0811,4.0,39.0,0.0,6.47,8.66,7.66,0.0
20231104:0911,7.0,77.0,0.0,11.31,8.76,7.31,0.0
20231104:1011,4.0,91.0,0.0,14.51,8.95,7.31,0.0
20231104:1111,14.0,116.0,0.0,15.83,9.16,6.41,0.0
20231104:1211,12.0,109.0,0.0,15.12,9.22,6.34,0.0
20231104:1311,0.0,63.0,0.0,12.46,9.32,6.0,0.0
20231104:1411,0.0,25.0,0.0,8.08,9.04,6.0,0.0
20231104:1511,0.0,2.0,0.0,2.32,8.76,5.79,0.0
20231104:1611,0.0,0.0,0.0,0.0,8.44,5.38,0.0
20231104:1711,0.0,0.0,0.0,0.0,8.27,5.24,0.0
20231104:1811,0.0,0.0,0.0,0.0,8.08,5.24,0.0
20231104:1911,0.0,0.0,0.0,0.0,7.61,5.45,0.0
20231104:2011,0.0,0.0,0.0,0.0,7.47,5.66,0.0
20231104:2111,0.0,0.0,0.0,0.0,7.37,5.66,0.0
20231104:2211,0.0,0.0,0.0,0.0,7.31,5.66,0.0
20231104:2311,0.0,0.0,0.0,0.0,7.21,5.45,0.0
20231105:0011,0.0,0.0,0.0,0.0,7.05,5.1,0.0
20231105:0111,0.0,0.0,0.0,0.0,6.8,4.9,0.0
20231105:0211,0.0,0.0,0.0,0.0,6.65,5.1,0.0
20231105:0311,0.0,0.0,0.0,0.0,6.67,5.1,0.0
20231105:0411,0.0,0.0,0.0,0.0,6.72,5.03,0.0
20231105:0511,0.0,0.0,0.0,0.0,6.76,4.83,0.0
20231105:0611,0.0,0.0,0.0,0.0,6.69,4.48,0.0
20231105:0711,0.0,0.0,0.0,0.0,6.73,4.48,0.0
20231105:0811,8.0,40.0,0.0,6.18,6.89,4.21,0.0
20231105:0911,0.0,25.0,0.0,11.01,7.28,4.0,0.0
20231105:1011,2.0,83.0,0.0,14.21,7.72,3.72,0.0
20231105:1111,0.0,47.0,0.0,15.52,8.01,3.93,0.0
20231105:1211,0.0,35.0,0.0,14.82,7.97,3.66,0.0
20231105:1311,0.0,20.0,0.0,12.17,7.85,3.45,0.0
20231105:1411,0.0,9.0,0.0,7.8,7.64,3.38,0.0
20231105:1511,0.0,2.0,0.0,2.05,7.28,3.24,0.0
20231105:1611,0.0,0.0,0.0,0.0,6.83,3.17,0.0
20231105:1711,0.0,0.0,0.0,0.0,6.46,3.24,0.0
20231105:1811,0.0,0.0,0.0,0.0,6.14,3.24,0.0
20231105:1911,0.0,0.0,0.0,0.0,6.68,2.76,0.0
20231105:2011,0.0,0.0,0.0,0.0,6.68,2.28,0.0
20231105:2111,0.0,0.0,0.0,0.0,6.67,1.93,0.0
20231105:2211,0.0,0.0,0.0,0.0,6.55,1.72,0.0
20231105:2311,0.0,0.0,0.0,0.0,6.43,1.93,0.0
20231106:0011,0.0,0.0,0.0,0.0,6.44,2.14,0.0
20231106:0111,0.0,0.0,0.0,0.0,6.29,2.21,0.0
20231106:0211,0.0,0.0,0.0,0.0,6.29,2.07,0.0
20231106:0311,0.0,0.0,0.0,0.0,6.11,1.86,0.0
20231106:0411,0.0,0.0,0.0,0.0,5.86,1.38,0.0
20231106:0511,0.0,0.0,0.0,0.0,5.15,1.17,0.0
20231106:0611,0.0,0.0,0.0,0.0,3.25,1.38,0.0
20231106:0711,0.0,0.0,0.0,0.0,3.0,1.31,0.0
20231106:0811,12.0,39.0,0.0,5.89,3.25,0.9,0.0
20231106:0911,0.0,42.0,0.0,10.71,6.28,0.62,0.0
20231106:1011,9.0,98.0,0.0,13.91,6.4,0.83,0.0
20231106:1111,1.0,86.0,0.0,15.22,7.08,1.03,0.0
20231106:1211,4.0,92.0,0.0,14.52,7.18,1.03,0.0
20231106:1311,20.0,89.0,0.0,11.88,7.38,1.03,0.0
20231106:1411,12.0,52.0,0.0,7.52,7.34,1.03,0.0
20231106:1511,0.0,4.0,0.0,1.78,7.09,1.24,0.0
20231106:1611,0.0,0.0,0.0,0.0,6.27,1.03,0.0
20231106:1711,0.0,0.0,0.0,0.0,6.26,0.62,0.0
20231106:1811,0.0,0.0,0.0,0.0,6.39,0.55,0.0
20231106:1911,0.0,0.0,0.0,0.0,4.21,1.24,0.0
20231106:2011,0.0,0.0,0.0,0.0,4.46,1.52,0.0
20231106:2111,0.0,0.0,0.0,0.0,4.62,1.72,0.0
20231106:2211,0.0,0.0,0.0,0.0,4.6,1.72,0.0
20231106:2311,0.0,0.0,0.0,0.0,4.4,1.79,0.0
20231107:0011,0.0,0.0,0.0,0.0,4.33,1.86,0.0
20231107:0111,0.0,0.0,0.0,0.0,4.48,2.07,0.0
20231107:0211,0.0,0.0,0.0,0.0,4.35,2.07,0.0
20231107:0311,0.0,0.0,0.0,0.0,4.15,2.07,0.0
20231107:0411,0.0,0.0,0.0,0.0,4.11,2.07,0.0
20231107:0511,0.0,0.0,0.0,0.0,3.72,2.07,0.0
20231107:0611,0.0,0.0,0.0,0.0,3.57,2.0,0.0
20231107:0711,0.0,0.0,0.0,0.0,3.93,2.0,0.0
20231107:0811,10.0,34.28,0.0,5.61,3.97,1.86,0.0
20231107:0911,65.01,68.0,0.0,10.42,4.33,1.72,0.0
20231107:1011,115.01,78.0,0.0,13.61,5.29,1.52,0.0
20231107:1111,104.01,98.0,0.0,14.92,6.16,1.38,0.0
20231107:1211,133.01,76.0,0.0,14.22,6.38,1.38,0.0
20231107:1311,101.01,63.0,0.0,11.59,6.66,1.31,0.0
20231107:1411,9.0,49.0,0.0,7.25,6.78,1.31,0.0
20231107:1511,0.0,1.0,0.0,1.52,6.62,1.38,0.0
20231107:1611,0.0,0.0,0.0,0.0,5.96,1.45,0.0
20231107:1711,0.0,0.0,0.0,0.0,5.15,1.52,0.0
20231107:1811,0.0,0.0,0.0,0.0,4.03,1.45,0.0
20231107:1911,0.0,0.0,0.0,0.0,3.06,1.59,0.0
20231107:2011,0.0,0.0,0.0,0.0,2.7,1.59,0.0
20231107:2111,0.0,0.0,0.0,0.0,2.32,1.66,0.0
20231107:2211,0.0,0.0,0.0,0.0,2.11,1.79,0.0
20231107:2311,0.0,0.0,0.0,0.0,1.84,1.79,0.0
20231108:0011,0.0,0.0,0.0,0.0,1.76,1.72,0.0
20231108:0111,0.0,0.0,0.0,0.0,1.72,1.72,0.0
20231108:0211,0.0,0.0,0.0,0.0,1.65,1.79,0.0
20231108:0311,0.0,0.0,0.0,0.0,1.64,1.79,0.0
20231108:0411,0.0,0.0,0.0,0.0,1.79,1.79,0.0
20231108:0511,0.0,0.0,0.0,0.0,1.94,1.79,0.0
20231108:0611,0.0,0.0,0.0,0.0,2.17,2.0,0.0
20231108:0711,0.0,0.0,0.0,0.0,1.65,2.48,0.0
20231108:0811,8.0,32.84,0.0,5.33,1.93,2.76,0.0
20231108:0911,77.01,59.0,0.0,10.13,2.83,2.97,0.0
20231108:1011,132.01,67.0,0.0,13.32,4.26,3.31,0.0
20231108:1111,104.01,95.0,0.0,14.62,5.3,3.86,0.0
20231108:1211,109.01,86.0,0.0,13.93,5.85,4.55,0.0
20231108:1311,19.0,85.0,0.0,11.31,6.05,5.1,0.0
20231108:1411,0.0,24.0,0.0,6.98,5.88,5.52,0.0
20231108:1511,0.0,0.0,0.0,0.0,5.41,6.0,0.0
20231108:1611,0.0,0.0,0.0,0.0,5.25,6.48,0.0
20231108:1711,0.0,0.0,0.0,0.0,5.21,6.9,0.0
20231108:1811,0.0,0.0,0.0,0.0,5.34,7.31,0.0
20231108:1911,0.0,0.0,0.0,0.0,5.45,8.28,0.0
20231108:2011,0.0,0.0,0.0,0.0,5.05,8.55,0.0
20231108:2111,0.0,0.0,0.0,0.0,4.56,8.97,0.0
20231108:2211,0.0,0.0,0.0,0.0,4.33,8.9,0.0
20231108:2311,0.0,0.0,0.0,0.0,4.51,8.14,0.0
20231109:0011,0.0,0.0,0.0,0.0,4.67,6.9,0.0
20231109:0111,0.0,0.0,0.0,0.0,4.75,5.86,0.0
20231109:0211,0.0,0.0,0.0,0.0,4.82,4.48,0.0
20231109:0311,0.0,0.0,0.0,0.0,4.82,3.59,0.0
20231109:0411,0.0,0.0,0.0,0.0,4.84,3.24,0.0
20231109:0511,0.0,0.0,0.0,0.0,4.6,3.24,0.0
20231109:0611,0.0,0.0,0.0,0.0,4.35,3.38,0.0
20231109:0711,0.0,0.0,0.0,0.0,4.26,3.31,0.0
20231109:0811,3.0,28.29,0.0,5.05,4.11,3.52,0.0
20231109:0911,10.0,69.0,0.0,9.85,4.7,3.59,0.0
20231109:1011,52.0,98.0,0.0,13.03,5.43,3.79,0.0
20231109:1111,110.01,90.0,0.0,14.33,6.22,4.0,0.0
20231109:1211,73.01,98.0,0.0,13.65,6.61,4.41,0.0
20231109:1311,38.0,82.0,0.0,11.04,6.81,4.62,0.0
20231109:1411,25.0,45.0,0.0,6.72,6.68,4.83,0.0
20231109:1511,0.0,0.0,0.0,0.0,6.43,5.03,0.0
20231109:1611,0.0,0.0,0.0,0.0,6.11,5.17,0.0
20231109:1711,0.0,0.0,0.0,0.0,5.98,5.24,0.0
20231109:1811,0.0,0.0,0.0,0.0,5.75,5.24,0.0
20231109:1911,0.0,0.0,0.0,0.0,5.53,5.79,0.0
20231109:2011,0.0,0.0,0.0,0.0,5.35,5.72,0.0
20231109:2111,0.0,0.0,0.0,0.0,5.25,5.66,0.0
20231109:2211,0.0,0.0,0.0,0.0,5.17,5.66,0.0
20231109:2311,0.0,0.0,0.0,0.0,5.17,5.59,0.0
20231110:0011,0.0,0.0,0.0,0.0,5.04,5.31,0.0
20231110:0111,0.0,0.0,0.0,0.0,4.98,5.1,0.0
20231110:0211,0.0,0.0,0.0,0.0,4.93,4.83,0.0
20231110:0311,0.0,0.0,0.0,0.0,4.83,4.55,0.0
20231110:0411,0.0,0.0,0.0,0.0,4.63,4.48,0.0
20231110:0511,0.0,0.0,0.0,0.0,4.55,4.83,0.0
20231110:0611,0.0,0.0,0.0,0.0,4.45,5.31,0.0
20231110:0711,0.0,0.0,0.0,0.0,4.54,5.72,0.0
20231110:0811,0.0,21.0,0.0,4.78,4.35,5.86,0.0
20231110:0911,0.0,28.0,0.0,9.56,4.65,5.66,0.0
20231110:1011,0.0,41.0,0.0,12.74,5.12,5.1,0.0
20231110:1111,0.0,19.0,0.0,14.05,5.65,4.62,0.0
20231110:1211,0.0,59.0,0.0,13.37,6.05,3.86,0.0
20231110:1311,0.0,52.0,0.0,10.77,6.2,3.52,0.0
20231110:1411,3.0,40.0,0.0,6.47,6.03,3.1,0.0
20231110:1511,0.0,0.0,0.0,0.0,5.77,2.62,0.0
20231110:1611,0.0,0.0,0.0,0.0,5.58,2.28,0.0
20231110:1711,0.0,0.0,0.0,0.0,5.27,2.14,0.0
20231110:1811,0.0,0.0,0.0,0.0,5.24,2.07,0.0
20231110:1911,0.0,0.0,0.0,0.0,5.25,2.41,0.0
20231110:2011,0.0,0.0,0.0,0.0,5.18,2.34,0.0
20231110:2111,0.0,0.0,0.0,0.0,5.12,1.93,0.0
20231110:2211,0.0,0.0,0.0,0.0,5.14,1.45,0.0
20231110:2311,0.0,0.0,0.0,0.0,5.09,1.1,0.0
20231111:0011,0.0,0.0,0.0,0.0,4.64,0.97,0.0
20231111:0111,0.0,0.0,0.0,0.0,4.52,0.76,0.0
20231111:0211,0.0,0.0,0.0,0.0,4.73,0.62,0.0
20231111:0311,0.0,0.0,0.0,0.0,4.95,0.55,0.0
20231111:0411,0.0,0.0,0.0,0.0,4.92,0.55,0.0
20231111:0511,0.0,0.0,0.0,0.0,4.79,0.62,0.0
20231111:0611,0.0,0.0,0.0,0.0,4.74,0.62,0.0
20231111:0711,0.0,0.0,0.0,0.0,4.34,0.62,0.0
20231111:0811,0.0,19.0,0.0,4.51,4.8,0.48,0.0
20231111:0911,23.0,68.0,0.0,9.29,4.63,0.55,0.0
20231111:1011,49.0,94.0,0.0,12.46,4.85,0.83,0.0
20231111:1111,45.0,107.0,0.0,13.77,5.08,1.17,0.0
20231111:1211,60.0,97.0,0.0,13.1,5.14,1.52,0.0
20231111:1311,26.0,79.0,0.0,10.51,5.16,1.38,0.0
20231111:1411,5.0,40.0,0.0,6.22,5.11,1.17,0.0
20231111:1511,0.0,0.0,0.0,0.0,5.01,1.24,0.0
20231111:1611,0.0,0.0,0.0,0.0,4.59,1.38,0.0
20231111:1711,0.0,0.0,0.0,0.0,3.91,1.31,0.0
20231111:1811,0.0,0.0,0.0,0.0,3.62,1.1,0.0
20231111:1911,0.0,0.0,0.0,0.0,3.54,0.9,0.0
20231111:2011,0.0,0.0,0.0,0.0,2.2,1.17,0.0
20231111:2111,0.0,0.0,0.0,0.0,1.56,1.31,0.0
20231111:2211,0.0,0.0,0.0,0.0,-0.66,1.45,0.0
20231111:2311,0.0,0.0,0.0,0.0,-0.94,1.45,0.0
20231112:0011,0.0,0.0,0.0,0.0,-1.43,1.52,0.0
20231112:0111,0.0,0.0,0.0,0.0,-2.02,1.66,0.0
20231112:0211,0.0,0.0,0.0,0.0,-2.1,1.66,0.0
20231112:0311,0.0,0.0,0.0,0.0,-2.16,1.59,0.0
20231112:0411,0.0,0.0,0.0,0.0,-2.25,1.66,0.0
20231112:0511,0.0,0.0,0.0,0.0,-2.69,1.66,0.0
20231112:0611,0.0,0.0,0.0,0.0,-2.8,1.72,0.0
20231112:0711,0.0,0.0,0.0,0.0,-2.88,1.72,0.0
20231112:0811,0.0,26.0,0.0,4.24,-2.36,1.52,0.0
20231112:0911,57.01,58.0,0.0,9.01,1.07,1.52,0.0
20231112:1011,103.01,70.0,0.0,12.18,2.59,1.24,0.0
20231112:1111,99.01,87.0,0.0,13.49,4.46,0.9,0.0
20231112:1211,145.01,57.0,0.0,12.83,4.76,0.83,0.0
20231112:1311,45.0,74.0,0.0,10.25,4.74,0.9,0.0
20231112:1411,0.0,21.0,0.0,5.97,4.77,1.17,0.0
20231112:1511,0.0,0.0,0.0,0.0,4.38,1.52,0.0
20231112:1611,0.0,0.0,0.0,0.0,4.06,1.59,0.0
20231112:1711,0.0,0.0,0.0,0.0,3.66,1.45,0.0
20231112:1811,0.0,0.0,0.0,0.0,3.46,1.31,0.0
20231112:1911,0.0,0.0,0.0,0.0,3.5,0.97,0.0
20231112:2011,0.0,0.0,0.0,0.0,2.67,1.45,0.0
20231112:2111,0.0,0.0,0.0,0.0,1.68,1.93,0.0
20231112:2211,0.0,0.0,0.0,0.0,1.63,2.28,0.0
20231112:2311,0.0,0.0,0.0,0.0,2.08,2.55,0.0
20231113:0011,0.0,0.0,0.0,0.0,3.46,2.83,0.0
20231113:0111,0.0,0.0,0.0,0.0,3.44,3.17,0.0
20231113:0211,0.0,0.0,0.0,0.0,3.31,3.52,0.0
20231113:0311,0.0,0.0,0.0,0.0,3.26,3.79,0.0
20231113:0411,0.0,0.0,0.0,0.0,3.33,4.21,0.0
20231113:0511,0.0,0.0,0.0,0.0,3.29,4.69,0.0
20231113:0611,0.0,0.0,0.0,0.0,3.31,5.03,0.0
20231113:0711,0.0,0.0,0.0,0.0,3.41,5.24,0.0
20231113:0811,0.0,12.0,0.0,3.98,3.46,5.72,0.0
20231113:0911,41.0,61.0,0.0,8.74,3.63,6.14,0.0
20231113:1011,98.01,70.0,0.0,11.91,4.11,6.48,0.0
20231113:1111,102.01,82.0,0.0,13.22,4.56,6.62,0.0
20231113:1211,93.01,79.0,0.0,12.56,4.74,6.48,0.0
20231113:1311,36.0,74.0,0.0,10.0,4.67,6.97,0.0
20231113:1411,7.0,37.0,0.0,5.73,4.37,7.38,0.0
20231113:1511,0.0,0.0,0.0,0.0,4.01,7.45,0.0
20231113:1611,0.0,0.0,0.0,0.0,3.67,7.38,0.0
20231113:1711,0.0,0.0,0.0,0.0,3.42,7.59,0.0
20231113:1811,0.0,0.0,0.0,0.0,3.23,7.72,0.0
20231113:1911,0.0,0.0,0.0,0.0,3.46,7.52,0.0
20231113:2011,0.0,0.0,0.0,0.0,3.25,7.38,0.0
20231113:2111,0.0,0.0,0.0,0.0,3.16,7.17,0.0
20231113:2211,0.0,0.0,0.0,0.0,3.09,6.97,0.0
20231113:2311,0.0,0.0,0.0,0.0,3.03,6.69,0.0
20231114:0011,0.0,0.0,0.0,0.0,3.01,6.41,0.0
20231114:0111,0.0,0.0,0.0,0.0,2.96,6.14,0.0
20231114:0211,0.0,0.0,0.0,0.0,2.96,5.86,0.0
20231114:0311,0.0,0.0,0.0,0.0,2.87,5.38,0.0
20231114:0411,0.0,0.0,0.0,0.0,2.8,4.9,0.0
20231114:0511,0.0,0.0,0.0,0.0,2.67,4.69,0.0
20231114:0611,0.0,0.0,0.0,0.0,2.44,4.28,0.0
20231114:0711,0.0,0.0,0.0,0.0,3.47,3.66,0.0
20231114:0811,0.0,12.0,0.0,3.72,3.44,3.38,0.0
20231114:0911,71.01,45.0,0.0,8.48,3.56,3.17,0.0
20231114:1011,129.01,52.0,0.0,11.64,3.93,2.83,0.0
20231114:1111,73.01,93.0,0.0,12.96,4.44,2.28,0.0
20231114:1211,25.0,95.0,0.0,12.31,4.75,1.72,0.0
20231114:1311,57.01,65.0,0.0,9.75,4.79,1.17,0.0
20231114:1411,0.0,20.0,0.0,5.5,4.57,0.83,0.0
20231114:1511,0.0,0.0,0.0,0.0,3.8,0.76,0.0
20231114:1611,0.0,0.0,0.0,0.0,3.32,0.83,0.0
20231114:1711,0.0,0.0,0.0,0.0,2.06,1.24,0.0
20231114:1811,0.0,0.0,0.0,0.0,1.13,1.66,0.0
20231114:1911,0.0,0.0,0.0,0.0,2.22,1.86,0.0
20231114:2011,0.0,0.0,0.0,0.0,2.27,1.72,0.0
20231114:2111,0.0,0.0,0.0,0.0,2.4,1.59,0.0
20231114:2211,0.0,0.0,0.0,0.0,2.26,1.38,0.0
20231114:2311,0.0,0.0,0.0,0.0,1.82,1.52,0.0
20231115:0011,0.0,0.0,0.0,0.0,1.81,1.72,0.0
20231115:0111,0.0,0.0,0.0,0.0,1.49,1.93,0.0
20231115:0211,0.0,0.0,0.0,0.0,1.07,2.0,0.0
20231115:0311,0.0,0.0,0.0,0.0,0.1,2.07,0.0
20231115:0411,0.0,0.0,0.0,0.0,0.13,2.21,0.0
20231115:0511,0.0,0.0,0.0,0.0,0.38,2.41,0.0
20231115:0611,0.0,0.0,0.0,0.0,1.22,2.62,0.0
20231115:0711,0.0,0.0,0.0,0.0,1.53,3.45,0.0
20231115:0811,0.0,21.0,0.0,3.46,1.49,3.52,0.0
20231115:0911,46.0,54.0,0.0,8.22,1.74,3.38,0.0
20231115:1011,83.01,71.0,0.0,11.38,2.34,3.31,0.0
20231115:1111,74.01,89.0,0.0,12.7,2.74,3.52,0.0
20231115:1211,52.0,90.0,0.0,12.05,3.0,3.45,0.0
20231115:1311,11.0,69.0,0.0,9.51,3.04,3.52,0.0
20231115:1411,4.0,31.0,0.0,5.27,2.84,3.59,0.0
20231115:1511,0.0,0.0,0.0,0.0,2.38,3.86,0.0
20231115:1611,0.0,0.0,0.0,0.0,1.88,3.93,0.0
20231115:1711,0.0,0.0,0.0,0.0,1.53,3.93,0.0
20231115:1811,0.0,0.0,0.0,0.0,1.28,4.0,0.0
20231115:1911,0.0,0.0,0.0,0.0,1.46,4.07,0.0
20231115:2011,0.0,0.0,0.0,0.0,1.31,4.34,0.0
20231115:2111,0.0,0.0,0.0,0.0,1.3,4.48,0.0
20231115:2211,0.0,0.0,0.0,0.0,1.23,4.55,0.0
20231115:2311,0.0,0.0,0.0,0.0,1.12,4.48,0.0
20231116:0011,0.0,0.0,0.0,0.0,1.07,4.48,0.0
20231116:0111,0.0,0.0,0.0,0.0,1.14,4.48,0.0
20231116:0211,0.0,0.0,0.0,0.0,1.19,4.48,0.0
20231116:0311,0.0,0.0,0.0,0.0,1.21,4.48,0.0
20231116:0411,0.0,0.0,0.0,0.0,1.16,4.62,0.0
20231116:0511,0.0,0.0,0.0,0.0,1.27,4.83,0.0
20231116:0611,0.0,0.0,0.0,0.0,1.34,4.97,0.0
20231116:0711,0.0,0.0,0.0,0.0,1.07,5.45,0.0
20231116:0811,0.0,11.0,0.0,3.21,0.95,5.59,0.0
20231116:0911,0.0,36.0,0.0,7.96,0.85,5.66,0.0
20231116:1011,0.0,53.0,0.0,11.12,0.97,5.66,0.0
20231116:1111,0.0,30.0,0.0,12.44,1.03,5.59,0.0
20231116:1211,0.0,34.0,0.0,11.81,1.18,5.45,0.0
20231116:1311,0.0,26.0,0.0,9.28,1.27,5.38,0.0
20231116:1411,0.0,5.0,0.0,5.05,1.26,5.31,0.0
20231116:1511,0.0,0.0,0.0,0.0,1.17,5.17,0.0
20231116:1611,0.0,0.0,0.0,0.0,1.03,5.1,0.0
20231116:1711,0.0,0.0,0.0,0.0,0.88,5.03,0.0
20231116:1811,0.0,0.0,0.0,0.0,0.73,4.97,0.0
20231116:1911,0.0,0.0,0.0,0.0,0.62,4.62,0.0
20231116:2011,0.0,0.0,0.0,0.0,0.46,4.62,0.0
20231116:2111,0.0,0.0,0.0,0.0,0.41,4.83,0.0
20231116:2211,0.0,0.0,0.0,0.0,0.29,5.03,0.0
20231116:2311,0.0,0.0,0.0,0.0,0.32,5.03,0.0
20231117:0011,0.0,0.0,0.0,0.0,0.44,4.9,0.0
20231117:0111,0.0,0.0,0.0,0.0,0.45,4.62,0.0
20231117:0211,0.0,0.0,0.0,0.0,0.4,4.34,0.0
20231117:0311,0.0,0.0,0.0,0.0,0.25,4.07,0.0
20231117:0411,0.0,0.0,0.0,0.0,0.18,3.93,0.0
20231117:0511,0.0,0.0,0.0,0.0,0.13,3.66,0.0
20231117:0611,0.0,0.0,0.0,0.0,0.04,3.66,0.0
20231117:0711,0.0,0.0,0.0,0.0,-0.34,4.0,0.0
20231117:0811,0.0,9.0,0.0,2.96,-0.6,4.0,0.0
20231117:0911,14.0,55.0,0.0,7.71,-0.48,3.66,0.0
20231117:1011,0.0,38.0,0.0,10.87,-0.08,3.24,0.0
20231117:1111,0.0,43.0,0.0,12.19,0.43,3.03,0.0
20231117:1211,12.0,85.0,0.0,11.57,0.79,2.83,0.0
20231117:1311,17.0,67.0,0.0,9.05,0.93,2.83,0.0
20231117:1411,0.0,20.0,0.0,4.84,0.76,2.83,0.0
20231117:1511,0.0,0.0,0.0,0.0,0.44,2.97,0.0
20231117:1611,0.0,0.0,0.0,0.0,0.06,2.9,0.0
20231117:1711,0.0,0.0,0.0,0.0,-0.23,3.03,0.0
20231117:1811,0.0,0.0,0.0,0.0,-0.51,3.03,0.0
20231117:1911,0.0,0.0,0.0,0.0,0.09,4.0,0.0
20231117:2011,0.0,0.0,0.0,0.0,0.0,4.28,0.0
20231117:2111,0.0,0.0,0.0,0.0,0.03,4.55,0.0
20231117:2211,0.0,0.0,0.0,0.0,0.15,4.62,0.0
20231117:2311,0.0,0.0,0.0,0.0,0.51,4.97,0.0
20231118:0011,0.0,0.0,0.0,0.0,0.74,5.38,0.0
20231118:0111,0.0,0.0,0.0,0.0,1.01,5.59,0.0
20231118:0211,0.0,0.0,0.0,0.0,1.33,5.93,0.0
20231118:0311,0.0,0.0,0.0,0.0,1.57,6.62,0.0
20231118:0411,0.0,0.0,0.0,0.0,1.89,7.1,0.0
20231118:0511,0.0,0.0,0.0,0.0,1.83,7.45,0.0
20231118:0611,0.0,0.0,0.0,0.0,2.07,7.66,0.0
20231118:0711,0.0,0.0,0.0,0.0,2.06,7.66,0.0
20231118:0811,0.0,7.0,0.0,2.71,1.92,8.0,0.0
20231118:0911,4.0,46.0,0.0,7.46,2.03,8.14,0.0
20231118:1011,23.0,80.0,0.0,10.62,2.18,8.28,0.0
20231118:1111,38.0,91.0,0.0,11.95,2.39,8.48,0.0
20231118:1211,0.0,37.0,0.0,11.33,2.49,8.76,0.0
20231118:1311,0.0,13.0,0.0,8.82,2.42,8.97,0.0
20231118:1411,0.0,5.0,0.0,4.63,2.31,9.1,0.0
20231118:1511,0.0,0.0,0.0,0.0,2.09,9.24,0.0
20231118:1611,0.0,0.0,0.0,0.0,2.0,9.38,0.0
20231118:1711,0.0,0.0,0.0,0.0,2.15,9.72,0.0
20231118:1811,0.0,0.0,0.0,0.0,2.25,9.79,0.0
20231118:1911,0.0,0.0,0.0,0.0,2.71,10.07,0.0
20231118:2011,0.0,0.0,0.0,0.0,2.63,10.48,0.0
20231118:2111,0.0,0.0,0.0,0.0,2.63,10.48,0.0
20231118:2211,0.0,0.0,0.0,0.0,2.62,10.48,0.0
20231118:2311,0.0,0.0,0.0,0.0,2.64,10.55,0.0
20231119:0011,0.0,0.0,0.0,0.0,2.68,10.48,0.0
20231119:0111,0.0,0.0,0.0,0.0,2.7,10.62,0.0
20231119:0211,0.0,0.0,0.0,0.0,2.76,10.69,0.0
20231119:0311,0.0,0.0,0.0,0.0,2.87,10.62,0.0
20231119:0411,0.0,0.0,0.0,0.0,2.75,10.48,0.0
20231119:0511,0.0,0.0,0.0,0.0,2.53,10.28,0.0
20231119:0611,0.0,0.0,0.0,0.0,2.24,9.93,0.0
20231119:0711,0.0,0.0,0.0,0.0,2.37,9.79,0.0
20231119:0811,0.0,3.0,0.0,2.47,2.04,9.72,0.0
20231119:0911,0.0,24.0,0.0,7.22,2.03,9.45,0.0
20231119:1011,0.0,21.0,0.0,10.38,2.09,9.17,0.0
20231119:1111,0.0,32.0,0.0,11.71,2.45,8.97,0.0
20231119:1211,0.0,42.0,0.0,11.1,2.7,8.48,0.0
20231119:1311,27.0,61.0,0.0,8.61,2.88,8.28,0.0
20231119:1411,0.0,4.0,0.0,4.43,2.98,8.21,0.0
20231119:1511,0.0,0.0,0.0,0.0,2.96,8.0,0.0
20231119:1611,0.0,0.0,0.0,0.0,3.01,7.59,0.0
20231119:1711,0.0,0.0,0.0,0.0,3.04,7.45,0.0
20231119:1811,0.0,0.0,0.0,0.0,3.02,7.24,0.0
20231119:1911,0.0,0.0,0.0,0.0,3.14,6.97,0.0
20231119:2011,0.0,0.0,0.0,0.0,3.27,6.76,0.0
20231119:2111,0.0,0.0,0.0,0.0,3.18,6.41,0.0
20231119:2211,0.0,0.0,0.0,0.0,3.22,6.28,0.0
20231119:2311,0.0,0.0,0.0,0.0,3.28,6.21,0.0
20231120:0011,0.0,0.0,0.0,0.0,3.29,6.07,0.0
20231120:0111,0.0,0.0,0.0,0.0,3.23,5.86,0.0
20231120:0211,0.0,0.0,0.0,0.0,3.24,5.79,0.0
20231120:0311,0.0,0.0,0.0,0.0,3.14,5.66,0.0
20231120:0411,0.0,0.0,0.0,0.0,3.13,5.45,0.0
20231120:0511,0.0,0.0,0.0,0.0,3.03,5.1,0.0
20231120:0611,0.0,0.0,0.0,0.0,2.91,4.9,0.0
20231120:0711,0.0,0.0,0.0,0.0,3.25,4.62,0.0
20231120:0811,0.0,4.0,0.0,2.24,3.2,4.14,0.0
20231120:0911,0.0,25.0,0.0,6.98,3.18,3.93,0.0
20231120:1011,1.0,55.0,0.0,10.14,3.23,3.66,0.0
20231120:1111,105.01,59.0,0.0,11.48,3.43,3.45,0.0
20231120:1211,11.0,77.0,0.0,10.88,3.57,3.1,0.0
20231120:1311,0.0,17.0,0.0,8.4,3.57,2.9,0.0
20231120:1411,0.0,18.0,0.0,4.23,3.48,2.69,0.0
20231120:1511,0.0,0.0,0.0,0.0,3.23,2.41,0.0
20231120:1611,0.0,0.0,0.0,0.0,2.9,2.28,0.0
20231120:1711,0.0,0.0,0.0,0.0,2.87,2.14,0.0
20231120:1811,0.0,0.0,0.0,0.0,2.65,1.86,0.0
20231120:1911,0.0,0.0,0.0,0.0,3.28,1.79,0.0
20231120:2011,0.0,0.0,0.0,0.0,3.1,1.45,0.0
20231120:2111,0.0,0.0,0.0,0.0,2.82,1.24,0.0
20231120:2211,0.0,0.0,0.0,0.0,2.72,0.76,0.0
20231120:2311,0.0,0.0,0.0,0.0,3.47,0.48,0.0
20231121:0011,0.0,0.0,0.0,0.0,3.47,0.55,0.0
20231121:0111,0.0,0.0,0.0,0.0,2.32,1.1,0.0
20231121:0211,0.0,0.0,0.0,0.0,1.97,1.45,0.0
20231121:0311,0.0,0.0,0.0,0.0,2.4,1.72,0.0
20231121:0411,0.0,0.0,0.0,0.0,3.01,2.0,0.0
20231121:0511,0.0,0.0,0.0,0.0,3.11,2.55,0.0
20231121:0611,0.0,0.0,0.0,0.0,3.1,3.03,0.0
20231121:0711,0.0,0.0,0.0,0.0,3.69,2.9,0.0
20231121:0811,0.0,4.0,0.0,2.0,3.57,3.24,0.0
20231121:0911,1.0,37.0,0.0,6.74,3.52,3.45,0.0
20231121:1011,0.0,49.0,0.0,9.91,3.66,3.72,0.0
20231121:1111,1.0,63.0,0.0,11.25,3.78,3.93,0.0
20231121:1211,0.0,39.0,0.0,10.66,3.73,4.14,0.0
20231121:1311,0.0,21.0,0.0,8.19,3.55,4.14,0.0
20231121:1411,0.0,6.0,0.0,4.04,3.36,4.28,0.0
20231121:1511,0.0,0.0,0.0,0.0,3.06,4.34,0.0
20231121:1611,0.0,0.0,0.0,0.0,2.97,4.21,0.0
20231121:1711,0.0,0.0,0.0,0.0,2.81,4.41,0.0
20231121:1811,0.0,0.0,0.0,0.0,2.63,4.76,0.0
20231121:1911,0.0,0.0,0.0,0.0,2.42,4.83,0.0
20231121:2011,0.0,0.0,0.0,0.0,2.04,5.45,0.0
20231121:2111,0.0,0.0,0.0,0.0,1.94,5.79,0.0
20231121:2211,0.0,0.0,0.0,0.0,1.8,6.48,0.0
20231121:2311,0.0,0.0,0.0,0.0,2.09,6.48,0.0
20231122:0011,0.0,0.0,0.0,0.0,2.66,6.28,0.0
20231122:0111,0.0,0.0,0.0,0.0,3.21,6.21,0.0
20231122:0211,0.0,0.0,0.0,0.0,3.6,6.07,0.0
20231122:0311,0.0,0.0,0.0,0.0,3.96,6.07,0.0
20231122:0411,0.0,0.0,0.0,0.0,4.48,6.55,0.0
20231122:0511,0.0,0.0,0.0,0.0,4.9,7.03,0.0
20231122:0611,0.0,0.0,0.0,0.0,4.99,7.72,0.0
20231122:0711,0.0,0.0,0.0,0.0,4.61,7.59,0.0
20231122:0811,0.0,2.0,0.0,1.78,5.17,8.14,0.0
20231122:0911,0.0,15.0,0.0,6.52,5.94,8.69,0.0
20231122:1011,0.0,15.0,0.0,9.68,6.67,8.83,0.0
20231122:1111,0.0,14.0,0.0,11.03,7.25,8.62,0.0
20231122:1211,0.0,19.0,0.0,10.45,7.82,8.14,0.0
20231122:1311,0.0,12.0,0.0,8.0,8.27,7.93,0.0
20231122:1411,0.0,15.0,0.0,3.86,8.25,7.45,0.0
20231122:1511,0.0,0.0,0.0,0.0,7.74,6.76,0.0
20231122:1611,0.0,0.0,0.0,0.0,7.35,6.28,0.0
20231122:1711,0.0,0.0,0.0,0.0,7.36,6.62,0.0
20231122:1811,0.0,0.0,0.0,0.0,7.36,6.97,0.0
20231122:1911,0.0,0.0,0.0,0.0,7.25,7.59,0.0
20231122:2011,0.0,0.0,0.0,0.0,7.34,8.0,0.0
20231122:2111,0.0,0.0,0.0,0.0,7.25,7.93,0.0
20231122:2211,0.0,0.0,0.0,0.0,7.24,7.79,0.0
20231122:2311,0.0,0.0,0.0,0.0,7.18,8.41,0.0
20231123:0011,0.0,0.0,0.0,0.0,7.03,9.31,0.0
20231123:0111,0.0,0.0,0.0,0.0,7.24,9.45,0.0
20231123:0211,0.0,0.0,0.0,0.0,6.96,9.66,0.0
20231123:0311,0.0,0.0,0.0,0.0,6.56,9.52,0.0
20231123:0411,0.0,0.0,0.0,0.0,6.33,9.72,0.0
20231123:0511,0.0,0.0,0.0,0.0,6.05,10.14,0.0
20231123:0611,0.0,0.0,0.0,0.0,5.73,10.76,0.0
20231123:0711,0.0,0.0,0.0,0.0,5.78,10.83,0.0
20231123:0811,0.0,1.0,0.0,1.56,5.21,10.34,0.0
20231123:0911,0.0,13.0,0.0,6.29,4.83,10.41,0.0
20231123:1011,0.0,12.0,0.0,9.46,4.55,10.9,0.0
20231123:1111,12.0,78.0,0.0,10.81,4.19,10.97,0.0
20231123:1211,18.0,75.0,0.0,10.25,3.83,11.72,0.0
20231123:1311,17.0,56.0,0.0,7.81,3.79,11.52,0.0
20231123:1411,0.0,3.0,0.0,3.68,3.66,11.45,0.0
20231123:1511,0.0,0.0,0.0,0.0,3.25,11.1,0.0
20231123:1611,0.0,0.0,0.0,0.0,2.45,10.97,0.0
20231123:1711,0.0,0.0,0.0,0.0,2.29,11.31,0.0
20231123:1811,0.0,0.0,0.0,0.0,1.96,11.24,0.0
20231123:1911,0.0,0.0,0.0,0.0,1.81,11.03,0.0
20231123:2011,0.0,0.0,0.0,0.0,1.45,11.03,0.0
20231123:2111,0.0,0.0,0.0,0.0,1.09,10.55,0.0
20231123:2211,0.0,0.0,0.0,0.0,0.78,10.07,0.0
20231123:2311,0.0,0.0,0.0,0.0,1.15,8.9,0.0
20231124:0011,0.0,0.0,0.0,0.0,1.54,9.17,0.0
20231124:0111,0.0,0.0,0.0,0.0,1.78,9.38,0.0
20231124:0211,0.0,0.0,0.0,0.0,1.46,9.66,0.0
20231124:0311,0.0,0.0,0.0,0.0,1.37,9.93,0.0
20231124:0411,0.0,0.0,0.0,0.0,1.28,10.69,0.0
20231124:0511,0.0,0.0,0.0,0.0,1.37,10.76,0.0
20231124:0611,0.0,0.0,0.0,0.0,1.13,10.48,0.0
20231124:0711,0.0,0.0,0.0,0.0,1.56,8.76,0.0
20231124:0811,0.0,1.0,0.0,1.34,1.98,9.24,0.0
20231124:0911,0.0,10.0,0.0,6.07,2.39,9.93,0.0
20231124:1011,10.0,65.0,0.0,9.24,3.06,10.9,0.0
20231124:1111,14.0,78.0,0.0,10.61,3.21,10.34,0.0
20231124:1211,16.0,76.0,0.0,10.05,3.33,8.97,0.0
20231124:1311,11.0,54.0,0.0,7.62,3.26,8.21,0.0
20231124:1411,1.0,17.79,0.0,3.51,3.08,7.45,0.0
20231124:1511,0.0,0.0,0.0,0.0,2.63,6.97,0.0
20231124:1611,0.0,0.0,0.0,0.0,2.41,7.24,0.0
20231124:1711,0.0,0.0,0.0,0.0,2.57,7.93,0.0
20231124:1811,0.0,0.0,0.0,0.0,2.82,7.38,0.0
20231124:1911,0.0,0.0,0.0,0.0,2.97,6.9,0.0
20231124:2011,0.0,0.0,0.0,0.0,2.72,6.14,0.0
20231124:2111,0.0,0.0,0.0,0.0,2.72,6.28,0.0
20231124:2211,0.0,0.0,0.0,0.0,2.75,6.9,0.0
20231124:2311,0.0,0.0,0.0,0.0,3.05,7.72,0.0
20231125:0011,0.0,0.0,0.0,0.0,3.45,8.34,0.0
20231125:0111,0.0,0.0,0.0,0.0,3.54,8.34,0.0
20231125:0211,0.0,0.0,0.0,0.0,3.36,7.59,0.0
20231125:0311,0.0,0.0,0.0,0.0,2.84,6.55,0.0
20231125:0411,0.0,0.0,0.0,0.0,2.34,5.59,0.0
20231125:0511,0.0,0.0,0.0,0.0,1.9,4.83,0.0
20231125:0611,0.0,0.0,0.0,0.0,1.41,4.28,0.0
20231125:0711,0.0,0.0,0.0,0.0,1.1,3.45,0.0
20231125:0811,0.0,0.0,0.0,0.0,0.63,3.1,0.0
20231125:0911,14.0,41.0,0.0,5.86,0.48,2.69,0.0
20231125:1011,37.0,65.0,0.0,9.03,0.95,2.41,0.0
20231125:1111,51.0,75.0,0.0,10.4,1.61,2.48,0.0
20231125:1211,31.0,74.0,0.0,9.86,2.04,2.9,0.0
20231125:1311,15.0,53.0,0.0,7.44,2.08,3.24,0.0
20231125:1411,0.0,14.0,0.0,3.35,1.89,3.93,0.0
20231125:1511,0.0,0.0,0.0,0.0,1.5,4.41,0.0
20231125:1611,0.0,0.0,0.0,0.0,1.29,4.48,0.0
20231125:1711,0.0,0.0,0.0,0.0,1.06,4.28,0.0
20231125:1811,0.0,0.0,0.0,0.0,0.82,4.0,0.0
20231125:1911,0.0,0.0,0.0,0.0,0.92,2.41,0.0
20231125:2011,0.0,0.0,0.0,0.0,0.76,2.34,0.0
20231125:2111,0.0,0.0,0.0,0.0,0.67,2.21,0.0
20231125:2211,0.0,0.0,0.0,0.0,0.6,2.07,0.0
20231125:2311,0.0,0.0,0.0,0.0,0.59,2.0,0.0
20231126:0011,0.0,0.0,0.0,0.0,0.54,2.07,0.0
20231126:0111,0.0,0.0,0.0,0.0,0.69,2.21,0.0
20231126:0211,0.0,0.0,0.0,0.0,0.85,2.34,0.0
20231126:0311,0.0,0.0,0.0,0.0,0.98,2.34,0.0
20231126:0411,0.0,0.0,0.0,0.0,1.09,2.07,0.0
20231126:0511,0.0,0.0,0.0,0.0,1.34,2.14,0.0
20231126:0611,0.0,0.0,0.0,0.0,1.37,2.07,0.0
20231126:0711,0.0,0.0,0.0,0.0,0.74,1.31,0.0
20231126:0811,0.0,0.0,0.0,0.0,0.14,1.24,0.0
20231126:0911,0.0,13.0,0.0,5.65,0.43,1.1,0.0
20231126:1011,1.0,49.0,0.0,8.83,1.25,0.97,0.0
20231126:1111,0.0,47.0,0.0,10.21,2.16,0.76,0.0
20231126:1211,0.0,33.0,0.0,9.67,2.57,0.76,0.0
20231126:1311,0.0,15.0,0.0,7.27,2.64,0.97,0.0
20231126:1411,0.0,9.0,0.0,3.19,2.56,1.17,0.0
20231126:1511,0.0,0.0,0.0,0.0,2.31,1.66,0.0
20231126:1611,0.0,0.0,0.0,0.0,2.11,2.48,0.0
20231126:1711,0.0,0.0,0.0,0.0,2.03,3.52,0.0
20231126:1811,0.0,0.0,0.0,0.0,2.06,4.97,0.0
20231126:1911,0.0,0.0,0.0,0.0,1.51,6.9,0.0
20231126:2011,0.0,0.0,0.0,0.0,1.22,7.38,0.0
20231126:2111,0.0,0.0,0.0,0.0,1.52,7.52,0.0
20231126:2211,0.0,0.0,0.0,0.0,1.74,7.72,0.0
20231126:2311,0.0,0.0,0.0,0.0,1.77,7.79,0.0
20231127:0011,0.0,0.0,0.0,0.0,1.65,7.93,0.0
20231127:0111,0.0,0.0,0.0,0.0,1.45,7.93,0.0
20231127:0211,0.0,0.0,0.0,0.0,1.14,7.72,0.0
20231127:0311,0.0,0.0,0.0,0.0,0.8,7.38,0.0
20231127:0411,0.0,0.0,0.0,0.0,0.51,7.03,0.0
20231127:0511,0.0,0.0,0.0,0.0,0.17,6.9,0.0
20231127:0611,0.0,0.0,0.0,0.0,-0.1,6.76,0.0
20231127:0711,0.0,0.0,0.0,0.0,-0.62,5.86,0.0
20231127:0811,0.0,0.0,0.0,0.0,-0.74,5.66,0.0
20231127:0911,0.0,26.0,0.0,5.45,-0.73,5.24,0.0
20231127:1011,85.01,41.0,0.0,8.63,-0.62,4.76,0.0
20231127:1111,105.01,47.0,0.0,10.02,-0.43,4.41,0.0
20231127:1211,71.01,57.0,0.0,9.5,-0.35,4.0,0.0
20231127:1311,47.01,43.0,0.0,7.11,-0.42,3.72,0.0
20231127:1411,2.0,15.57,0.0,3.04,-0.76,3.45,0.0
20231127:1511,0.0,0.0,0.0,0.0,-1.2,3.52,0.0
20231127:1611,0.0,0.0,0.0,0.0,-1.59,3.66,0.0
20231127:1711,0.0,0.0,0.0,0.0,-1.94,3.79,0.0
20231127:1811,0.0,0.0,0.0,0.0,-2.24,3.72,0.0
20231127:1911,0.0,0.0,0.0,0.0,-1.89,3.45,0.0
20231127:2011,0.0,0.0,0.0,0.0,-1.92,3.31,0.0
20231127:2111,0.0,0.0,0.0,0.0,-2.0,3.17,0.0
20231127:2211,0.0,0.0,0.0,0.0,-2.06,3.17,0.0
20231127:2311,0.0,0.0,0.0,0.0,-2.11,3.38,0.0
20231128:0011,0.0,0.0,0.0,0.0,-2.19,3.79,0.0
20231128:0111,0.0,0.0,0.0,0.0,-2.39,4.28,0.0
20231128:0211,0.0,0.0,0.0,0.0,-2.56,4.9,0.0
20231128:0311,0.0,0.0,0.0,0.0,-2.87,5.45,0.0
20231128:0411,0.0,0.0,0.0,0.0,-3.31,6.07,0.0
20231128:0511,0.0,0.0,0.0,0.0,-3.87,6.34,0.0
20231128:0611,0.0,0.0,0.0,0.0,-4.24,6.41,0.0
20231128:0711,0.0,0.0,0.0,0.0,-5.01,6.0,0.0
20231128:0811,0.0,0.0,0.0,0.0,-5.36,6.0,0.0
20231128:0911,0.0,25.0,0.0,5.26,-5.46,5.66,0.0
20231128:1011,27.0,63.0,0.0,8.44,-5.22,5.31,0.0
20231128:1111,6.0,68.0,0.0,9.84,-4.92,4.9,0.0
20231128:1211,33.0,70.0,0.0,9.32,-4.46,4.14,0.0
20231128:1311,9.0,49.0,0.0,6.95,-4.08,3.38,0.0
20231128:1411,0.0,7.0,0.0,2.9,-4.01,2.76,0.0
20231128:1511,0.0,0.0,0.0,0.0,-4.2,2.48,0.0
20231128:1611,0.0,0.0,0.0,0.0,-4.19,2.21,0.0
20231128:1711,0.0,0.0,0.0,0.0,-4.06,2.21,0.0
20231128:1811,0.0,0.0,0.0,0.0,-3.95,2.41,0.0
20231128:1911,0.0,0.0,0.0,0.0,-4.06,2.34,0.0
20231128:2011,0.0,0.0,0.0,0.0,-3.86,2.28,0.0
20231128:2111,0.0,0.0,0.0,0.0,-3.7,2.21,0.0
20231128:2211,0.0,0.0,0.0,0.0,-3.58,2.21,0.0
20231128:2311,0.0,0.0,0.0,0.0,-3.53,2.21,0.0
20231129:0011,0.0,0.0,0.0,0.0,-3.53,2.28,0.0
20231129:0111,0.0,0.0,0.0,0.0,-3.59,2.48,0.0
20231129:0211,0.0,0.0,0.0,0.0,-3.58,2.76,0.0
20231129:0311,0.0,0.0,0.0,0.0,-3.52,2.9,0.0
20231129:0411,0.0,0.0,0.0,0.0,-3.64,2.97,0.0
20231129:0511,0.0,0.0,0.0,0.0,-3.65,3.1,0.0
20231129:0611,0.0,0.0,0.0,0.0,-3.61,3.52,0.0
20231129:0711,0.0,0.0,0.0,0.0,-3.14,3.45,0.0
20231129:0811,0.0,0.0,0.0,0.0,-3.1,3.59,0.0
20231129:0911,5.0,30.71,0.0,5.07,-2.75,3.45,0.0
20231129:1011,0.0,33.0,0.0,8.26,-2.0,3.24,0.0
20231129:1111,10.0,69.0,0.0,9.66,-1.31,3.17,0.0
20231129:1211,0.0,47.0,0.0,9.16,-0.86,3.17,0.0
20231129:1311,5.0,44.0,0.0,6.8,-0.73,3.17,0.0
20231129:1411,1.0,13.79,0.0,2.77,-0.85,3.24,0.0
20231129:1511,0.0,0.0,0.0,0.0,-1.14,3.31,0.0
20231129:1611,0.0,0.0,0.0,0.0,-1.39,3.31,0.0
20231129:1711,0.0,0.0,0.0,0.0,-1.53,3.31,0.0
20231129:1811,0.0,0.0,0.0,0.0,-1.63,3.17,0.0
20231129:1911,0.0,0.0,0.0,0.0,-0.72,2.76,0.0
20231129:2011,0.0,0.0,0.0,0.0,-0.84,2.69,0.0
20231129:2111,0.0,0.0,0.0,0.0,-0.89,2.69,0.0
20231129:2211,0.0,0.0,0.0,0.0,-0.93,2.83,0.0
20231129:2311,0.0,0.0,0.0,0.0,-0.96,2.97,0.0
20231130:0011,0.0,0.0,0.0,0.0,-1.01,2.97,0.0
20231130:0111,0.0,0.0,0.0,0.0,-1.17,2.83,0.0
20231130:0211,0.0,0.0,0.0,0.0,-1.34,2.76,0.0
20231130:0311,0.0,0.0,0.0,0.0,-1.54,2.83,0.0
20231130:0411,0.0,0.0,0.0,0.0,-1.73,3.1,0.0
20231130:0511,0.0,0.0,0.0,0.0,-1.9,3.31,0.0
20231130:0611,0.0,0.0,0.0,0.0,-2.09,3.38,0.0
20231130:0711,0.0,0.0,0.0,0.0,-2.2,3.31,0.0
20231130:0811,0.0,0.0,0.0,0.0,-2.26,3.17,0.0
20231130:0911,7.0,30.13,0.0,4.88,-2.21,3.03,0.0
20231130:1011,26.0,60.0,0.0,8.08,-1.89,2.83,0.0
20231130:1111,34.0,71.0,0.0,9.49,-1.48,2.62,0.0
20231130:1211,14.0,66.0,0.0,9.0,-1.23,2.34,0.0
20231130:1311,12.0,47.0,0.0,6.66,-1.22,2.07,0.0
20231130:1411,0.0,5.0,0.0,2.64,-1.47,2.0,0.0
20231130:1511,0.0,0.0,0.0,0.0,-1.95,2.21,0.0
20231130:1611,0.0,0.0,0.0,0.0,-2.23,2.34,0.0
20231130:1711,0.0,0.0,0.0,0.0,-2.38,2.41,0.0
20231130:1811,0.0,0.0,0.0,0.0,-2.55,2.34,0.0
20231130:1911,0.0,0.0,0.0,0.0,-2.2,1.86,0.0
20231130:2011,0.0,0.0,0.0,0.0,-2.25,1.79,0.0
20231130:2111,0.0,0.0,0.0,0.0,-2.1,1.79,0.0
20231130:2211,0.0,0.0,0.0,0.0,-2.37,1.79,0.0
20231130:2311,0.0,0.0,0.0,0.0,-2.59,1.86,0.0
20231201:0011,0.0,0.0,0.0,0.0,-2.76,1.79,0.0
20231201:0111,0.0,0.0,0.0,0.0,-2.81,1.66,0.0
20231201:0211,0.0,0.0,0.0,0.0,-3.23,1.52,0.0
20231201:0311,0.0,0.0,0.0,0.0,-3.71,1.38,0.0
20231201:0411,0.0,0.0,0.0,0.0,-3.75,1.24,0.0
20231201:0511,0.0,0.0,0.0,0.0,-3.77,1.17,0.0
20231201:0611,0.0,0.0,0.0,0.0,-3.85,1.24,0.0
20231201:0711,0.0,0.0,0.0,0.0,-3.88,1.52,0.0
20231201:0811,0.0,0.0,0.0,0.0,-4.17,1.72,0.0
20231201:0911,8.0,28.85,0.0,4.71,-3.98,1.86,0.0
20231201:1011,24.0,59.0,0.0,7.91,-3.41,1.72,0.0
20231201:1111,21.0,72.0,0.0,9.33,-2.87,1.59,0.0
20231201:1211,13.0,65.0,0.0,8.85,-2.42,1.52,0.0
20231201:1311,8.0,45.0,0.0,6.52,-2.17,1.59,0.0
20231201:1411,0.0,4.0,0.0,2.52,-2.43,1.72,0.0
20231201:1511,0.0,0.0,0.0,0.0,-2.83,1.79,0.0
20231201:1611,0.0,0.0,0.0,0.0,-3.17,1.66,0.0
20231201:1711,0.0,0.0,0.0,0.0,-3.33,1.66,0.0
20231201:1811,0.0,0.0,0.0,0.0,-3.58,1.59,0.0
20231201:1911,0.0,0.0,0.0,0.0,-4.22,1.45,0.0
20231201:2011,0.0,0.0,0.0,0.0,-4.37,1.38,0.0
20231201:2111,0.0,0.0,0.0,0.0,-4.41,1.38,0.0
20231201:2211,0.0,0.0,0.0,0.0,-4.65,1.38,0.0
20231201:2311,0.0,0.0,0.0,0.0,-4.48,1.38,0.0
20231202:0011,0.0,0.0,0.0,0.0,-4.6,1.38,0.0
20231202:0111,0.0,0.0,0.0,0.0,-4.37,1.59,0.0
20231202:0211,0.0,0.0,0.0,0.0,-4.32,1.72,0.0
20231202:0311,0.0,0.0,0.0,0.0,-4.33,1.72,0.0
20231202:0411,0.0,0.0,0.0,0.0,-4.21,1.59,0.0
20231202:0511,0.0,0.0,0.0,0.0,-4.21,1.52,0.0
20231202:0611,0.0,0.0,0.0,0.0,-3.91,1.45,0.0
20231202:0711,0.0,0.0,0.0,0.0,-3.13,1.31,0.0
20231202:0811,0.0,0.0,0.0,0.0,-2.95,1.24,0.0
20231202:0911,0.0,28.0,0.0,4.53,-2.69,1.45,0.0
20231202:1011,1.0,42.0,0.0,7.74,-1.18,1.66,0.0
20231202:1111,0.0,33.0,0.0,9.17,0.01,1.93,0.0
20231202:1211,0.0,33.0,0.0,8.71,0.79,2.07,0.0
20231202:1311,0.0,18.0,0.0,6.39,0.67,2.14,0.0
20231202:1411,0.0,2.0,0.0,2.4,0.7,2.07,0.0
20231202:1511,0.0,0.0,0.0,0.0,0.29,2.34,0.0
20231202:1611,0.0,0.0,0.0,0.0,0.07,2.48,0.0
20231202:1711,0.0,0.0,0.0,0.0,-0.12,2.69,0.0
20231202:1811,0.0,0.0,0.0,0.0,-0.25,3.38,0.0
20231202:1911,0.0,0.0,0.0,0.0,-0.46,2.55,0.0
20231202:2011,0.0,0.0,0.0,0.0,-0.71,3.24,0.0
20231202:2111,0.0,0.0,0.0,0.0,-0.51,4.28,0.0
20231202:2211,0.0,0.0,0.0,0.0,-0.67,5.1,0.0
20231202:2311,0.0,0.0,0.0,0.0,-0.94,5.86,0.0
20231203:0011,0.0,0.0,0.0,0.0,-1.05,6.0,0.0
20231203:0111,0.0,0.0,0.0,0.0,-1.22,5.93,0.0
20231203:0211,0.0,0.0,0.0,0.0,-1.36,5.86,0.0
20231203:0311,0.0,0.0,0.0,0.0,-1.15,5.93,0.0
20231203:0411,0.0,0.0,0.0,0.0,-1.15,5.86,0.0
20231203:0511,0.0,0.0,0.0,0.0,-1.09,5.79,0.0
20231203:0611,0.0,0.0,0.0,0.0,-1.14,5.59,0.0
20231203:0711,0.0,0.0,0.0,0.0,-1.13,5.79,0.0
20231203:0811,0.0,0.0,0.0,0.0,-1.13,5.59,0.0
20231203:0911,0.0,4.0,0.0,4.37,-1.13,5.52,0.0
20231203:1011,0.0,9.0,0.0,7.58,-0.95,5.38,0.0
20231203:1111,0.0,11.0,0.0,9.02,-0.72,5.24,0.0
20231203:1211,0.0,10.0,0.0,8.57,-0.58,5.1,0.0
20231203:1311,0.0,7.0,0.0,6.27,-0.51,5.03,0.0
20231203:1411,0.0,2.0,0.0,2.3,-0.62,4.83,0.0
20231203:1511,0.0,0.0,0.0,0.0,-0.85,4.69,0.0
20231203:1611,0.0,0.0,0.0,0.0,-1.05,4.55,0.0
20231203:1711,0.0,0.0,0.0,0.0,-1.17,4.48,0.0
20231203:1811,0.0,0.0,0.0,0.0,-1.17,4.34,0.0
20231203:1911,0.0,0.0,0.0,0.0,-0.59,4.28,0.0
20231203:2011,0.0,0.0,0.0,0.0,-0.73,4.21,0.0
20231203:2111,0.0,0.0,0.0,0.0,-0.94,4.21,0.0
20231203:2211,0.0,0.0,0.0,0.0,-0.94,4.21,0.0
20231203:2311,0.0,0.0,0.0,0.0,-0.99,4.14,0.0
20231204:0011,0.0,0.0,0.0,0.0,-1.16,4.0,0.0
20231204:0111,0.0,0.0,0.0,0.0,-1.29,3.86,0.0
20231204:0211,0.0,0.0,0.0,0.0,-1.54,3.79,0.0
20231204:0311,0.0,0.0,0.0,0.0,-1.8,3.72,0.0
20231204:0411,0.0,0.0,0.0,0.0,-2.12,3.66,0.0
20231204:0511,0.0,0.0,0.0,0.0,-2.36,3.52,0.0
20231204:0611,0.0,0.0,0.0,0.0,-2.6,3.45,0.0
20231204:0711,0.0,0.0,0.0,0.0,-2.3,3.24,0.0
20231204:0811,0.0,0.0,0.0,0.0,-2.67,3.17,0.0
20231204:0911,0.0,20.0,0.0,4.21,-2.58,3.17,0.0
20231204:1011,1.0,41.0,0.0,7.43,-1.85,3.1,0.0
20231204:1111,1.0,50.0,0.0,8.88,-1.1,3.1,0.0
20231204:1211,5.0,57.0,0.0,8.44,-0.71,3.03,0.0
20231204:1311,8.0,42.0,0.0,6.16,-0.55,2.9,0.0
20231204:1411,0.0,2.0,0.0,2.2,-0.71,2.76,0.0
20231204:1511,0.0,0.0,0.0,0.0,-0.94,2.83,0.0
20231204:1611,0.0,0.0,0.0,0.0,-1.11,2.76,0.0
20231204:1711,0.0,0.0,0.0,0.0,-1.22,2.69,0.0
20231204:1811,0.0,0.0,0.0,0.0,-1.64,2.62,0.0
20231204:1911,0.0,0.0,0.0,0.0,-1.68,2.69,0.0
20231204:2011,0.0,0.0,0.0,0.0,-1.63,2.62,0.0
20231204:2111,0.0,0.0,0.0,0.0,-1.65,2.41,0.0
20231204:2211,0.0,0.0,0.0,0.0,-1.84,2.28,0.0
20231204:2311,0.0,0.0,0.0,0.0,-2.0,2.21,0.0
20231205:0011,0.0,0.0,0.0,0.0,-2.08,2.28,0.0
20231205:0111,0.0,0.0,0.0,0.0,-2.19,2.21,0.0
20231205:0211,0.0,0.0,0.0,0.0,-2.33,2.28,0.0
20231205:0311,0.0,0.0,0.0,0.0,-2.52,2.21,0.0
20231205:0411,0.0,0.0,0.0,0.0,-2.59,2.14,0.0
20231205:0511,0.0,0.0,0.0,0.0,-2.57,2.07,0.0
20231205:0611,0.0,0.0,0.0,0.0,-2.7,2.14,0.0
20231205:0711,0.0,0.0,0.0,0.0,-2.71,2.48,0.0
20231205:0811,0.0,0.0,0.0,0.0,-3.12,2.55,0.0
20231205:0911,0.0,20.0,0.0,4.06,-3.35,2.69,0.0
20231205:1011,20.0,53.0,0.0,7.28,-3.11,2.62,0.0
20231205:1111,9.0,63.0,0.0,8.74,-2.56,2.55,0.0
20231205:1211,18.0,62.0,0.0,8.32,-2.13,2.55,0.0
20231205:1311,0.0,26.0,0.0,6.05,-2.15,2.55,0.0
20231205:1411,0.0,2.0,0.0,2.1,-2.57,2.62,0.0
20231205:1511,0.0,0.0,0.0,0.0,-3.25,2.83,0.0
20231205:1611,0.0,0.0,0.0,0.0,-3.79,2.9,0.0
20231205:1711,0.0,0.0,0.0,0.0,-4.18,2.83,0.0
20231205:1811,0.0,0.0,0.0,0.0,-4.45,2.76,0.0
20231205:1911,0.0,0.0,0.0,0.0,-3.22,2.83,0.0
20231205:2011,0.0,0.0,0.0,0.0,-3.03,2.76,0.0
20231205:2111,0.0,0.0,0.0,0.0,-2.92,2.76,0.0
20231205:2211,0.0,0.0,0.0,0.0,-2.82,2.69,0.0
20231205:2311,0.0,0.0,0.0,0.0,-2.58,2.69,0.0
20231206:0011,0.0,0.0,0.0,0.0,-2.28,2.69,0.0
20231206:0111,0.0,0.0,0.0,0.0,-2.17,2.69,0.0
20231206:0211,0.0,0.0,0.0,0.0,-2.13,2.69,0.0
20231206:0311,0.0,0.0,0.0,0.0,-2.11,2.69,0.0
20231206:0411,0.0,0.0,0.0,0.0,-1.89,2.62,0.0
20231206:0511,0.0,0.0,0.0,0.0,-1.84,2.55,0.0
20231206:0611,0.0,0.0,0.0,0.0,-1.76,2.55,0.0
20231206:0711,0.0,0.0,0.0,0.0,-1.17,2.9,0.0
20231206:0811,0.0,0.0,0.0,0.0,-1.13,2.97,0.0
20231206:0911,0.0,15.0,0.0,3.91,-0.98,2.97,0.0
20231206:1011,8.0,50.0,0.0,7.14,-0.69,2.97,0.0
20231206:1111,8.0,60.0,0.0,8.62,-0.52,3.03,0.0
20231206:1211,4.0,54.0,0.0,8.21,-0.18,3.1,0.0
20231206:1311,0.0,21.0,0.0,5.95,-0.14,3.17,0.0
20231206:1411,0.0,2.0,0.0,2.02,-0.45,3.17,0.0
20231206:1511,0.0,0.0,0.0,0.0,-0.85,3.17,0.0
20231206:1611,0.0,0.0,0.0,0.0,-1.07,3.24,0.0
20231206:1711,0.0,0.0,0.0,0.0,-1.3,3.38,0.0
20231206:1811,0.0,0.0,0.0,0.0,-1.51,3.59,0.0
20231206:1911,0.0,0.0,0.0,0.0,-0.79,3.93,0.0
20231206:2011,0.0,0.0,0.0,0.0,-0.96,3.93,0.0
20231206:2111,0.0,0.0,0.0,0.0,-1.13,3.86,0.0
20231206:2211,0.0,0.0,0.0,0.0,-1.27,4.0,0.0
20231206:2311,0.0,0.0,0.0,0.0,-1.44,4.14,0.0
20231207:0011,0.0,0.0,0.0,0.0,-1.61,4.07,0.0
20231207:0111,0.0,0.0,0.0,0.0,-1.74,3.93,0.0
20231207:0211,0.0,0.0,0.0,0.0,-1.87,3.86,0.0
20231207:0311,0.0,0.0,0.0,0.0,-2.04,3.79,0.0
20231207:0411,0.0,0.0,0.0,0.0,-2.22,3.86,0.0
20231207:0511,0.0,0.0,0.0,0.0,-2.36,4.0,0.0
20231207:0611,0.0,0.0,0.0,0.0,-2.53,4.0,0.0
20231207:0711,0.0,0.0,0.0,0.0,-2.53,4.07,0.0
20231207:0811,0.0,0.0,0.0,0.0,-2.77,3.93,0.0
20231207:0911,0.0,18.0,0.0,3.77,-2.77,4.0,0.0
20231207:1011,6.0,47.0,0.0,7.01,-2.39,4.21,0.0
20231207:1111,8.0,60.0,0.0,8.49,-1.89,4.48,0.0
20231207:1211,48.01,54.0,0.0,8.1,-1.6,4.69,0.0
20231207:1311,0.0,15.0,0.0,5.86,-1.59,4.9,0.0
20231207:1411,0.0,1.0,0.0,1.94,-1.87,5.24,0.0
20231207:1511,0.0,0.0,0.0,0.0,-2.18,5.31,0.0
20231207:1611,0.0,0.0,0.0,0.0,-2.3,5.52,0.0
20231207:1711,0.0,0.0,0.0,0.0,-2.29,5.86,0.0
20231207:1811,0.0,0.0,0.0,0.0,-2.26,6.48,0.0
20231207:1911,0.0,0.0,0.0,0.0,-1.85,6.62,0.0
20231207:2011,0.0,0.0,0.0,0.0,-1.89,6.97,0.0
20231207:2111,0.0,0.0,0.0,0.0,-1.83,7.03,0.0
20231207:2211,0.0,0.0,0.0,0.0,-1.76,7.1,0.0
20231207:2311,0.0,0.0,0.0,0.0,-1.63,7.66,0.0
20231208:0011,0.0,0.0,0.0,0.0,-1.5,7.86,0.0
20231208:0111,0.0,0.0,0.0,0.0,-1.22,7.66,0.0
20231208:0211,0.0,0.0,0.0,0.0,-1.07,7.72,0.0
20231208:0311,0.0,0.0,0.0,0.0,-0.87,7.86,0.0
20231208:0411,0.0,0.0,0.0,0.0,-0.83,8.0,0.0
20231208:0511,0.0,0.0,0.0,0.0,-0.71,7.79,0.0
20231208:0611,0.0,0.0,0.0,0.0,-0.75,8.07,0.0
20231208:0711,0.0,0.0,0.0,0.0,-1.03,7.93,0.0
20231208:0811,0.0,0.0,0.0,0.0,-0.96,8.07,0.0
20231208:0911,0.0,7.0,0.0,3.63,-0.85,8.14,0.0
20231208:1011,0.0,16.0,0.0,6.89,-0.64,7.93,0.0
20231208:1111,0.0,17.0,0.0,8.38,-0.39,7.72,0.0
20231208:1211,0.0,14.0,0.0,8.0,-0.23,7.79,0.0
20231208:1311,0.0,12.0,0.0,5.77,-0.12,7.72,0.0
20231208:1411,0.0,1.0,0.0,1.87,-0.1,7.38,0.0
20231208:1511,0.0,0.0,0.0,0.0,-0.18,7.17,0.0
20231208:1611,0.0,0.0,0.0,0.0,-0.22,7.24,0.0
20231208:1711,0.0,0.0,0.0,0.0,-0.2,7.31,0.0
20231208:1811,0.0,0.0,0.0,0.0,-0.33,7.24,0.0
20231208:1911,0.0,0.0,0.0,0.0,0.02,7.24,0.0
20231208:2011,0.0,0.0,0.0,0.0,0.23,7.17,0.0
20231208:2111,0.0,0.0,0.0,0.0,0.41,6.97,0.0
20231208:2211,0.0,0.0,0.0,0.0,0.53,6.9,0.0
20231208:2311,0.0,0.0,0.0,0.0,0.62,6.69,0.0
20231209:0011,0.0,0.0,0.0,0.0,0.72,6.55,0.0
20231209:0111,0.0,0.0,0.0,0.0,0.74,6.48,0.0
20231209:0211,0.0,0.0,0.0,0.0,0.82,6.48,0.0
20231209:0311,0.0,0.0,0.0,0.0,0.84,6.41,0.0
20231209:0411,0.0,0.0,0.0,0.0,0.81,6.34,0.0
20231209:0511,0.0,0.0,0.0,0.0,0.82,6.41,0.0
20231209:0611,0.0,0.0,0.0,0.0,1.03,6.69,0.0
20231209:0711,0.0,0.0,0.0,0.0,1.44,7.17,0.0
20231209:0811,0.0,0.0,0.0,0.0,1.69,7.17,0.0
20231209:0911,0.0,4.0,0.0,3.51,1.99,7.38,0.0
20231209:1011,0.0,17.0,0.0,6.77,2.18,7.66,0.0
20231209:1111,0.0,13.0,0.0,8.27,2.37,8.07,0.0
20231209:1211,0.0,13.0,0.0,7.91,2.54,8.55,0.0
20231209:1311,0.0,11.0,0.0,5.69,2.77,8.62,0.0
20231209:1411,0.0,1.0,0.0,1.81,3.12,8.69,0.0
20231209:1511,0.0,0.0,0.0,0.0,2.96,8.48,0.0
20231209:1611,0.0,0.0,0.0,0.0,2.95,8.55,0.0
20231209:1711,0.0,0.0,0.0,0.0,2.98,8.41,0.0
20231209:1811,0.0,0.0,0.0,0.0,2.94,8.28,0.0
20231209:1911,0.0,0.0,0.0,0.0,3.0,8.28,0.0
20231209:2011,0.0,0.0,0.0,0.0,2.99,8.07,0.0
20231209:2111,0.0,0.0,0.0,0.0,2.93,7.79,0.0
20231209:2211,0.0,0.0,0.0,0.0,2.94,7.52,0.0
20231209:2311,0.0,0.0,0.0,0.0,2.86,7.17,0.0
20231210:0011,0.0,0.0,0.0,0.0,2.78,6.9,0.0
20231210:0111,0.0,0.0,0.0,0.0,2.69,6.62,0.0
20231210:0211,0.0,0.0,0.0,0.0,2.66,6.34,0.0
20231210:0311,0.0,0.0,0.0,0.0,2.65,5.93,0.0
20231210:0411,0.0,0.0,0.0,0.0,2.59,5.52,0.0
20231210:0511,0.0,0.0,0.0,0.0,2.64,5.31,0.0
20231210:0611,0.0,0.0,0.0,0.0,2.61,5.1,0.0
20231210:0711,0.0,0.0,0.0,0.0,2.67,5.03,0.0
20231210:0811,0.0,0.0,0.0,0.0,2.64,4.83,0.0
20231210:0911,0.0,20.0,0.0,3.39,2.6,4.62,0.0
20231210:1011,0.0,24.0,0.0,6.66,2.67,4.62,0.0
20231210:1111,11.0,58.0,0.0,8.18,2.72,4.55,0.0
20231210:1211,0.0,23.0,0.0,7.82,2.68,4.69,0.0
20231210:1311,1.0,26.8,0.0,5.62,2.59,4.83,0.0
20231210:1411,0.0,1.0,0.0,1.75,2.43,4.9,0.0
20231210:1511,0.0,0.0,0.0,0.0,2.17,5.17,0.0
20231210:1611,0.0,0.0,0.0,0.0,2.05,5.66,0.0
20231210:1711,0.0,0.0,0.0,0.0,1.91,5.86,0.0
20231210:1811,0.0,0.0,0.0,0.0,1.84,5.86,0.0
20231210:1911,0.0,0.0,0.0,0.0,2.09,6.0,0.0
20231210:2011,0.0,0.0,0.0,0.0,2.06,6.28,0.0
20231210:2111,0.0,0.0,0.0,0.0,1.98,6.34,0.0
20231210:2211,0.0,0.0,0.0,0.0,1.93,6.21,0.0
20231210:2311,0.0,0.0,0.0,0.0,1.85,6.0,0.0
20231211:0011,0.0,0.0,0.0,0.0,1.75,5.79,0.0
20231211:0111,0.0,0.0,0.0,0.0,1.7,5.52,0.0
20231211:0211,0.0,0.0,0.0,0.0,1.67,4.97,0.0
20231211:0311,0.0,0.0,0.0,0.0,1.61,4.48,0.0
20231211:0411,0.0,0.0,0.0,0.0,1.52,4.28,0.0
20231211:0511,0.0,0.0,0.0,0.0,1.42,4.34,0.0
20231211:0611,0.0,0.0,0.0,0.0,1.4,4.48,0.0
20231211:0711,0.0,0.0,0.0,0.0,1.81,4.28,0.0
20231211:0811,0.0,0.0,0.0,0.0,1.82,4.14,0.0
20231211:0911,0.0,14.0,0.0,3.27,1.78,3.79,0.0
20231211:1011,0.0,17.0,0.0,6.55,1.81,3.38,0.0
20231211:1111,0.0,10.0,0.0,8.08,1.88,2.97,0.0
20231211:1211,0.0,21.0,0.0,7.74,1.85,2.48,0.0
20231211:1311,0.0,13.0,0.0,5.56,1.77,2.0,0.0
20231211:1411,0.0,1.0,0.0,1.7,1.42,1.86,0.0
20231211:1511,0.0,0.0,0.0,0.0,0.82,1.79,0.0
20231211:1611,0.0,0.0,0.0,0.0,0.04,1.59,0.0
20231211:1711,0.0,0.0,0.0,0.0,-0.34,1.45,0.0
20231211:1811,0.0,0.0,0.0,0.0,-0.84,1.38,0.0
20231211:1911,0.0,0.0,0.0,0.0,1.96,0.9,0.0
20231211:2011,0.0,0.0,0.0,0.0,1.87,0.83,0.0
20231211:2111,0.0,0.0,0.0,0.0,0.96,1.1,0.0
20231211:2211,0.0,0.0,0.0,0.0,-0.61,1.45,0.0
20231211:2311,0.0,0.0,0.0,0.0,-0.9,1.59,0.0
20231212:0011,0.0,0.0,0.0,0.0,-1.09,1.72,0.0
20231212:0111,0.0,0.0,0.0,0.0,-1.11,1.93,0.0
20231212:0211,0.0,0.0,0.0,0.0,-0.6,2.28,0.0
20231212:0311,0.0,0.0,0.0,0.0,0.11,2.62,0.0
20231212:0411,0.0,0.0,0.0,0.0,0.35,2.9,0.0
20231212:0511,0.0,0.0,0.0,0.0,0.24,3.03,0.0
20231212:0611,0.0,0.0,0.0,0.0,-0.03,3.17,0.0
20231212:0711,0.0,0.0,0.0,0.0,0.67,3.66,0.0
20231212:0811,0.0,0.0,0.0,0.0,0.53,4.07,0.0
20231212:0911,0.0,3.0,0.0,3.17,0.41,4.55,0.0
20231212:1011,0.0,12.0,0.0,6.46,0.52,4.97,0.0
20231212:1111,0.0,19.0,0.0,8.0,0.42,5.17,0.0
20231212:1211,0.0,17.0,0.0,7.67,0.39,5.17,0.0
20231212:1311,0.0,8.0,0.0,5.51,0.17,5.03,0.0
20231212:1411,0.0,1.0,0.0,1.66,-0.17,4.97,0.0
20231212:1511,0.0,0.0,0.0,0.0,-0.61,5.03,0.0
20231212:1611,0.0,0.0,0.0,0.0,-0.88,4.97,0.0
20231212:1711,0.0,0.0,0.0,0.0,-1.08,4.83,0.0
20231212:1811,0.0,0.0,0.0,0.0,-1.26,4.76,0.0
20231212:1911,0.0,0.0,0.0,0.0,-0.99,5.03,0.0
20231212:2011,0.0,0.0,0.0,0.0,-1.12,4.69,0.0
20231212:2111,0.0,0.0,0.0,0.0,-1.3,4.48,0.0
20231212:2211,0.0,0.0,0.0,0.0,-1.45,4.07,0.0
20231212:2311,0.0,0.0,0.0,0.0,-1.58,3.72,0.0
20231213:0011,0.0,0.0,0.0,0.0,-1.64,3.52,0.0
20231213:0111,0.0,0.0,0.0,0.0,-1.68,3.24,0.0
20231213:0211,0.0,0.0,0.0,0.0,-1.77,2.9,0.0
20231213:0311,0.0,0.0,0.0,0.0,-1.85,2.62,0.0
20231213:0411,0.0,0.0,0.0,0.0,-1.95,2.55,0.0
20231213:0511,0.0,0.0,0.0,0.0,-2.0,2.62,0.0
20231213:0611,0.0,0.0,0.0,0.0,-1.94,2.62,0.0
20231213:0711,0.0,0.0,0.0,0.0,-2.5,1.59,0.0
20231213:0811,0.0,0.0,0.0,0.0,-2.55,1.31,0.0
20231213:0911,0.0,16.0,0.0,3.07,-3.37,1.38,0.0
20231213:1011,12.0,45.0,0.0,6.37,-3.71,1.52,0.0
20231213:1111,28.0,58.0,0.0,7.92,-3.02,1.45,0.0
20231213:1211,55.01,45.0,0.0,7.61,-2.47,1.31,0.0
20231213:1311,8.0,33.85,0.0,5.46,-2.03,1.24,0.0
20231213:1411,0.0,1.0,0.0,1.63,-2.53,1.38,0.0
20231213:1511,0.0,0.0,0.0,0.0,-3.08,1.31,0.0
20231213:1611,0.0,0.0,0.0,0.0,-1.67,1.1,0.0
20231213:1711,0.0,0.0,0.0,0.0,-3.93,1.45,0.0
20231213:1811,0.0,0.0,0.0,0.0,-5.44,1.86,0.0
20231213:1911,0.0,0.0,0.0,0.0,-5.75,2.0,0.0
20231213:2011,0.0,0.0,0.0,0.0,-5.1,1.86,0.0
20231213:2111,0.0,0.0,0.0,0.0,-5.35,1.93,0.0
20231213:2211,0.0,0.0,0.0,0.0,-5.99,2.21,0.0
20231213:2311,0.0,0.0,0.0,0.0,-5.49,2.48,0.0
20231214:0011,0.0,0.0,0.0,0.0,-4.68,2.69,0.0
20231214:0111,0.0,0.0,0.0,0.0,-3.97,3.03,0.0
20231214:0211,0.0,0.0,0.0,0.0,-3.54,3.38,0.0
20231214:0311,0.0,0.0,0.0,0.0,-3.28,3.59,0.0
20231214:0411,0.0,0.0,0.0,0.0,-3.07,3.59,0.0
20231214:0511,0.0,0.0,0.0,0.0,-2.93,3.72,0.0
20231214:0611,0.0,0.0,0.0,0.0,-2.71,4.28,0.0
20231214:0711,0.0,0.0,0.0,0.0,-2.42,4.76,0.0
20231214:0811,0.0,0.0,0.0,0.0,-2.27,5.31,0.0
20231214:0911,0.0,3.0,0.0,2.98,-1.92,5.66,0.0
20231214:1011,1.0,32.0,0.0,6.29,-1.43,6.07,0.0
20231214:1111,0.0,35.0,0.0,7.85,-1.12,6.34,0.0
20231214:1211,0.0,10.0,0.0,7.56,-0.82,6.69,0.0
20231214:1311,3.0,32.26,0.0,5.42,-0.6,6.62,0.0
20231214:1411,0.0,1.0,0.0,1.6,-0.32,6.62,0.0
20231214:1511,0.0,0.0,0.0,0.0,0.16,7.1,0.0
20231214:1611,0.0,0.0,0.0,0.0,0.73,7.1,0.0
20231214:1711,0.0,0.0,0.0,0.0,1.08,6.76,0.0
20231214:1811,0.0,0.0,0.0,0.0,1.24,6.55,0.0
20231214:1911,0.0,0.0,0.0,0.0,1.79,5.79,0.0
20231214:2011,0.0,0.0,0.0,0.0,2.4,4.83,0.0
20231214:2111,0.0,0.0,0.0,0.0,2.55,4.0,0.0
20231214:2211,0.0,0.0,0.0,0.0,2.71,3.38,0.0
20231214:2311,0.0,0.0,0.0,0.0,2.96,2.97,0.0
20231215:0011,0.0,0.0,0.0,0.0,3.36,2.41,0.0
20231215:0111,0.0,0.0,0.0,0.0,3.79,2.28,0.0
20231215:0211,0.0,0.0,0.0,0.0,3.67,2.76,0.0
20231215:0311,0.0,0.0,0.0,0.0,4.23,3.31,0.0
20231215:0411,0.0,0.0,0.0,0.0,4.62,4.0,0.0
20231215:0511,0.0,0.0,0.0,0.0,5.55,4.21,0.0
20231215:0611,0.0,0.0,0.0,0.0,5.69,4.07,0.0
20231215:0711,0.0,0.0,0.0,0.0,5.7,4.48,0.0
20231215:0811,0.0,0.0,0.0,0.0,5.76,4.07,0.0
20231215:0911,0.0,5.0,0.0,2.89,5.89,3.86,0.0
20231215:1011,1.0,30.0,0.0,6.21,5.85,4.07,0.0
20231215:1111,0.0,33.0,0.0,7.79,6.15,4.41,0.0
20231215:1211,1.0,39.0,0.0,7.51,6.15,4.34,0.0
20231215:1311,10.0,32.36,0.0,5.38,6.21,4.62,0.0
20231215:1411,0.0,1.0,0.0,1.58,6.15,4.28,0.0
20231215:1511,0.0,0.0,0.0,0.0,6.12,3.72,0.0
20231215:1611,0.0,0.0,0.0,0.0,6.0,3.59,0.0
20231215:1711,0.0,0.0,0.0,0.0,5.87,3.17,0.0
20231215:1811,0.0,0.0,0.0,0.0,5.86,3.52,0.0
20231215:1911,0.0,0.0,0.0,0.0,5.76,3.72,0.0
20231215:2011,0.0,0.0,0.0,0.0,5.52,3.72,0.0
20231215:2111,0.0,0.0,0.0,0.0,5.56,4.28,0.0
20231215:2211,0.0,0.0,0.0,0.0,5.97,5.17,0.0
20231215:2311,0.0,0.0,0.0,0.0,6.23,5.38,0.0
20231216:0011,0.0,0.0,0.0,0.0,6.68,5.52,0.0
20231216:0111,0.0,0.0,0.0,0.0,7.06,5.38,0.0
20231216:0211,0.0,0.0,0.0,0.0,7.41,5.1,0.0
20231216:0311,0.0,0.0,0.0,0.0,7.52,5.17,0.0
20231216:0411,0.0,0.0,0.0,0.0,7.6,5.38,0.0
20231216:0511,0.0,0.0,0.0,0.0,7.67,5.66,0.0
20231216:0611,0.0,0.0,0.0,0.0,7.7,5.86,0.0
20231216:0711,0.0,0.0,0.0,0.0,7.69,5.45,0.0
20231216:0811,0.0,0.0,0.0,0.0,7.67,5.59,0.0
20231216:0911,0.0,7.0,0.0,2.81,7.64,5.72,0.0
20231216:1011,0.0,19.0,0.0,6.14,7.64,6.14,0.0
20231216:1111,0.0,24.0,0.0,7.74,7.73,6.55,0.0
20231216:1211,0.0,10.0,0.0,7.47,7.87,6.76,0.0
20231216:1311,0.0,5.0,0.0,5.36,7.67,6.97,0.0
20231216:1411,0.0,1.0,0.0,1.57,7.67,7.66,0.0
20231216:1511,0.0,0.0,0.0,0.0,7.85,8.41,0.0
20231216:1611,0.0,0.0,0.0,0.0,8.02,9.03,0.0
20231216:1711,0.0,0.0,0.0,0.0,8.17,9.31,0.0
20231216:1811,0.0,0.0,0.0,0.0,8.28,8.76,0.0
20231216:1911,0.0,0.0,0.0,0.0,8.19,6.48,0.0
20231216:2011,0.0,0.0,0.0,0.0,7.98,4.69,0.0
20231216:2111,0.0,0.0,0.0,0.0,7.6,3.17,0.0
20231216:2211,0.0,0.0,0.0,0.0,7.2,2.34,0.0
20231216:2311,0.0,0.0,0.0,0.0,6.81,1.79,0.0
20231217:0011,0.0,0.0,0.0,0.0,6.51,1.86,0.0
20231217:0111,0.0,0.0,0.0,0.0,6.36,1.66,0.0
20231217:0211,0.0,0.0,0.0,0.0,6.32,2.07,0.0
20231217:0311,0.0,0.0,0.0,0.0,6.5,3.24,0.0
20231217:0411,0.0,0.0,0.0,0.0,6.99,4.34,0.0
20231217:0511,0.0,0.0,0.0,0.0,7.4,5.45,0.0
20231217:0611,0.0,0.0,0.0,0.0,7.51,5.86,0.0
20231217:0711,0.0,0.0,0.0,0.0,7.54,6.21,0.0
20231217:0811,0.0,0.0,0.0,0.0,7.47,6.34,0.0
20231217:0911,0.0,2.0,0.0,2.74,7.36,6.41,0.0
20231217:1011,0.0,8.0,0.0,6.08,7.35,6.34,0.0
20231217:1111,0.0,13.0,0.0,7.69,7.33,6.21,0.0
20231217:1211,0.0,29.0,0.0,7.44,7.3,6.28,0.0
20231217:1311,0.0,21.0,0.0,5.34,7.32,6.41,0.0
20231217:1411,0.0,1.0,0.0,1.57,7.41,6.41,0.0
20231217:1511,0.0,0.0,0.0,0.0,7.52,6.07,0.0
20231217:1611,0.0,0.0,0.0,0.0,7.61,5.45,0.0
20231217:1711,0.0,0.0,0.0,0.0,7.65,4.9,0.0
20231217:1811,0.0,0.0,0.0,0.0,7.7,4.55,0.0
20231217:1911,0.0,0.0,0.0,0.0,7.63,3.66,0.0
20231217:2011,0.0,0.0,0.0,0.0,7.61,3.72,0.0
20231217:2111,0.0,0.0,0.0,0.0,7.64,3.59,0.0
20231217:2211,0.0,0.0,0.0,0.0,7.67,3.45,0.0
20231217:2311,0.0,0.0,0.0,0.0,7.73,3.38,0.0
20231218:0011,0.0,0.0,0.0,0.0,7.79,3.79,0.0
20231218:0111,0.0,0.0,0.0,0.0,7.83,4.41,0.0
20231218:0211,0.0,0.0,0.0,0.0,7.74,4.69,0.0
20231218:0311,0.0,0.0,0.0,0.0,7.43,4.97,0.0
20231218:0411,0.0,0.0,0.0,0.0,6.89,4.48,0.0
20231218:0511,0.0,0.0,0.0,0.0,6.42,3.93,0.0
20231218:0611,0.0,0.0,0.0,0.0,6.15,3.24,0.0
20231218:0711,0.0,0.0,0.0,0.0,6.27,2.14,0.0
20231218:0811,0.0,0.0,0.0,0.0,6.18,1.38,0.0
20231218:0911,0.0,5.0,0.0,2.68,6.07,1.31,0.0
20231218:1011,0.0,6.0,0.0,6.03,5.96,2.0,0.0
20231218:1111,2.0,42.0,0.0,7.65,5.97,2.21,0.0
20231218:1211,0.0,24.0,0.0,7.41,6.03,2.76,0.0
20231218:1311,0.0,10.0,0.0,5.33,5.93,3.52,0.0
20231218:1411,0.0,1.0,0.0,1.57,5.87,4.21,0.0
20231218:1511,0.0,0.0,0.0,0.0,6.25,4.9,0.0
20231218:1611,0.0,0.0,0.0,0.0,6.43,5.1,0.0
20231218:1711,0.0,0.0,0.0,0.0,6.78,4.76,0.0
20231218:1811,0.0,0.0,0.0,0.0,7.12,5.59,0.0
20231218:1911,0.0,0.0,0.0,0.0,7.42,5.93,0.0
20231218:2011,0.0,0.0,0.0,0.0,7.51,6.28,0.0
20231218:2111,0.0,0.0,0.0,0.0,7.29,6.55,0.0
20231218:2211,0.0,0.0,0.0,0.0,7.13,8.21,0.0
20231218:2311,0.0,0.0,0.0,0.0,6.66,9.1,0.0
20231219:0011,0.0,0.0,0.0,0.0,5.74,8.41,0.0
20231219:0111,0.0,0.0,0.0,0.0,5.14,7.72,0.0
20231219:0211,0.0,0.0,0.0,0.0,4.72,7.45,0.0
20231219:0311,0.0,0.0,0.0,0.0,4.63,6.41,0.0
20231219:0411,0.0,0.0,0.0,0.0,4.44,6.07,0.0
20231219:0511,0.0,0.0,0.0,0.0,4.5,5.66,0.0
20231219:0611,0.0,0.0,0.0,0.0,4.43,5.59,0.0
20231219:0711,0.0,0.0,0.0,0.0,4.28,5.79,0.0
20231219:0811,0.0,0.0,0.0,0.0,4.0,5.59,0.0
20231219:0911,0.0,2.0,0.0,2.62,3.81,5.93,0.0
20231219:1011,4.0,37.0,0.0,5.99,3.59,6.07,0.0
20231219:1111,0.0,9.0,0.0,7.62,3.81,6.76,0.0
20231219:1211,0.0,15.0,0.0,7.4,3.81,6.9,0.0
20231219:1311,0.0,14.0,0.0,5.33,4.02,6.21,0.0
20231219:1411,0.0,1.0,0.0,1.58,4.11,5.72,0.0
20231219:1511,0.0,0.0,0.0,0.0,4.03,5.45,0.0
20231219:1611,0.0,0.0,0.0,0.0,3.79,5.17,0.0
20231219:1711,0.0,0.0,0.0,0.0,3.97,4.69,0.0
20231219:1811,0.0,0.0,0.0,0.0,4.11,5.45,0.0
20231219:1911,0.0,0.0,0.0,0.0,4.23,6.14,0.0
20231219:2011,0.0,0.0,0.0,0.0,4.29,6.55,0.0
20231219:2111,0.0,0.0,0.0,0.0,4.37,6.62,0.0
20231219:2211,0.0,0.0,0.0,0.0,4.33,7.38,0.0
20231219:2311,0.0,0.0,0.0,0.0,4.31,6.83,0.0
20231220:0011,0.0,0.0,0.0,0.0,4.43,6.41,0.0
20231220:0111,0.0,0.0,0.0,0.0,4.05,6.76,0.0
20231220:0211,0.0,0.0,0.0,0.0,3.8,6.9,0.0
20231220:0311,0.0,0.0,0.0,0.0,3.15,7.03,0.0
20231220:0411,0.0,0.0,0.0,0.0,2.4,6.97,0.0
20231220:0511,0.0,0.0,0.0,0.0,2.06,6.55,0.0
20231220:0611,0.0,0.0,0.0,0.0,1.84,6.55,0.0
20231220:0711,0.0,0.0,0.0,0.0,1.38,5.72,0.0
20231220:0811,0.0,0.0,0.0,0.0,1.48,6.07,0.0
20231220:0911,0.0,5.0,0.0,2.57,1.89,6.55,0.0
20231220:1011,0.0,7.0,0.0,5.95,2.44,6.34,0.0
20231220:1111,0.0,24.0,0.0,7.6,2.89,6.69,0.0
20231220:1211,0.0,9.0,0.0,7.39,2.86,6.62,0.0
20231220:1311,4.0,31.03,0.0,5.34,2.87,6.21,0.0
20231220:1411,0.0,1.0,0.0,1.6,2.65,6.76,0.0
20231220:1511,0.0,0.0,0.0,0.0,2.73,6.76,0.0
20231220:1611,0.0,0.0,0.0,0.0,2.97,6.62,0.0
20231220:1711,0.0,0.0,0.0,0.0,2.93,6.41,0.0
20231220:1811,0.0,0.0,0.0,0.0,2.72,5.72,0.0
20231220:1911,0.0,0.0,0.0,0.0,2.59,5.38,0.0
20231220:2011,0.0,0.0,0.0,0.0,2.52,4.69,0.0
20231220:2111,0.0,0.0,0.0,0.0,2.27,3.66,0.0
20231220:2211,0.0,0.0,0.0,0.0,2.29,2.21,0.0
20231220:2311,0.0,0.0,0.0,0.0,2.3,2.21,0.0
20231221:0011,0.0,0.0,0.0,0.0,2.09,3.72,0.0
20231221:0111,0.0,0.0,0.0,0.0,1.93,5.38,0.0
20231221:0211,0.0,0.0,0.0,0.0,1.31,7.38,0.0
20231221:0311,0.0,0.0,0.0,0.0,1.68,8.21,0.0
20231221:0411,0.0,0.0,0.0,0.0,3.02,5.24,0.0
20231221:0511,0.0,0.0,0.0,0.0,4.22,8.76,0.0
20231221:0611,0.0,0.0,0.0,0.0,4.98,9.17,0.0
20231221:0711,0.0,0.0,0.0,0.0,5.09,8.62,0.0
20231221:0811,0.0,0.0,0.0,0.0,4.97,8.9,0.0
20231221:0911,0.0,2.0,0.0,2.53,4.92,10.14,0.0
20231221:1011,0.0,6.0,0.0,5.92,4.45,10.28,0.0
20231221:1111,0.0,18.0,0.0,7.58,3.76,8.9,0.0
20231221:1211,0.0,8.0,0.0,7.39,3.73,8.69,0.0
20231221:1311,6.0,32.45,0.0,5.35,3.51,11.1,0.0
20231221:1411,0.0,1.0,0.0,1.62,3.01,14.0,0.0
20231221:1511,0.0,0.0,0.0,0.0,2.61,15.38,0.0
20231221:1611,0.0,0.0,0.0,0.0,2.53,14.55,0.0
20231221:1711,0.0,0.0,0.0,0.0,2.43,13.38,0.0
20231221:1811,0.0,0.0,0.0,0.0,1.82,13.38,0.0
20231221:1911,0.0,0.0,0.0,0.0,2.13,12.97,0.0
20231221:2011,0.0,0.0,0.0,0.0,1.81,12.07,0.0
20231221:2111,0.0,0.0,0.0,0.0,1.66,11.31,0.0
20231221:2211,0.0,0.0,0.0,0.0,1.35,10.62,0.0
20231221:2311,0.0,0.0,0.0,0.0,1.2,10.21,0.0
20231222:0011,0.0,0.0,0.0,0.0,0.79,10.62,0.0
20231222:0111,0.0,0.0,0.0,0.0,0.7,10.97,0.0
20231222:0211,0.0,0.0,0.0,0.0,0.9,10.55,0.0
20231222:0311,0.0,0.0,0.0,0.0,0.94,10.41,0.0
20231222:0411,0.0,0.0,0.0,0.0,0.87,9.93,0.0
20231222:0511,0.0,0.0,0.0,0.0,0.69,9.52,0.0
20231222:0611,0.0,0.0,0.0,0.0,0.41,9.24,0.0
20231222:0711,0.0,0.0,0.0,0.0,0.3,8.76,0.0
20231222:0811,0.0,0.0,0.0,0.0,0.18,7.79,0.0
20231222:0911,0.0,9.0,0.0,2.49,0.06,7.1,0.0
20231222:1011,29.0,38.0,0.0,5.9,0.17,6.41,0.0
20231222:1111,40.01,51.0,0.0,7.57,0.33,5.59,0.0
20231222:1211,2.0,42.0,0.0,7.39,0.35,5.17,0.0
20231222:1311,19.0,30.82,0.0,5.37,0.2,4.97,0.0
20231222:1411,0.0,1.0,0.0,1.66,-0.24,4.69,0.0
20231222:1511,0.0,0.0,0.0,0.0,-0.71,4.83,0.0
20231222:1611,0.0,0.0,0.0,0.0,-0.99,4.76,0.0
20231222:1711,0.0,0.0,0.0,0.0,-1.04,4.76,0.0
20231222:1811,0.0,0.0,0.0,0.0,-0.79,5.66,0.0
20231222:1911,0.0,0.0,0.0,0.0,0.3,5.93,0.0
20231222:2011,0.0,0.0,0.0,0.0,0.37,5.79,0.0
20231222:2111,0.0,0.0,0.0,0.0,0.04,6.28,0.0
20231222:2211,0.0,0.0,0.0,0.0,0.15,6.69,0.0
20231222:2311,0.0,0.0,0.0,0.0,0.58,6.62,0.0
20231223:0011,0.0,0.0,0.0,0.0,1.08,7.03,0.0
20231223:0111,0.0,0.0,0.0,0.0,1.64,7.38,0.0
20231223:0211,0.0,0.0,0.0,0.0,1.67,7.24,0.0
20231223:0311,0.0,0.0,0.0,0.0,1.63,7.1,0.0
20231223:0411,0.0,0.0,0.0,0.0,1.67,6.9,0.0
20231223:0511,0.0,0.0,0.0,0.0,1.45,6.9,0.0
20231223:0611,0.0,0.0,0.0,0.0,1.63,6.69,0.0
20231223:0711,0.0,0.0,0.0,0.0,1.28,4.69,0.0
20231223:0811,0.0,0.0,0.0,0.0,1.12,4.21,0.0
20231223:0911,0.0,2.0,0.0,2.47,1.19,4.28,0.0
20231223:1011,0.0,23.0,0.0,5.88,1.09,4.14,0.0
20231223:1111,0.0,24.0,0.0,7.57,1.11,3.79,0.0
20231223:1211,11.0,52.0,0.0,7.41,1.05,3.45,0.0
20231223:1311,13.0,32.48,0.0,5.4,0.82,3.17,0.0
20231223:1411,0.0,1.0,0.0,1.7,0.48,2.9,0.0
20231223:1511,0.0,0.0,0.0,0.0,-0.02,2.62,0.0
20231223:1611,0.0,0.0,0.0,0.0,-0.51,2.28,0.0
20231223:1711,0.0,0.0,0.0,0.0,-0.85,1.86,0.0
20231223:1811,0.0,0.0,0.0,0.0,-1.19,1.52,0.0
20231223:1911,0.0,0.0,0.0,0.0,-2.34,1.66,0.0
20231223:2011,0.0,0.0,0.0,0.0,-2.27,1.38,0.0
20231223:2111,0.0,0.0,0.0,0.0,-2.05,1.38,0.0
20231223:2211,0.0,0.0,0.0,0.0,-1.85,1.72,0.0
20231223:2311,0.0,0.0,0.0,0.0,-1.61,2.14,0.0
20231224:0011,0.0,0.0,0.0,0.0,-1.17,2.62,0.0
20231224:0111,0.0,0.0,0.0,0.0,-0.58,3.38,0.0
20231224:0211,0.0,0.0,0.0,0.0,-0.24,4.41,0.0
20231224:0311,0.0,0.0,0.0,0.0,-0.01,5.31,0.0
20231224:0411,0.0,0.0,0.0,0.0,0.0,6.34,0.0
20231224:0511,0.0,0.0,0.0,0.0,0.28,7.38,0.0
20231224:0611,0.0,0.0,0.0,0.0,0.83,8.34,0.0
20231224:0711,0.0,0.0,0.0,0.0,0.9,9.1,0.0
20231224:0811,0.0,0.0,0.0,0.0,1.23,9.45,0.0
20231224:0911,0.0,4.0,0.0,2.45,1.38,9.03,0.0
20231224:1011,4.0,36.0,0.0,5.88,1.82,8.48,0.0
20231224:1111,0.0,13.0,0.0,7.58,2.1,7.72,0.0
20231224:1211,0.0,9.0,0.0,7.43,2.45,6.76,0.0
20231224:1311,0.0,6.0,0.0,5.43,2.77,5.1,0.0
20231224:1411,0.0,1.0,0.0,1.75,2.72,3.59,0.0
20231224:1511,0.0,0.0,0.0,0.0,3.51,4.34,0.0
20231224:1611,0.0,0.0,0.0,0.0,4.33,6.69,0.0
20231224:1711,0.0,0.0,0.0,0.0,5.07,7.59,0.0
20231224:1811,0.0,0.0,0.0,0.0,5.97,6.62,0.0
20231224:1911,0.0,0.0,0.0,0.0,6.0,6.9,0.0
20231224:2011,0.0,0.0,0.0,0.0,5.79,8.34,0.0
20231224:2111,0.0,0.0,0.0,0.0,5.71,8.41,0.0
20231224:2211,0.0,0.0,0.0,0.0,5.52,8.34,0.0
20231224:2311,0.0,0.0,0.0,0.0,5.27,9.59,0.0
20231225:0011,0.0,0.0,0.0,0.0,5.1,8.97,0.0
20231225:0111,0.0,0.0,0.0,0.0,5.42,8.28,0.0
20231225:0211,0.0,0.0,0.0,0.0,5.22,8.97,0.0
20231225:0311,0.0,0.0,0.0,0.0,5.25,11.79,0.0
20231225:0411,0.0,0.0,0.0,0.0,4.49,12.14,0.0
20231225:0511,0.0,0.0,0.0,0.0,3.98,11.03,0.0
20231225:0611,0.0,0.0,0.0,0.0,3.53,10.62,0.0
20231225:0711,0.0,0.0,0.0,0.0,3.1,10.14,0.0
20231225:0811,0.0,0.0,0.0,0.0,2.93,9.1,0.0
20231225:0911,0.0,2.0,0.0,2.43,2.72,8.34,0.0
20231225:1011,0.0,8.0,0.0,5.88,2.68,7.72,0.0
20231225:1111,17.0,55.0,0.0,7.6,3.02,7.17,0.0
20231225:1211,0.0,34.0,0.0,7.46,3.22,6.76,0.0
20231225:1311,0.0,6.0,0.0,5.48,3.24,6.69,0.0
20231225:1411,0.0,1.0,0.0,1.8,2.83,6.21,0.0
20231225:1511,0.0,0.0,0.0,0.0,2.77,5.59,0.0
20231225:1611,0.0,0.0,0.0,0.0,2.67,4.69,0.0
20231225:1711,0.0,0.0,0.0,0.0,2.62,3.79,0.0
20231225:1811,0.0,0.0,0.0,0.0,2.71,3.31,0.0
20231225:1911,0.0,0.0,0.0,0.0,2.93,3.59,0.0
20231225:2011,0.0,0.0,0.0,0.0,2.99,3.1,0.0
20231225:2111,0.0,0.0,0.0,0.0,2.83,2.41,0.0
20231225:2211,0.0,0.0,0.0,0.0,2.5,1.93,0.0
20231225:2311,0.0,0.0,0.0,0.0,1.72,1.24,0.0
20231226:0011,0.0,0.0,0.0,0.0,1.46,1.03,0.0
20231226:0111,0.0,0.0,0.0,0.0,1.07,1.03,0.0
20231226:0211,0.0,0.0,0.0,0.0,0.52,1.17,0.0
20231226:0311,0.0,0.0,0.0,0.0,0.29,1.31,0.0
20231226:0411,0.0,0.0,0.0,0.0,-0.22,1.79,0.0
20231226:0511,0.0,0.0,0.0,0.0,0.31,2.21,0.0
20231226:0611,0.0,0.0,0.0,0.0,1.41,2.9,0.0
20231226:0711,0.0,0.0,0.0,0.0,1.45,2.69,0.0
20231226:0811,0.0,0.0,0.0,0.0,1.9,3.72,0.0
20231226:0911,0.0,2.0,0.0,2.43,2.16,4.48,0.0
20231226:1011,0.0,6.0,0.0,5.89,2.18,4.83,0.0
20231226:1111,1.0,41.0,0.0,7.62,2.23,4.83,0.0
20231226:1211,0.0,9.0,0.0,7.5,2.3,5.31,0.0
20231226:1311,0.0,6.0,0.0,5.53,2.27,5.31,0.0
20231226:1411,0.0,1.0,0.0,1.86,2.5,5.72,0.0
20231226:1511,0.0,0.0,0.0,0.0,2.68,6.34,0.0
20231226:1611,0.0,0.0,0.0,0.0,2.78,6.76,0.0
20231226:1711,0.0,0.0,0.0,0.0,2.71,7.17,0.0
20231226:1811,0.0,0.0,0.0,0.0,2.52,7.38,0.0
20231226:1911,0.0,0.0,0.0,0.0,2.11,7.24,0.0
20231226:2011,0.0,0.0,0.0,0.0,2.1,7.24,0.0
20231226:2111,0.0,0.0,0.0,0.0,1.94,7.38,0.0
20231226:2211,0.0,0.0,0.0,0.0,1.56,7.17,0.0
20231226:2311,0.0,0.0,0.0,0.0,1.42,6.62,0.0
20231227:0011,0.0,0.0,0.0,0.0,1.38,6.0,0.0
20231227:0111,0.0,0.0,0.0,0.0,1.25,5.52,0.0
20231227:0211,0.0,0.0,0.0,0.0,1.14,5.24,0.0
20231227:0311,0.0,0.0,0.0,0.0,0.89,5.1,0.0
20231227:0411,0.0,0.0,0.0,0.0,0.63,4.97,0.0
20231227:0511,0.0,0.0,0.0,0.0,0.21,4.76,0.0
20231227:0611,0.0,0.0,0.0,0.0,-0.64,4.21,0.0
20231227:0711,0.0,0.0,0.0,0.0,-1.09,2.76,0.0
20231227:0811,0.0,0.0,0.0,0.0,-1.69,2.34,0.0
20231227:0911,0.0,7.0,0.0,2.43,-1.96,2.76,0.0
20231227:1011,7.0,40.0,0.0,5.9,-1.81,3.17,0.0
20231227:1111,5.0,51.0,0.0,7.65,-1.04,3.52,0.0
20231227:1211,0.0,31.0,0.0,7.54,0.4,4.48,0.0
20231227:1311,1.0,26.8,0.0,5.59,1.41,5.79,0.0
20231227:1411,0.0,1.0,0.0,1.93,1.66,6.62,0.0
20231227:1511,0.0,0.0,0.0,0.0,1.59,7.38,0.0
20231227:1611,0.0,0.0,0.0,0.0,1.55,8.28,0.0
20231227:1711,0.0,0.0,0.0,0.0,1.61,9.24,0.0
20231227:1811,0.0,0.0,0.0,0.0,1.55,10.07,0.0
20231227:1911,0.0,0.0,0.0,0.0,0.94,10.83,0.0
20231227:2011,0.0,0.0,0.0,0.0,0.76,12.14,0.0
20231227:2111,0.0,0.0,0.0,0.0,0.64,13.66,0.0
20231227:2211,0.0,0.0,0.0,0.0,0.32,14.83,0.0
20231227:2311,0.0,0.0,0.0,0.0,0.47,14.9,0.0
20231228:0011,0.0,0.0,0.0,0.0,0.71,14.14,0.0
20231228:0111,0.0,0.0,0.0,0.0,0.95,13.52,0.0
20231228:0211,0.0,0.0,0.0,0.0,1.33,12.41,0.0
20231228:0311,0.0,0.0,0.0,0.0,1.42,10.76,0.0
20231228:0411,0.0,0.0,0.0,0.0,1.25,9.66,0.0
20231228:0511,0.0,0.0,0.0,0.0,1.07,9.03,0.0
20231228:0611,0.0,0.0,0.0,0.0,0.78,8.55,0.0
20231228:0711,0.0,0.0,0.0,0.0,0.88,7.79,0.0
20231228:0811,0.0,0.0,0.0,0.0,1.07,6.83,0.0
20231228:0911,0.0,2.0,0.0,2.44,1.55,6.21,0.0
20231228:1011,0.0,15.0,0.0,5.93,2.02,5.66,0.0
20231228:1111,2.0,43.0,0.0,7.69,2.9,5.31,0.0
20231228:1211,0.0,9.0,0.0,7.6,3.56,5.03,0.0
20231228:1311,0.0,6.0,0.0,5.65,3.8,4.9,0.0
20231228:1411,0.0,1.0,0.0,2.01,4.18,4.97,0.0
20231228:1511,0.0,0.0,0.0,0.0,4.44,5.24,0.0
20231228:1611,0.0,0.0,0.0,0.0,4.57,5.59,0.0
20231228:1711,0.0,0.0,0.0,0.0,4.76,5.86,0.0
20231228:1811,0.0,0.0,0.0,0.0,4.52,5.72,0.0
20231228:1911,0.0,0.0,0.0,0.0,3.84,5.72,0.0
20231228:2011,0.0,0.0,0.0,0.0,3.8,5.52,0.0
20231228:2111,0.0,0.0,0.0,0.0,4.05,4.97,0.0
20231228:2211,0.0,0.0,0.0,0.0,4.01,4.97,0.0
20231228:2311,0.0,0.0,0.0,0.0,4.33,5.59,0.0
20231229:0011,0.0,0.0,0.0,0.0,4.55,5.93,0.0
20231229:0111,0.0,0.0,0.0,0.0,4.56,5.86,0.0
20231229:0211,0.0,0.0,0.0,0.0,4.94,5.17,0.0
20231229:0311,0.0,0.0,0.0,0.0,4.36,4.55,0.0
20231229:0411,0.0,0.0,0.0,0.0,4.32,4.07,0.0
20231229:0511,0.0,0.0,0.0,0.0,4.19,3.72,0.0
20231229:0611,0.0,0.0,0.0,0.0,4.02,3.59,0.0
20231229:0711,0.0,0.0,0.0,0.0,4.45,2.62,0.0
20231229:0811,0.0,0.0,0.0,0.0,3.91,2.48,0.0
20231229:0911,0.0,10.0,0.0,2.46,3.77,2.48,0.0
20231229:1011,0.0,11.0,0.0,5.96,3.79,2.55,0.0
20231229:1111,42.01,50.0,0.0,7.74,4.39,2.55,0.0
20231229:1211,59.01,42.0,0.0,7.66,4.36,2.69,0.0
20231229:1311,3.0,33.28,0.0,5.73,4.42,2.9,0.0
20231229:1411,0.0,9.0,0.0,2.09,4.2,3.38,0.0
20231229:1511,0.0,0.0,0.0,0.0,3.7,3.66,0.0
20231229:1611,0.0,0.0,0.0,0.0,3.09,3.59,0.0
20231229:1711,0.0,0.0,0.0,0.0,2.88,3.72,0.0
20231229:1811,0.0,0.0,0.0,0.0,2.93,3.86,0.0
20231229:1911,0.0,0.0,0.0,0.0,3.36,4.0,0.0
20231229:2011,0.0,0.0,0.0,0.0,3.19,4.14,0.0
20231229:2111,0.0,0.0,0.0,0.0,3.42,4.21,0.0
20231229:2211,0.0,0.0,0.0,0.0,3.36,4.62,0.0
20231229:2311,0.0,0.0,0.0,0.0,3.11,4.69,0.0
20231230:0011,0.0,0.0,0.0,0.0,2.9,4.76,0.0
20231230:0111,0.0,0.0,0.0,0.0,3.03,4.76,0.0
20231230:0211,0.0,0.0,0.0,0.0,3.28,4.41,0.0
20231230:0311,0.0,0.0,0.0,0.0,3.31,3.93,0.0
20231230:0411,0.0,0.0,0.0,0.0,3.25,3.72,0.0
20231230:0511,0.0,0.0,0.0,0.0,3.05,4.0,0.0
20231230:0611,0.0,0.0,0.0,0.0,2.82,4.14,0.0
20231230:0711,0.0,0.0,0.0,0.0,2.7,4.41,0.0
20231230:0811,0.0,0.0,0.0,0.0,2.34,3.86,0.0
20231230:0911,0.0,13.0,0.0,2.48,1.91,3.31,0.0
20231230:1011,47.01,31.0,0.0,6.0,1.68,2.69,0.0
20231230:1111,70.01,39.0,0.0,7.79,1.86,1.93,0.0
20231230:1211,45.01,49.0,0.0,7.73,2.05,0.9,0.0
20231230:1311,40.01,31.0,0.0,5.81,1.84,0.48,0.0
20231230:1411,0.0,9.0,0.0,2.19,2.03,1.59,0.0
20231230:1511,0.0,0.0,0.0,0.0,1.89,2.0,0.0
20231230:1611,0.0,0.0,0.0,0.0,1.56,2.62,0.0
20231230:1711,0.0,0.0,0.0,0.0,1.82,2.9,0.0
20231230:1811,0.0,0.0,0.0,0.0,1.68,3.38,0.0
20231230:1911,0.0,0.0,0.0,0.0,1.26,4.41,0.0
20231230:2011,0.0,0.0,0.0,0.0,1.24,5.1,0.0
20231230:2111,0.0,0.0,0.0,0.0,1.21,5.66,0.0
20231230:2211,0.0,0.0,0.0,0.0,1.01,6.07,0.0
20231230:2311,0.0,0.0,0.0,0.0,0.87,6.07,0.0
20231231:0011,0.0,0.0,0.0,0.0,0.78,6.97,0.0
20231231:0111,0.0,0.0,0.0,0.0,0.86,7.79,0.0
20231231:0211,0.0,0.0,0.0,0.0,1.03,8.14,0.0
20231231:0311,0.0,0.0,0.0,0.0,1.08,8.69,0.0
20231231:0411,0.0,0.0,0.0,0.0,1.14,9.24,0.0
20231231:0511,0.0,0.0,0.0,0.0,1.21,9.86,0.0
20231231:0611,0.0,0.0,0.0,0.0,1.57,10.41,0.0
20231231:0711,0.0,0.0,0.0,0.0,2.23,10.07,0.0
20231231:0811,0.0,0.0,0.0,0.0,2.3,10.48,0.0
20231231:0911,0.0,2.0,0.0,2.52,2.39,10.41,0.0
20231231:1011,0.0,9.0,0.0,6.04,2.53,10.41,0.0
20231231:1111,0.0,33.0,0.0,7.85,2.74,10.48,0.0
20231231:1211,0.0,22.0,0.0,7.8,2.81,10.41,0.0
20231231:1311,0.0,11.0,0.0,5.9,2.85,10.21,0.0
20231231:1411,0.0,2.0,0.0,2.28,2.75,10.28,0.0
20231231:1511,0.0,0.0,0.0,0.0,2.52,10.28,0.0
20231231:1611,0.0,0.0,0.0,0.0,2.18,10.41,0.0
20231231:1711,0.0,0.0,0.0,0.0,1.87,10.34,0.0
20231231:1811,0.0,0.0,0.0,0.0,1.63,10.21,0.0
20231231:1911,0.0,0.0,0.0,0.0,1.59,10.21,0.0
20231231:2011,0.0,0.0,0.0,0.0,1.36,10.76,0.0
20231231:2111,0.0,0.0,0.0,0.0,1.15,10.83,0.0
20231231:2211,0.0,0.0,0.0,0.0,0.98,10.9,0.0
20231231:2311,0.0,0.0,0.0,0.0,0.73,10.83,0.0

Gb(i): Beam (direct) irradiance on the inclined plane (plane of the array) (W/m2)
Gd(i): Diffuse irradiance on the inclined plane (plane of the array) (W/m2)
Gr(i): Reflected irradiance on the inclined plane (plane of the array) (W/m2)
H_sun: Sun height (degree)
T2m: 2-m air temperature (degree Celsius)
WS10m: 10-m total wind speed (m/s)
Int: 1 means solar radiation values are reconstructed



PVGIS (c) European Union, 2001-2026